dataset,workload,fixture,mode,variant,phase,median_ms,median_pct,rsd_pct
color-bgr,baseline-420,speed_bench_hv_subsampling.jpg,packed-bgra,zune-scalar,checkpoint,0.000000,0.0000,0.0000
color-bgr,baseline-420,speed_bench_hv_subsampling.jpg,packed-bgra,zune-scalar,coefficient_clear_dispatch,8.632751,11.3641,52.4960
color-bgr,baseline-420,speed_bench_hv_subsampling.jpg,packed-bgra,zune-scalar,coefficient_dequant,3.848529,5.0599,69.4868
color-bgr,baseline-420,speed_bench_hv_subsampling.jpg,packed-bgra,zune-scalar,huffman_entropy,21.941406,28.9764,12.6919
color-bgr,baseline-420,speed_bench_hv_subsampling.jpg,packed-bgra,zune-scalar,idct_1x1,3.837050,5.0629,61.2395
color-bgr,baseline-420,speed_bench_hv_subsampling.jpg,packed-bgra,zune-scalar,idct_4x4,10.831965,14.1211,5.3174
color-bgr,baseline-420,speed_bench_hv_subsampling.jpg,packed-bgra,zune-scalar,idct_8x8,1.965814,2.5871,7.6981
color-bgr,baseline-420,speed_bench_hv_subsampling.jpg,packed-bgra,zune-scalar,packed_conversion,17.751191,23.4474,6.0882
color-bgr,baseline-420,speed_bench_hv_subsampling.jpg,packed-bgra,zune-scalar,post_output_copy,0.759356,0.9905,4.7178
color-bgr,baseline-420,speed_bench_hv_subsampling.jpg,packed-bgra,zune-scalar,raw_plane_copy,0.000000,0.0000,0.0000
color-bgr,baseline-420,speed_bench_hv_subsampling.jpg,packed-bgra,zune-scalar,session_orchestration,0.568607,0.7456,1.9809
color-bgr,baseline-420,speed_bench_hv_subsampling.jpg,packed-bgra,zune-scalar,upsampling,5.331424,7.0096,5.7740
color-bgr,baseline-420,speed_bench_hv_subsampling.jpg,packed-bgra,zune-simd,checkpoint,0.000000,0.0000,0.0000
color-bgr,baseline-420,speed_bench_hv_subsampling.jpg,packed-bgra,zune-simd,coefficient_clear_dispatch,8.051838,10.6312,22.0017
color-bgr,baseline-420,speed_bench_hv_subsampling.jpg,packed-bgra,zune-simd,coefficient_dequant,3.876697,5.1168,35.5853
color-bgr,baseline-420,speed_bench_hv_subsampling.jpg,packed-bgra,zune-simd,huffman_entropy,22.005181,29.0481,4.2039
color-bgr,baseline-420,speed_bench_hv_subsampling.jpg,packed-bgra,zune-simd,idct_1x1,3.824351,5.0417,1.3727
color-bgr,baseline-420,speed_bench_hv_subsampling.jpg,packed-bgra,zune-simd,idct_4x4,10.923164,14.3912,3.0638
color-bgr,baseline-420,speed_bench_hv_subsampling.jpg,packed-bgra,zune-simd,idct_8x8,1.984852,2.6072,1.8165
color-bgr,baseline-420,speed_bench_hv_subsampling.jpg,packed-bgra,zune-simd,packed_conversion,17.765456,23.4235,0.9718
color-bgr,baseline-420,speed_bench_hv_subsampling.jpg,packed-bgra,zune-simd,post_output_copy,0.755384,0.9957,1.2884
color-bgr,baseline-420,speed_bench_hv_subsampling.jpg,packed-bgra,zune-simd,raw_plane_copy,0.000000,0.0000,0.0000
color-bgr,baseline-420,speed_bench_hv_subsampling.jpg,packed-bgra,zune-simd,session_orchestration,0.564730,0.7446,2.2668
color-bgr,baseline-420,speed_bench_hv_subsampling.jpg,packed-bgra,zune-simd,upsampling,5.333273,7.0231,1.0844
color-rgb,baseline-420,speed_bench_hv_subsampling.jpg,packed-bgra,zune-scalar,checkpoint,0.000000,0.0000,0.0000
color-rgb,baseline-420,speed_bench_hv_subsampling.jpg,packed-bgra,zune-scalar,coefficient_clear_dispatch,10.352405,13.4128,46.5291
color-rgb,baseline-420,speed_bench_hv_subsampling.jpg,packed-bgra,zune-scalar,coefficient_dequant,3.950440,5.1287,68.2844
color-rgb,baseline-420,speed_bench_hv_subsampling.jpg,packed-bgra,zune-scalar,huffman_entropy,21.147630,27.4857,3.7641
color-rgb,baseline-420,speed_bench_hv_subsampling.jpg,packed-bgra,zune-scalar,idct_1x1,3.820158,4.9658,26.7945
color-rgb,baseline-420,speed_bench_hv_subsampling.jpg,packed-bgra,zune-scalar,idct_4x4,10.301189,13.3656,7.1678
color-rgb,baseline-420,speed_bench_hv_subsampling.jpg,packed-bgra,zune-scalar,idct_8x8,1.995730,2.5928,5.1353
color-rgb,baseline-420,speed_bench_hv_subsampling.jpg,packed-bgra,zune-scalar,packed_conversion,18.653206,24.2186,1.0009
color-rgb,baseline-420,speed_bench_hv_subsampling.jpg,packed-bgra,zune-scalar,post_output_copy,0.736968,0.9584,1.7718
color-rgb,baseline-420,speed_bench_hv_subsampling.jpg,packed-bgra,zune-scalar,raw_plane_copy,0.000000,0.0000,0.0000
color-rgb,baseline-420,speed_bench_hv_subsampling.jpg,packed-bgra,zune-scalar,session_orchestration,0.561935,0.7310,2.0959
color-rgb,baseline-420,speed_bench_hv_subsampling.jpg,packed-bgra,zune-scalar,upsampling,5.321898,6.8759,1.3420
color-rgb,baseline-420,speed_bench_hv_subsampling.jpg,packed-bgra,zune-simd,checkpoint,0.000000,0.0000,0.0000
color-rgb,baseline-420,speed_bench_hv_subsampling.jpg,packed-bgra,zune-simd,coefficient_clear_dispatch,10.377022,12.7895,46.0304
color-rgb,baseline-420,speed_bench_hv_subsampling.jpg,packed-bgra,zune-simd,coefficient_dequant,3.916435,5.0307,57.0059
color-rgb,baseline-420,speed_bench_hv_subsampling.jpg,packed-bgra,zune-simd,huffman_entropy,21.352884,27.7966,13.4411
color-rgb,baseline-420,speed_bench_hv_subsampling.jpg,packed-bgra,zune-simd,idct_1x1,3.814404,4.9437,22.7379
color-rgb,baseline-420,speed_bench_hv_subsampling.jpg,packed-bgra,zune-simd,idct_4x4,10.293907,13.3304,7.8521
color-rgb,baseline-420,speed_bench_hv_subsampling.jpg,packed-bgra,zune-simd,idct_8x8,1.987685,2.5621,6.2804
color-rgb,baseline-420,speed_bench_hv_subsampling.jpg,packed-bgra,zune-simd,packed_conversion,18.656324,24.2370,5.2368
color-rgb,baseline-420,speed_bench_hv_subsampling.jpg,packed-bgra,zune-simd,post_output_copy,0.750053,0.9733,3.2381
color-rgb,baseline-420,speed_bench_hv_subsampling.jpg,packed-bgra,zune-simd,raw_plane_copy,0.000000,0.0000,0.0000
color-rgb,baseline-420,speed_bench_hv_subsampling.jpg,packed-bgra,zune-simd,session_orchestration,0.563177,0.7329,9.6300
color-rgb,baseline-420,speed_bench_hv_subsampling.jpg,packed-bgra,zune-simd,upsampling,5.313360,6.8827,6.4235
color-rgba,baseline-420,speed_bench_hv_subsampling.jpg,packed-bgra,zune-scalar,checkpoint,0.000000,0.0000,0.0000
color-rgba,baseline-420,speed_bench_hv_subsampling.jpg,packed-bgra,zune-scalar,coefficient_clear_dispatch,8.313079,10.4581,34.7192
color-rgba,baseline-420,speed_bench_hv_subsampling.jpg,packed-bgra,zune-scalar,coefficient_dequant,3.858474,4.9707,52.4113
color-rgba,baseline-420,speed_bench_hv_subsampling.jpg,packed-bgra,zune-scalar,huffman_entropy,21.947610,28.7203,11.6714
color-rgba,baseline-420,speed_bench_hv_subsampling.jpg,packed-bgra,zune-scalar,idct_1x1,3.826539,5.0135,7.2546
color-rgba,baseline-420,speed_bench_hv_subsampling.jpg,packed-bgra,zune-scalar,idct_4x4,10.544721,13.4445,8.2280
color-rgba,baseline-420,speed_bench_hv_subsampling.jpg,packed-bgra,zune-scalar,idct_8x8,1.973966,2.5702,5.8043
color-rgba,baseline-420,speed_bench_hv_subsampling.jpg,packed-bgra,zune-scalar,packed_conversion,18.807349,24.6632,5.4284
color-rgba,baseline-420,speed_bench_hv_subsampling.jpg,packed-bgra,zune-scalar,post_output_copy,0.757897,0.9896,6.0917
color-rgba,baseline-420,speed_bench_hv_subsampling.jpg,packed-bgra,zune-scalar,raw_plane_copy,0.000000,0.0000,0.0000
color-rgba,baseline-420,speed_bench_hv_subsampling.jpg,packed-bgra,zune-scalar,session_orchestration,0.577262,0.7548,5.2888
color-rgba,baseline-420,speed_bench_hv_subsampling.jpg,packed-bgra,zune-scalar,upsampling,5.413331,7.0775,6.0587
color-rgba,baseline-420,speed_bench_hv_subsampling.jpg,packed-bgra,zune-simd,checkpoint,0.000000,0.0000,0.0000
color-rgba,baseline-420,speed_bench_hv_subsampling.jpg,packed-bgra,zune-simd,coefficient_clear_dispatch,8.016987,10.4951,38.5913
color-rgba,baseline-420,speed_bench_hv_subsampling.jpg,packed-bgra,zune-simd,coefficient_dequant,3.832620,5.0521,47.3988
color-rgba,baseline-420,speed_bench_hv_subsampling.jpg,packed-bgra,zune-simd,huffman_entropy,21.830375,28.7655,6.5773
color-rgba,baseline-420,speed_bench_hv_subsampling.jpg,packed-bgra,zune-simd,idct_1x1,3.812449,5.0147,0.5913
color-rgba,baseline-420,speed_bench_hv_subsampling.jpg,packed-bgra,zune-simd,idct_4x4,10.513195,13.8341,12.7916
color-rgba,baseline-420,speed_bench_hv_subsampling.jpg,packed-bgra,zune-simd,idct_8x8,1.965354,2.5702,7.0501
color-rgba,baseline-420,speed_bench_hv_subsampling.jpg,packed-bgra,zune-simd,packed_conversion,18.770451,24.5984,1.2433
color-rgba,baseline-420,speed_bench_hv_subsampling.jpg,packed-bgra,zune-simd,post_output_copy,0.745271,0.9800,1.9483
color-rgba,baseline-420,speed_bench_hv_subsampling.jpg,packed-bgra,zune-simd,raw_plane_copy,0.000000,0.0000,0.0000
color-rgba,baseline-420,speed_bench_hv_subsampling.jpg,packed-bgra,zune-simd,session_orchestration,0.573855,0.7525,2.0023
color-rgba,baseline-420,speed_bench_hv_subsampling.jpg,packed-bgra,zune-simd,upsampling,5.331756,7.0283,3.1759
grayscale-packed-bgra,baseline-gray,zune-profile-baseline-gray-7680x4320.jpg,packed-bgra,zune-scalar,checkpoint,0.000000,0.0000,0.0000
grayscale-packed-bgra,baseline-gray,zune-profile-baseline-gray-7680x4320.jpg,packed-bgra,zune-scalar,coefficient_clear_dispatch,3.115367,6.6244,75.4892
grayscale-packed-bgra,baseline-gray,zune-profile-baseline-gray-7680x4320.jpg,packed-bgra,zune-scalar,coefficient_dequant,3.099014,6.6593,55.4332
grayscale-packed-bgra,baseline-gray,zune-profile-baseline-gray-7680x4320.jpg,packed-bgra,zune-scalar,huffman_entropy,19.326309,41.5049,7.9596
grayscale-packed-bgra,baseline-gray,zune-profile-baseline-gray-7680x4320.jpg,packed-bgra,zune-scalar,idct_1x1,1.541773,3.3104,3.8828
grayscale-packed-bgra,baseline-gray,zune-profile-baseline-gray-7680x4320.jpg,packed-bgra,zune-scalar,idct_4x4,12.622995,27.1270,9.0707
grayscale-packed-bgra,baseline-gray,zune-profile-baseline-gray-7680x4320.jpg,packed-bgra,zune-scalar,idct_8x8,1.890520,4.0591,64.6308
grayscale-packed-bgra,baseline-gray,zune-profile-baseline-gray-7680x4320.jpg,packed-bgra,zune-scalar,packed_conversion,1.650434,3.5712,2.6785
grayscale-packed-bgra,baseline-gray,zune-profile-baseline-gray-7680x4320.jpg,packed-bgra,zune-scalar,post_output_copy,0.136060,0.2929,1.7651
grayscale-packed-bgra,baseline-gray,zune-profile-baseline-gray-7680x4320.jpg,packed-bgra,zune-scalar,raw_plane_copy,0.000000,0.0000,0.0000
grayscale-packed-bgra,baseline-gray,zune-profile-baseline-gray-7680x4320.jpg,packed-bgra,zune-scalar,session_orchestration,1.599056,3.4584,4.6140
grayscale-packed-bgra,baseline-gray,zune-profile-baseline-gray-7680x4320.jpg,packed-bgra,zune-scalar,upsampling,0.000000,0.0000,0.0000
grayscale-packed-bgra,baseline-gray,zune-profile-baseline-gray-7680x4320.jpg,packed-bgra,zune-simd,checkpoint,0.000000,0.0000,0.0000
grayscale-packed-bgra,baseline-gray,zune-profile-baseline-gray-7680x4320.jpg,packed-bgra,zune-simd,coefficient_clear_dispatch,4.556715,9.8210,47.1630
grayscale-packed-bgra,baseline-gray,zune-profile-baseline-gray-7680x4320.jpg,packed-bgra,zune-simd,coefficient_dequant,3.137411,6.6942,63.5425
grayscale-packed-bgra,baseline-gray,zune-profile-baseline-gray-7680x4320.jpg,packed-bgra,zune-simd,huffman_entropy,19.160991,41.3874,20.3325
grayscale-packed-bgra,baseline-gray,zune-profile-baseline-gray-7680x4320.jpg,packed-bgra,zune-simd,idct_1x1,1.535910,3.3073,8.9260
grayscale-packed-bgra,baseline-gray,zune-profile-baseline-gray-7680x4320.jpg,packed-bgra,zune-simd,idct_4x4,12.612279,27.2414,5.9495
grayscale-packed-bgra,baseline-gray,zune-profile-baseline-gray-7680x4320.jpg,packed-bgra,zune-simd,idct_8x8,1.882491,4.0591,12.2348
grayscale-packed-bgra,baseline-gray,zune-profile-baseline-gray-7680x4320.jpg,packed-bgra,zune-simd,packed_conversion,1.646166,3.5516,22.3513
grayscale-packed-bgra,baseline-gray,zune-profile-baseline-gray-7680x4320.jpg,packed-bgra,zune-simd,post_output_copy,0.134825,0.2897,12.7838
grayscale-packed-bgra,baseline-gray,zune-profile-baseline-gray-7680x4320.jpg,packed-bgra,zune-simd,raw_plane_copy,0.000000,0.0000,0.0000
grayscale-packed-bgra,baseline-gray,zune-profile-baseline-gray-7680x4320.jpg,packed-bgra,zune-simd,session_orchestration,1.551237,3.2875,3.0178
grayscale-packed-bgra,baseline-gray,zune-profile-baseline-gray-7680x4320.jpg,packed-bgra,zune-simd,upsampling,0.000000,0.0000,0.0000
grayscale-raw,baseline-gray,zune-profile-baseline-gray-7680x4320.jpg,raw,zune-scalar,checkpoint,0.018357,0.0395,1.6964
grayscale-raw,baseline-gray,zune-profile-baseline-gray-7680x4320.jpg,raw,zune-scalar,coefficient_clear_dispatch,4.824214,10.3176,26.3804
grayscale-raw,baseline-gray,zune-profile-baseline-gray-7680x4320.jpg,raw,zune-scalar,coefficient_dequant,2.987777,6.4416,22.9461
grayscale-raw,baseline-gray,zune-profile-baseline-gray-7680x4320.jpg,raw,zune-scalar,huffman_entropy,19.243112,41.4921,1.3644
grayscale-raw,baseline-gray,zune-profile-baseline-gray-7680x4320.jpg,raw,zune-scalar,idct_1x1,1.525673,3.2798,49.9790
grayscale-raw,baseline-gray,zune-profile-baseline-gray-7680x4320.jpg,raw,zune-scalar,idct_4x4,11.100684,23.9806,1.7038
grayscale-raw,baseline-gray,zune-profile-baseline-gray-7680x4320.jpg,raw,zune-scalar,idct_8x8,1.964050,4.2383,1.2400
grayscale-raw,baseline-gray,zune-profile-baseline-gray-7680x4320.jpg,raw,zune-scalar,packed_conversion,0.000000,0.0000,0.0000
grayscale-raw,baseline-gray,zune-profile-baseline-gray-7680x4320.jpg,raw,zune-scalar,post_output_copy,0.000000,0.0000,0.0000
grayscale-raw,baseline-gray,zune-profile-baseline-gray-7680x4320.jpg,raw,zune-scalar,raw_plane_copy,1.442860,3.1085,1.9124
grayscale-raw,baseline-gray,zune-profile-baseline-gray-7680x4320.jpg,raw,zune-scalar,session_orchestration,3.318928,7.1349,3.2420
grayscale-raw,baseline-gray,zune-profile-baseline-gray-7680x4320.jpg,raw,zune-scalar,upsampling,0.000000,0.0000,0.0000
grayscale-raw,baseline-gray,zune-profile-baseline-gray-7680x4320.jpg,raw,zune-simd,checkpoint,0.018241,0.0394,17.0368
grayscale-raw,baseline-gray,zune-profile-baseline-gray-7680x4320.jpg,raw,zune-simd,coefficient_clear_dispatch,4.645857,10.0290,53.0907
grayscale-raw,baseline-gray,zune-profile-baseline-gray-7680x4320.jpg,raw,zune-simd,coefficient_dequant,3.046604,6.5165,66.5799
grayscale-raw,baseline-gray,zune-profile-baseline-gray-7680x4320.jpg,raw,zune-simd,huffman_entropy,19.241873,41.5145,16.6648
grayscale-raw,baseline-gray,zune-profile-baseline-gray-7680x4320.jpg,raw,zune-simd,idct_1x1,1.532661,3.2716,8.3604
grayscale-raw,baseline-gray,zune-profile-baseline-gray-7680x4320.jpg,raw,zune-simd,idct_4x4,11.097325,23.8685,5.8300
grayscale-raw,baseline-gray,zune-profile-baseline-gray-7680x4320.jpg,raw,zune-simd,idct_8x8,1.946583,4.1838,9.2853
grayscale-raw,baseline-gray,zune-profile-baseline-gray-7680x4320.jpg,raw,zune-simd,packed_conversion,0.000000,0.0000,0.0000
grayscale-raw,baseline-gray,zune-profile-baseline-gray-7680x4320.jpg,raw,zune-simd,post_output_copy,0.000000,0.0000,0.0000
grayscale-raw,baseline-gray,zune-profile-baseline-gray-7680x4320.jpg,raw,zune-simd,raw_plane_copy,1.443839,3.1112,24.5401
grayscale-raw,baseline-gray,zune-profile-baseline-gray-7680x4320.jpg,raw,zune-simd,session_orchestration,3.319938,7.1609,14.2405
grayscale-raw,baseline-gray,zune-profile-baseline-gray-7680x4320.jpg,raw,zune-simd,upsampling,0.000000,0.0000,0.0000
grayscale-scanlines-bgra,baseline-gray,zune-profile-baseline-gray-7680x4320.jpg,scanlines-bgra,zune-scalar,checkpoint,0.017883,0.0384,19.4928
grayscale-scanlines-bgra,baseline-gray,zune-profile-baseline-gray-7680x4320.jpg,scanlines-bgra,zune-scalar,coefficient_clear_dispatch,4.799534,10.2877,33.4349
grayscale-scanlines-bgra,baseline-gray,zune-profile-baseline-gray-7680x4320.jpg,scanlines-bgra,zune-scalar,coefficient_dequant,2.844560,6.1771,22.4046
grayscale-scanlines-bgra,baseline-gray,zune-profile-baseline-gray-7680x4320.jpg,scanlines-bgra,zune-scalar,huffman_entropy,19.194265,41.3963,1.0926
grayscale-scanlines-bgra,baseline-gray,zune-profile-baseline-gray-7680x4320.jpg,scanlines-bgra,zune-scalar,idct_1x1,1.528192,3.3107,0.8520
grayscale-scanlines-bgra,baseline-gray,zune-profile-baseline-gray-7680x4320.jpg,scanlines-bgra,zune-scalar,idct_4x4,11.075345,23.7509,11.2857
grayscale-scanlines-bgra,baseline-gray,zune-profile-baseline-gray-7680x4320.jpg,scanlines-bgra,zune-scalar,idct_8x8,1.934190,4.1659,1.1803
grayscale-scanlines-bgra,baseline-gray,zune-profile-baseline-gray-7680x4320.jpg,scanlines-bgra,zune-scalar,packed_conversion,1.467431,3.1866,2.0990
grayscale-scanlines-bgra,baseline-gray,zune-profile-baseline-gray-7680x4320.jpg,scanlines-bgra,zune-scalar,post_output_copy,0.134385,0.2881,3.6092
grayscale-scanlines-bgra,baseline-gray,zune-profile-baseline-gray-7680x4320.jpg,scanlines-bgra,zune-scalar,raw_plane_copy,0.000000,0.0000,0.0000
grayscale-scanlines-bgra,baseline-gray,zune-profile-baseline-gray-7680x4320.jpg,scanlines-bgra,zune-scalar,session_orchestration,3.374741,7.2817,0.9715
grayscale-scanlines-bgra,baseline-gray,zune-profile-baseline-gray-7680x4320.jpg,scanlines-bgra,zune-scalar,upsampling,0.000000,0.0000,0.0000
grayscale-scanlines-bgra,baseline-gray,zune-profile-baseline-gray-7680x4320.jpg,scanlines-bgra,zune-simd,checkpoint,0.018334,0.0392,4.5856
grayscale-scanlines-bgra,baseline-gray,zune-profile-baseline-gray-7680x4320.jpg,scanlines-bgra,zune-simd,coefficient_clear_dispatch,4.711658,10.2295,52.2800
grayscale-scanlines-bgra,baseline-gray,zune-profile-baseline-gray-7680x4320.jpg,scanlines-bgra,zune-simd,coefficient_dequant,2.895887,6.2658,59.4987
grayscale-scanlines-bgra,baseline-gray,zune-profile-baseline-gray-7680x4320.jpg,scanlines-bgra,zune-simd,huffman_entropy,19.282777,41.3196,7.1023
grayscale-scanlines-bgra,baseline-gray,zune-profile-baseline-gray-7680x4320.jpg,scanlines-bgra,zune-simd,idct_1x1,1.546744,3.3340,4.7124
grayscale-scanlines-bgra,baseline-gray,zune-profile-baseline-gray-7680x4320.jpg,scanlines-bgra,zune-simd,idct_4x4,10.947248,23.5165,2.9135
grayscale-scanlines-bgra,baseline-gray,zune-profile-baseline-gray-7680x4320.jpg,scanlines-bgra,zune-simd,idct_8x8,1.917548,4.1347,5.1373
grayscale-scanlines-bgra,baseline-gray,zune-profile-baseline-gray-7680x4320.jpg,scanlines-bgra,zune-simd,packed_conversion,1.473684,3.1577,4.5405
grayscale-scanlines-bgra,baseline-gray,zune-profile-baseline-gray-7680x4320.jpg,scanlines-bgra,zune-simd,post_output_copy,0.134551,0.2903,5.6524
grayscale-scanlines-bgra,baseline-gray,zune-profile-baseline-gray-7680x4320.jpg,scanlines-bgra,zune-simd,raw_plane_copy,0.000000,0.0000,0.0000
grayscale-scanlines-bgra,baseline-gray,zune-profile-baseline-gray-7680x4320.jpg,scanlines-bgra,zune-simd,session_orchestration,3.416616,7.3195,2.8903
grayscale-scanlines-bgra,baseline-gray,zune-profile-baseline-gray-7680x4320.jpg,scanlines-bgra,zune-simd,upsampling,0.000000,0.0000,0.0000
main,baseline-420,speed_bench_hv_subsampling.jpg,incremental-bgra,zune-scalar,checkpoint,0.013533,0.0178,4.8290
main,baseline-420,speed_bench_hv_subsampling.jpg,incremental-bgra,zune-scalar,coefficient_clear_dispatch,6.988617,9.1727,27.1199
main,baseline-420,speed_bench_hv_subsampling.jpg,incremental-bgra,zune-scalar,coefficient_dequant,4.485923,5.8720,25.6036
main,baseline-420,speed_bench_hv_subsampling.jpg,incremental-bgra,zune-scalar,huffman_entropy,20.821155,27.3471,7.0467
main,baseline-420,speed_bench_hv_subsampling.jpg,incremental-bgra,zune-scalar,idct_1x1,3.858580,5.0612,0.6189
main,baseline-420,speed_bench_hv_subsampling.jpg,incremental-bgra,zune-scalar,idct_4x4,10.315228,13.5784,9.9716
main,baseline-420,speed_bench_hv_subsampling.jpg,incremental-bgra,zune-scalar,idct_8x8,1.963553,2.5775,0.8506
main,baseline-420,speed_bench_hv_subsampling.jpg,incremental-bgra,zune-scalar,packed_conversion,18.619234,24.4741,0.3946
main,baseline-420,speed_bench_hv_subsampling.jpg,incremental-bgra,zune-scalar,post_output_copy,0.739726,0.9703,1.6413
main,baseline-420,speed_bench_hv_subsampling.jpg,incremental-bgra,zune-scalar,raw_plane_copy,0.000000,0.0000,0.0000
main,baseline-420,speed_bench_hv_subsampling.jpg,incremental-bgra,zune-scalar,session_orchestration,0.176324,0.2322,3.7589
main,baseline-420,speed_bench_hv_subsampling.jpg,incremental-bgra,zune-scalar,upsampling,5.566689,7.3316,0.8487
main,baseline-420,speed_bench_hv_subsampling.jpg,incremental-bgra,zune-simd,checkpoint,0.013509,0.0178,1.6701
main,baseline-420,speed_bench_hv_subsampling.jpg,incremental-bgra,zune-simd,coefficient_clear_dispatch,8.897718,11.6706,55.5932
main,baseline-420,speed_bench_hv_subsampling.jpg,incremental-bgra,zune-simd,coefficient_dequant,4.516385,5.9445,63.9524
main,baseline-420,speed_bench_hv_subsampling.jpg,incremental-bgra,zune-simd,huffman_entropy,20.882823,27.4655,4.1902
main,baseline-420,speed_bench_hv_subsampling.jpg,incremental-bgra,zune-simd,idct_1x1,3.876648,5.0956,23.4847
main,baseline-420,speed_bench_hv_subsampling.jpg,incremental-bgra,zune-simd,idct_4x4,10.313973,13.5552,7.5485
main,baseline-420,speed_bench_hv_subsampling.jpg,incremental-bgra,zune-simd,idct_8x8,1.954372,2.5700,6.2125
main,baseline-420,speed_bench_hv_subsampling.jpg,incremental-bgra,zune-simd,packed_conversion,18.643476,24.5074,0.4915
main,baseline-420,speed_bench_hv_subsampling.jpg,incremental-bgra,zune-simd,post_output_copy,0.738293,0.9718,1.0102
main,baseline-420,speed_bench_hv_subsampling.jpg,incremental-bgra,zune-simd,raw_plane_copy,0.000000,0.0000,0.0000
main,baseline-420,speed_bench_hv_subsampling.jpg,incremental-bgra,zune-simd,session_orchestration,0.178674,0.2349,4.9055
main,baseline-420,speed_bench_hv_subsampling.jpg,incremental-bgra,zune-simd,upsampling,5.559377,7.3212,0.7000
main,baseline-420,speed_bench_hv_subsampling.jpg,packed-bgra,zune-scalar,checkpoint,0.000000,0.0000,0.0000
main,baseline-420,speed_bench_hv_subsampling.jpg,packed-bgra,zune-scalar,coefficient_clear_dispatch,9.180073,11.5778,34.6672
main,baseline-420,speed_bench_hv_subsampling.jpg,packed-bgra,zune-scalar,coefficient_dequant,3.822581,4.9095,26.6879
main,baseline-420,speed_bench_hv_subsampling.jpg,packed-bgra,zune-scalar,huffman_entropy,21.998005,28.5242,4.2684
main,baseline-420,speed_bench_hv_subsampling.jpg,packed-bgra,zune-scalar,idct_1x1,3.823331,4.9452,26.6461
main,baseline-420,speed_bench_hv_subsampling.jpg,packed-bgra,zune-scalar,idct_4x4,11.025152,14.3069,9.5630
main,baseline-420,speed_bench_hv_subsampling.jpg,packed-bgra,zune-scalar,idct_8x8,1.961853,2.5438,0.9319
main,baseline-420,speed_bench_hv_subsampling.jpg,packed-bgra,zune-scalar,packed_conversion,18.551861,24.1500,2.1183
main,baseline-420,speed_bench_hv_subsampling.jpg,packed-bgra,zune-scalar,post_output_copy,0.737501,0.9601,2.5001
main,baseline-420,speed_bench_hv_subsampling.jpg,packed-bgra,zune-scalar,raw_plane_copy,0.000000,0.0000,0.0000
main,baseline-420,speed_bench_hv_subsampling.jpg,packed-bgra,zune-scalar,session_orchestration,0.138973,0.1802,6.4818
main,baseline-420,speed_bench_hv_subsampling.jpg,packed-bgra,zune-scalar,upsampling,5.911286,7.6846,2.1873
main,baseline-420,speed_bench_hv_subsampling.jpg,packed-bgra,zune-simd,checkpoint,0.000000,0.0000,0.0000
main,baseline-420,speed_bench_hv_subsampling.jpg,packed-bgra,zune-simd,coefficient_clear_dispatch,6.697892,8.7088,51.0608
main,baseline-420,speed_bench_hv_subsampling.jpg,packed-bgra,zune-simd,coefficient_dequant,3.768156,4.8292,73.2911
main,baseline-420,speed_bench_hv_subsampling.jpg,packed-bgra,zune-simd,huffman_entropy,21.659586,28.1611,7.1961
main,baseline-420,speed_bench_hv_subsampling.jpg,packed-bgra,zune-simd,idct_1x1,3.805171,4.9486,25.0966
main,baseline-420,speed_bench_hv_subsampling.jpg,packed-bgra,zune-simd,idct_4x4,10.956883,14.2379,4.0218
main,baseline-420,speed_bench_hv_subsampling.jpg,packed-bgra,zune-simd,idct_8x8,1.965140,2.5555,37.1024
main,baseline-420,speed_bench_hv_subsampling.jpg,packed-bgra,zune-simd,packed_conversion,18.558613,24.1564,1.8879
main,baseline-420,speed_bench_hv_subsampling.jpg,packed-bgra,zune-simd,post_output_copy,0.747942,0.9737,6.0753
main,baseline-420,speed_bench_hv_subsampling.jpg,packed-bgra,zune-simd,raw_plane_copy,0.000000,0.0000,0.0000
main,baseline-420,speed_bench_hv_subsampling.jpg,packed-bgra,zune-simd,session_orchestration,0.135849,0.1766,7.5148
main,baseline-420,speed_bench_hv_subsampling.jpg,packed-bgra,zune-simd,upsampling,5.887650,7.6280,1.9696
main,baseline-420,speed_bench_hv_subsampling.jpg,raw,zune-scalar,checkpoint,0.011410,0.0205,1.5751
main,baseline-420,speed_bench_hv_subsampling.jpg,raw,zune-scalar,coefficient_clear_dispatch,9.970408,17.9524,20.2959
main,baseline-420,speed_bench_hv_subsampling.jpg,raw,zune-scalar,coefficient_dequant,3.749543,6.7465,18.9616
main,baseline-420,speed_bench_hv_subsampling.jpg,raw,zune-scalar,huffman_entropy,21.254748,38.2764,0.2631
main,baseline-420,speed_bench_hv_subsampling.jpg,raw,zune-scalar,idct_1x1,3.826210,6.8901,25.3872
main,baseline-420,speed_bench_hv_subsampling.jpg,raw,zune-scalar,idct_4x4,10.325662,18.5935,7.3494
main,baseline-420,speed_bench_hv_subsampling.jpg,raw,zune-scalar,idct_8x8,1.971711,3.5526,0.8134
main,baseline-420,speed_bench_hv_subsampling.jpg,raw,zune-scalar,packed_conversion,0.000000,0.0000,0.0000
main,baseline-420,speed_bench_hv_subsampling.jpg,raw,zune-scalar,post_output_copy,0.000000,0.0000,0.0000
main,baseline-420,speed_bench_hv_subsampling.jpg,raw,zune-scalar,raw_plane_copy,2.290258,4.1289,1.0885
main,baseline-420,speed_bench_hv_subsampling.jpg,raw,zune-scalar,session_orchestration,2.082642,3.7545,1.4401
main,baseline-420,speed_bench_hv_subsampling.jpg,raw,zune-scalar,upsampling,0.000000,0.0000,0.0000
main,baseline-420,speed_bench_hv_subsampling.jpg,raw,zune-simd,checkpoint,0.011461,0.0205,1.7904
main,baseline-420,speed_bench_hv_subsampling.jpg,raw,zune-simd,coefficient_clear_dispatch,7.631695,13.6280,51.8714
main,baseline-420,speed_bench_hv_subsampling.jpg,raw,zune-simd,coefficient_dequant,3.858998,6.9330,70.4202
main,baseline-420,speed_bench_hv_subsampling.jpg,raw,zune-simd,huffman_entropy,21.199476,38.1023,6.0174
main,baseline-420,speed_bench_hv_subsampling.jpg,raw,zune-simd,idct_1x1,3.841833,6.8975,5.6917
main,baseline-420,speed_bench_hv_subsampling.jpg,raw,zune-simd,idct_4x4,10.289138,18.4796,7.3360
main,baseline-420,speed_bench_hv_subsampling.jpg,raw,zune-simd,idct_8x8,1.965138,3.5353,5.5574
main,baseline-420,speed_bench_hv_subsampling.jpg,raw,zune-simd,packed_conversion,0.000000,0.0000,0.0000
main,baseline-420,speed_bench_hv_subsampling.jpg,raw,zune-simd,post_output_copy,0.000000,0.0000,0.0000
main,baseline-420,speed_bench_hv_subsampling.jpg,raw,zune-simd,raw_plane_copy,2.310250,4.1553,1.9072
main,baseline-420,speed_bench_hv_subsampling.jpg,raw,zune-simd,session_orchestration,2.110415,3.7898,1.4177
main,baseline-420,speed_bench_hv_subsampling.jpg,raw,zune-simd,upsampling,0.000000,0.0000,0.0000
main,baseline-420,speed_bench_hv_subsampling.jpg,scanlines-bgra,zune-scalar,checkpoint,0.013022,0.0181,3.1842
main,baseline-420,speed_bench_hv_subsampling.jpg,scanlines-bgra,zune-scalar,coefficient_clear_dispatch,9.423754,13.1193,73.7989
main,baseline-420,speed_bench_hv_subsampling.jpg,scanlines-bgra,zune-scalar,coefficient_dequant,3.781636,5.2805,66.2376
main,baseline-420,speed_bench_hv_subsampling.jpg,scanlines-bgra,zune-scalar,huffman_entropy,21.590741,29.9662,4.1041
main,baseline-420,speed_bench_hv_subsampling.jpg,scanlines-bgra,zune-scalar,idct_1x1,3.821060,5.3194,44.3413
main,baseline-420,speed_bench_hv_subsampling.jpg,scanlines-bgra,zune-scalar,idct_4x4,10.304438,14.3619,1.9913
main,baseline-420,speed_bench_hv_subsampling.jpg,scanlines-bgra,zune-scalar,idct_8x8,1.940436,2.7017,5.6240
main,baseline-420,speed_bench_hv_subsampling.jpg,scanlines-bgra,zune-scalar,packed_conversion,11.678617,16.2722,0.6683
main,baseline-420,speed_bench_hv_subsampling.jpg,scanlines-bgra,zune-scalar,post_output_copy,0.728063,1.0170,1.8193
main,baseline-420,speed_bench_hv_subsampling.jpg,scanlines-bgra,zune-scalar,raw_plane_copy,0.000000,0.0000,0.0000
main,baseline-420,speed_bench_hv_subsampling.jpg,scanlines-bgra,zune-scalar,session_orchestration,2.706345,3.7785,0.9947
main,baseline-420,speed_bench_hv_subsampling.jpg,scanlines-bgra,zune-scalar,upsampling,5.220821,7.2871,0.6302
main,baseline-420,speed_bench_hv_subsampling.jpg,scanlines-bgra,zune-simd,checkpoint,0.013285,0.0184,3.7359
main,baseline-420,speed_bench_hv_subsampling.jpg,scanlines-bgra,zune-simd,coefficient_clear_dispatch,6.709230,9.3681,55.5215
main,baseline-420,speed_bench_hv_subsampling.jpg,scanlines-bgra,zune-simd,coefficient_dequant,3.932036,5.4711,59.7894
main,baseline-420,speed_bench_hv_subsampling.jpg,scanlines-bgra,zune-simd,huffman_entropy,21.756848,30.2808,7.4805
main,baseline-420,speed_bench_hv_subsampling.jpg,scanlines-bgra,zune-simd,idct_1x1,3.816390,5.3271,5.2837
main,baseline-420,speed_bench_hv_subsampling.jpg,scanlines-bgra,zune-simd,idct_4x4,10.366032,14.4822,15.3300
main,baseline-420,speed_bench_hv_subsampling.jpg,scanlines-bgra,zune-simd,idct_8x8,1.951314,2.7217,5.8360
main,baseline-420,speed_bench_hv_subsampling.jpg,scanlines-bgra,zune-simd,packed_conversion,11.745160,16.3418,0.9417
main,baseline-420,speed_bench_hv_subsampling.jpg,scanlines-bgra,zune-simd,post_output_copy,0.731523,1.0128,1.6458
main,baseline-420,speed_bench_hv_subsampling.jpg,scanlines-bgra,zune-simd,raw_plane_copy,0.000000,0.0000,0.0000
main,baseline-420,speed_bench_hv_subsampling.jpg,scanlines-bgra,zune-simd,session_orchestration,2.726140,3.7860,1.4147
main,baseline-420,speed_bench_hv_subsampling.jpg,scanlines-bgra,zune-simd,upsampling,5.221983,7.2712,1.0233
main,baseline-422,speed_bench_horizontal_subsampling.jpg,packed-bgra,zune-scalar,checkpoint,0.000000,0.0000,0.0000
main,baseline-422,speed_bench_horizontal_subsampling.jpg,packed-bgra,zune-scalar,coefficient_clear_dispatch,12.374802,14.5316,35.1435
main,baseline-422,speed_bench_horizontal_subsampling.jpg,packed-bgra,zune-scalar,coefficient_dequant,4.311439,5.0624,59.2793
main,baseline-422,speed_bench_horizontal_subsampling.jpg,packed-bgra,zune-scalar,huffman_entropy,25.447277,29.8850,5.4903
main,baseline-422,speed_bench_horizontal_subsampling.jpg,packed-bgra,zune-scalar,idct_1x1,6.228454,7.3000,5.1802
main,baseline-422,speed_bench_horizontal_subsampling.jpg,packed-bgra,zune-scalar,idct_4x4,11.855203,13.9154,9.7995
main,baseline-422,speed_bench_horizontal_subsampling.jpg,packed-bgra,zune-scalar,idct_8x8,1.961958,2.3006,4.3701
main,baseline-422,speed_bench_horizontal_subsampling.jpg,packed-bgra,zune-scalar,packed_conversion,18.494216,21.6614,0.4227
main,baseline-422,speed_bench_horizontal_subsampling.jpg,packed-bgra,zune-scalar,post_output_copy,0.184541,0.2161,3.8144
main,baseline-422,speed_bench_horizontal_subsampling.jpg,packed-bgra,zune-scalar,raw_plane_copy,0.000000,0.0000,0.0000
main,baseline-422,speed_bench_horizontal_subsampling.jpg,packed-bgra,zune-scalar,session_orchestration,0.147876,0.1736,1.9931
main,baseline-422,speed_bench_horizontal_subsampling.jpg,packed-bgra,zune-scalar,upsampling,3.576036,4.1989,0.9076
main,baseline-422,speed_bench_horizontal_subsampling.jpg,packed-bgra,zune-simd,checkpoint,0.000000,0.0000,0.0000
main,baseline-422,speed_bench_horizontal_subsampling.jpg,packed-bgra,zune-simd,coefficient_clear_dispatch,12.900791,15.0140,20.4428
main,baseline-422,speed_bench_horizontal_subsampling.jpg,packed-bgra,zune-simd,coefficient_dequant,4.199749,4.9183,22.2620
main,baseline-422,speed_bench_horizontal_subsampling.jpg,packed-bgra,zune-simd,huffman_entropy,25.322282,29.5780,3.9395
main,baseline-422,speed_bench_horizontal_subsampling.jpg,packed-bgra,zune-simd,idct_1x1,6.218189,7.2842,16.9368
main,baseline-422,speed_bench_horizontal_subsampling.jpg,packed-bgra,zune-simd,idct_4x4,11.924610,14.0015,10.0692
main,baseline-422,speed_bench_horizontal_subsampling.jpg,packed-bgra,zune-simd,idct_8x8,1.951805,2.2881,1.3639
main,baseline-422,speed_bench_horizontal_subsampling.jpg,packed-bgra,zune-simd,packed_conversion,18.586338,21.7418,0.7426
main,baseline-422,speed_bench_horizontal_subsampling.jpg,packed-bgra,zune-simd,post_output_copy,0.185144,0.2168,2.6858
main,baseline-422,speed_bench_horizontal_subsampling.jpg,packed-bgra,zune-simd,raw_plane_copy,0.000000,0.0000,0.0000
main,baseline-422,speed_bench_horizontal_subsampling.jpg,packed-bgra,zune-simd,session_orchestration,0.148625,0.1742,6.3455
main,baseline-422,speed_bench_horizontal_subsampling.jpg,packed-bgra,zune-simd,upsampling,3.559324,4.1678,0.6950
main,baseline-422,speed_bench_horizontal_subsampling.jpg,raw,zune-scalar,checkpoint,0.025020,0.0357,13.8040
main,baseline-422,speed_bench_horizontal_subsampling.jpg,raw,zune-scalar,coefficient_clear_dispatch,11.623158,16.5224,56.1767
main,baseline-422,speed_bench_horizontal_subsampling.jpg,raw,zune-scalar,coefficient_dequant,4.319802,6.2152,78.7729
main,baseline-422,speed_bench_horizontal_subsampling.jpg,raw,zune-scalar,huffman_entropy,24.563946,35.2651,5.9197
main,baseline-422,speed_bench_horizontal_subsampling.jpg,raw,zune-scalar,idct_1x1,6.254731,8.9579,16.1850
main,baseline-422,speed_bench_horizontal_subsampling.jpg,raw,zune-scalar,idct_4x4,10.891929,15.6369,11.7595
main,baseline-422,speed_bench_horizontal_subsampling.jpg,raw,zune-scalar,idct_8x8,1.947300,2.7983,5.1894
main,baseline-422,speed_bench_horizontal_subsampling.jpg,raw,zune-scalar,packed_conversion,0.000000,0.0000,0.0000
main,baseline-422,speed_bench_horizontal_subsampling.jpg,raw,zune-scalar,post_output_copy,0.000000,0.0000,0.0000
main,baseline-422,speed_bench_horizontal_subsampling.jpg,raw,zune-scalar,raw_plane_copy,2.961180,4.2604,1.5855
main,baseline-422,speed_bench_horizontal_subsampling.jpg,raw,zune-scalar,session_orchestration,4.028852,5.7865,1.3791
main,baseline-422,speed_bench_horizontal_subsampling.jpg,raw,zune-scalar,upsampling,0.000000,0.0000,0.0000
main,baseline-422,speed_bench_horizontal_subsampling.jpg,raw,zune-simd,checkpoint,0.024847,0.0357,13.3271
main,baseline-422,speed_bench_horizontal_subsampling.jpg,raw,zune-simd,coefficient_clear_dispatch,11.770574,16.9296,44.1317
main,baseline-422,speed_bench_horizontal_subsampling.jpg,raw,zune-simd,coefficient_dequant,4.396627,6.2954,70.0195
main,baseline-422,speed_bench_horizontal_subsampling.jpg,raw,zune-simd,huffman_entropy,24.586241,35.3441,5.5783
main,baseline-422,speed_bench_horizontal_subsampling.jpg,raw,zune-simd,idct_1x1,6.231138,8.9756,21.0018
main,baseline-422,speed_bench_horizontal_subsampling.jpg,raw,zune-simd,idct_4x4,10.899545,15.6066,8.4204
main,baseline-422,speed_bench_horizontal_subsampling.jpg,raw,zune-simd,idct_8x8,1.962875,2.8204,5.8795
main,baseline-422,speed_bench_horizontal_subsampling.jpg,raw,zune-simd,packed_conversion,0.000000,0.0000,0.0000
main,baseline-422,speed_bench_horizontal_subsampling.jpg,raw,zune-simd,post_output_copy,0.000000,0.0000,0.0000
main,baseline-422,speed_bench_horizontal_subsampling.jpg,raw,zune-simd,raw_plane_copy,2.961463,4.2574,1.4587
main,baseline-422,speed_bench_horizontal_subsampling.jpg,raw,zune-simd,session_orchestration,4.003486,5.7563,1.5592
main,baseline-422,speed_bench_horizontal_subsampling.jpg,raw,zune-simd,upsampling,0.000000,0.0000,0.0000
main,baseline-422,speed_bench_horizontal_subsampling.jpg,scanlines-bgra,zune-scalar,checkpoint,0.021011,0.0256,1.2697
main,baseline-422,speed_bench_horizontal_subsampling.jpg,scanlines-bgra,zune-scalar,coefficient_clear_dispatch,13.688420,16.6956,21.0204
main,baseline-422,speed_bench_horizontal_subsampling.jpg,scanlines-bgra,zune-scalar,coefficient_dequant,4.249519,5.1778,21.5075
main,baseline-422,speed_bench_horizontal_subsampling.jpg,scanlines-bgra,zune-scalar,huffman_entropy,24.930552,30.3935,0.7476
main,baseline-422,speed_bench_horizontal_subsampling.jpg,scanlines-bgra,zune-scalar,idct_1x1,6.219757,7.5910,21.6130
main,baseline-422,speed_bench_horizontal_subsampling.jpg,scanlines-bgra,zune-scalar,idct_4x4,11.460326,13.9775,6.2771
main,baseline-422,speed_bench_horizontal_subsampling.jpg,scanlines-bgra,zune-scalar,idct_8x8,1.944028,2.3706,1.1978
main,baseline-422,speed_bench_horizontal_subsampling.jpg,scanlines-bgra,zune-scalar,packed_conversion,11.430366,13.9335,0.4906
main,baseline-422,speed_bench_horizontal_subsampling.jpg,scanlines-bgra,zune-scalar,post_output_copy,0.183425,0.2238,0.7963
main,baseline-422,speed_bench_horizontal_subsampling.jpg,scanlines-bgra,zune-scalar,raw_plane_copy,0.000000,0.0000,0.0000
main,baseline-422,speed_bench_horizontal_subsampling.jpg,scanlines-bgra,zune-scalar,session_orchestration,4.234851,5.1629,0.9028
main,baseline-422,speed_bench_horizontal_subsampling.jpg,scanlines-bgra,zune-scalar,upsampling,3.568586,4.3489,0.9300
main,baseline-422,speed_bench_horizontal_subsampling.jpg,scanlines-bgra,zune-simd,checkpoint,0.021003,0.0256,0.7310
main,baseline-422,speed_bench_horizontal_subsampling.jpg,scanlines-bgra,zune-simd,coefficient_clear_dispatch,13.471047,16.4288,44.4804
main,baseline-422,speed_bench_horizontal_subsampling.jpg,scanlines-bgra,zune-simd,coefficient_dequant,4.321311,5.2588,76.5561
main,baseline-422,speed_bench_horizontal_subsampling.jpg,scanlines-bgra,zune-simd,huffman_entropy,25.038597,30.4433,3.4936
main,baseline-422,speed_bench_horizontal_subsampling.jpg,scanlines-bgra,zune-simd,idct_1x1,6.213265,7.5732,17.1715
main,baseline-422,speed_bench_horizontal_subsampling.jpg,scanlines-bgra,zune-simd,idct_4x4,11.497844,13.9947,7.0234
main,baseline-422,speed_bench_horizontal_subsampling.jpg,scanlines-bgra,zune-simd,idct_8x8,1.943242,2.3633,5.6951
main,baseline-422,speed_bench_horizontal_subsampling.jpg,scanlines-bgra,zune-simd,packed_conversion,11.421064,13.9271,0.4553
main,baseline-422,speed_bench_horizontal_subsampling.jpg,scanlines-bgra,zune-simd,post_output_copy,0.184565,0.2249,1.5368
main,baseline-422,speed_bench_horizontal_subsampling.jpg,scanlines-bgra,zune-simd,raw_plane_copy,0.000000,0.0000,0.0000
main,baseline-422,speed_bench_horizontal_subsampling.jpg,scanlines-bgra,zune-simd,session_orchestration,4.293781,5.2229,1.0782
main,baseline-422,speed_bench_horizontal_subsampling.jpg,scanlines-bgra,zune-simd,upsampling,3.571667,4.3514,0.9936
main,baseline-440,speed_bench_vertical_subsampling.jpg,packed-bgra,zune-scalar,checkpoint,0.000000,0.0000,0.0000
main,baseline-440,speed_bench_vertical_subsampling.jpg,packed-bgra,zune-scalar,coefficient_clear_dispatch,14.267797,16.3479,20.5759
main,baseline-440,speed_bench_vertical_subsampling.jpg,packed-bgra,zune-scalar,coefficient_dequant,4.123321,4.7197,34.7583
main,baseline-440,speed_bench_vertical_subsampling.jpg,packed-bgra,zune-scalar,huffman_entropy,24.566364,28.0974,4.3188
main,baseline-440,speed_bench_vertical_subsampling.jpg,packed-bgra,zune-scalar,idct_1x1,6.198710,7.0913,15.9837
main,baseline-440,speed_bench_vertical_subsampling.jpg,packed-bgra,zune-scalar,idct_4x4,11.669287,13.3430,7.9001
main,baseline-440,speed_bench_vertical_subsampling.jpg,packed-bgra,zune-scalar,idct_8x8,1.980913,2.2646,0.6293
main,baseline-440,speed_bench_vertical_subsampling.jpg,packed-bgra,zune-scalar,packed_conversion,18.525136,21.1889,0.6048
main,baseline-440,speed_bench_vertical_subsampling.jpg,packed-bgra,zune-scalar,post_output_copy,0.743402,0.8495,0.8726
main,baseline-440,speed_bench_vertical_subsampling.jpg,packed-bgra,zune-scalar,raw_plane_copy,0.000000,0.0000,0.0000
main,baseline-440,speed_bench_vertical_subsampling.jpg,packed-bgra,zune-scalar,session_orchestration,0.141343,0.1609,5.5499
main,baseline-440,speed_bench_vertical_subsampling.jpg,packed-bgra,zune-scalar,upsampling,4.642444,5.3178,0.9172
main,baseline-440,speed_bench_vertical_subsampling.jpg,packed-bgra,zune-simd,checkpoint,0.000000,0.0000,0.0000
main,baseline-440,speed_bench_vertical_subsampling.jpg,packed-bgra,zune-simd,coefficient_clear_dispatch,14.494362,16.6102,15.5132
main,baseline-440,speed_bench_vertical_subsampling.jpg,packed-bgra,zune-simd,coefficient_dequant,4.213389,4.8084,26.9909
main,baseline-440,speed_bench_vertical_subsampling.jpg,packed-bgra,zune-simd,huffman_entropy,24.646604,28.1660,6.1036
main,baseline-440,speed_bench_vertical_subsampling.jpg,packed-bgra,zune-simd,idct_1x1,6.209188,7.1049,15.6009
main,baseline-440,speed_bench_vertical_subsampling.jpg,packed-bgra,zune-simd,idct_4x4,11.699139,13.3952,6.6144
main,baseline-440,speed_bench_vertical_subsampling.jpg,packed-bgra,zune-simd,idct_8x8,1.970386,2.2578,0.9332
main,baseline-440,speed_bench_vertical_subsampling.jpg,packed-bgra,zune-simd,packed_conversion,18.466460,21.1717,0.6756
main,baseline-440,speed_bench_vertical_subsampling.jpg,packed-bgra,zune-simd,post_output_copy,0.742232,0.8496,1.7116
main,baseline-440,speed_bench_vertical_subsampling.jpg,packed-bgra,zune-simd,raw_plane_copy,0.000000,0.0000,0.0000
main,baseline-440,speed_bench_vertical_subsampling.jpg,packed-bgra,zune-simd,session_orchestration,0.140118,0.1602,2.6490
main,baseline-440,speed_bench_vertical_subsampling.jpg,packed-bgra,zune-simd,upsampling,4.646802,5.3272,1.0237
main,baseline-440,speed_bench_vertical_subsampling.jpg,raw,zune-scalar,checkpoint,0.012894,0.0187,1.6548
main,baseline-440,speed_bench_vertical_subsampling.jpg,raw,zune-scalar,coefficient_clear_dispatch,15.118199,22.0253,15.5473
main,baseline-440,speed_bench_vertical_subsampling.jpg,raw,zune-scalar,coefficient_dequant,4.222550,6.1549,15.5470
main,baseline-440,speed_bench_vertical_subsampling.jpg,raw,zune-scalar,huffman_entropy,24.440872,35.4658,4.8584
main,baseline-440,speed_bench_vertical_subsampling.jpg,raw,zune-scalar,idct_1x1,6.215941,9.0377,16.0075
main,baseline-440,speed_bench_vertical_subsampling.jpg,raw,zune-scalar,idct_4x4,11.188755,16.2654,1.0662
main,baseline-440,speed_bench_vertical_subsampling.jpg,raw,zune-scalar,idct_8x8,1.989396,2.8834,1.1579
main,baseline-440,speed_bench_vertical_subsampling.jpg,raw,zune-scalar,packed_conversion,0.000000,0.0000,0.0000
main,baseline-440,speed_bench_vertical_subsampling.jpg,raw,zune-scalar,post_output_copy,0.000000,0.0000,0.0000
main,baseline-440,speed_bench_vertical_subsampling.jpg,raw,zune-scalar,raw_plane_copy,3.241406,4.7092,2.7891
main,baseline-440,speed_bench_vertical_subsampling.jpg,raw,zune-scalar,session_orchestration,2.240962,3.2458,1.7953
main,baseline-440,speed_bench_vertical_subsampling.jpg,raw,zune-scalar,upsampling,0.000000,0.0000,0.0000
main,baseline-440,speed_bench_vertical_subsampling.jpg,raw,zune-simd,checkpoint,0.012996,0.0189,20.4498
main,baseline-440,speed_bench_vertical_subsampling.jpg,raw,zune-simd,coefficient_clear_dispatch,14.955089,21.5839,52.3278
main,baseline-440,speed_bench_vertical_subsampling.jpg,raw,zune-simd,coefficient_dequant,4.342811,6.3186,74.3434
main,baseline-440,speed_bench_vertical_subsampling.jpg,raw,zune-simd,huffman_entropy,24.653257,35.7951,1.4575
main,baseline-440,speed_bench_vertical_subsampling.jpg,raw,zune-simd,idct_1x1,6.213837,9.0600,8.4818
main,baseline-440,speed_bench_vertical_subsampling.jpg,raw,zune-simd,idct_4x4,11.186676,16.2673,4.0403
main,baseline-440,speed_bench_vertical_subsampling.jpg,raw,zune-simd,idct_8x8,1.983822,2.8886,5.5684
main,baseline-440,speed_bench_vertical_subsampling.jpg,raw,zune-simd,packed_conversion,0.000000,0.0000,0.0000
main,baseline-440,speed_bench_vertical_subsampling.jpg,raw,zune-simd,post_output_copy,0.000000,0.0000,0.0000
main,baseline-440,speed_bench_vertical_subsampling.jpg,raw,zune-simd,raw_plane_copy,3.199693,4.6517,1.4540
main,baseline-440,speed_bench_vertical_subsampling.jpg,raw,zune-simd,session_orchestration,2.236623,3.2381,1.0478
main,baseline-440,speed_bench_vertical_subsampling.jpg,raw,zune-simd,upsampling,0.000000,0.0000,0.0000
main,baseline-440,speed_bench_vertical_subsampling.jpg,scanlines-bgra,zune-scalar,checkpoint,0.013326,0.0140,21.5565
main,baseline-440,speed_bench_vertical_subsampling.jpg,scanlines-bgra,zune-scalar,coefficient_clear_dispatch,22.524461,23.6625,29.8569
main,baseline-440,speed_bench_vertical_subsampling.jpg,scanlines-bgra,zune-scalar,coefficient_dequant,4.253963,4.4911,73.5702
main,baseline-440,speed_bench_vertical_subsampling.jpg,scanlines-bgra,zune-scalar,huffman_entropy,26.687266,28.0681,7.6834
main,baseline-440,speed_bench_vertical_subsampling.jpg,scanlines-bgra,zune-scalar,idct_1x1,6.205863,6.5437,10.2229
main,baseline-440,speed_bench_vertical_subsampling.jpg,scanlines-bgra,zune-scalar,idct_4x4,11.212275,11.7997,11.3160
main,baseline-440,speed_bench_vertical_subsampling.jpg,scanlines-bgra,zune-scalar,idct_8x8,1.980454,2.0908,1.3497
main,baseline-440,speed_bench_vertical_subsampling.jpg,scanlines-bgra,zune-scalar,packed_conversion,11.751302,12.3480,0.6738
main,baseline-440,speed_bench_vertical_subsampling.jpg,scanlines-bgra,zune-scalar,post_output_copy,0.752689,0.7920,1.6721
main,baseline-440,speed_bench_vertical_subsampling.jpg,scanlines-bgra,zune-scalar,raw_plane_copy,0.000000,0.0000,0.0000
main,baseline-440,speed_bench_vertical_subsampling.jpg,scanlines-bgra,zune-scalar,session_orchestration,2.808497,2.9580,0.8034
main,baseline-440,speed_bench_vertical_subsampling.jpg,scanlines-bgra,zune-scalar,upsampling,4.595509,4.8383,2.0309
main,baseline-440,speed_bench_vertical_subsampling.jpg,scanlines-bgra,zune-simd,checkpoint,0.012918,0.0136,32.5832
main,baseline-440,speed_bench_vertical_subsampling.jpg,scanlines-bgra,zune-simd,coefficient_clear_dispatch,24.987718,26.3634,29.2674
main,baseline-440,speed_bench_vertical_subsampling.jpg,scanlines-bgra,zune-simd,coefficient_dequant,4.187683,4.4050,80.0321
main,baseline-440,speed_bench_vertical_subsampling.jpg,scanlines-bgra,zune-simd,huffman_entropy,26.585616,27.9864,7.4194
main,baseline-440,speed_bench_vertical_subsampling.jpg,scanlines-bgra,zune-simd,idct_1x1,6.212166,6.5407,8.5738
main,baseline-440,speed_bench_vertical_subsampling.jpg,scanlines-bgra,zune-simd,idct_4x4,11.192549,11.7659,1.9570
main,baseline-440,speed_bench_vertical_subsampling.jpg,scanlines-bgra,zune-simd,idct_8x8,1.995209,2.1023,1.2861
main,baseline-440,speed_bench_vertical_subsampling.jpg,scanlines-bgra,zune-simd,packed_conversion,11.724519,12.3484,0.7496
main,baseline-440,speed_bench_vertical_subsampling.jpg,scanlines-bgra,zune-simd,post_output_copy,0.740113,0.7795,1.3334
main,baseline-440,speed_bench_vertical_subsampling.jpg,scanlines-bgra,zune-simd,raw_plane_copy,0.000000,0.0000,0.0000
main,baseline-440,speed_bench_vertical_subsampling.jpg,scanlines-bgra,zune-simd,session_orchestration,2.786546,2.9326,1.1179
main,baseline-440,speed_bench_vertical_subsampling.jpg,scanlines-bgra,zune-simd,upsampling,4.545142,4.7824,1.3073
main,baseline-444,speed_bench.jpg,packed-bgra,zune-scalar,checkpoint,0.000000,0.0000,0.0000
main,baseline-444,speed_bench.jpg,packed-bgra,zune-scalar,coefficient_clear_dispatch,16.518645,16.5648,31.9927
main,baseline-444,speed_bench.jpg,packed-bgra,zune-scalar,coefficient_dequant,4.787487,4.7937,69.0211
main,baseline-444,speed_bench.jpg,packed-bgra,zune-scalar,huffman_entropy,30.951466,30.9576,4.6043
main,baseline-444,speed_bench.jpg,packed-bgra,zune-scalar,idct_1x1,11.294808,11.2925,4.1294
main,baseline-444,speed_bench.jpg,packed-bgra,zune-scalar,idct_4x4,15.335631,15.3139,12.4137
main,baseline-444,speed_bench.jpg,packed-bgra,zune-scalar,idct_8x8,1.955542,1.9540,4.4086
main,baseline-444,speed_bench.jpg,packed-bgra,zune-scalar,packed_conversion,18.602168,18.5977,0.5588
main,baseline-444,speed_bench.jpg,packed-bgra,zune-scalar,post_output_copy,0.156519,0.1566,3.3491
main,baseline-444,speed_bench.jpg,packed-bgra,zune-scalar,raw_plane_copy,0.000000,0.0000,0.0000
main,baseline-444,speed_bench.jpg,packed-bgra,zune-scalar,session_orchestration,0.228468,0.2293,7.1030
main,baseline-444,speed_bench.jpg,packed-bgra,zune-scalar,upsampling,0.000000,0.0000,0.0000
main,baseline-444,speed_bench.jpg,packed-bgra,zune-simd,checkpoint,0.000000,0.0000,0.0000
main,baseline-444,speed_bench.jpg,packed-bgra,zune-simd,coefficient_clear_dispatch,15.748349,15.7554,25.3118
main,baseline-444,speed_bench.jpg,packed-bgra,zune-simd,coefficient_dequant,4.737315,4.7408,25.3776
main,baseline-444,speed_bench.jpg,packed-bgra,zune-simd,huffman_entropy,30.926379,30.9244,4.8081
main,baseline-444,speed_bench.jpg,packed-bgra,zune-simd,idct_1x1,11.376999,11.3527,16.0577
main,baseline-444,speed_bench.jpg,packed-bgra,zune-simd,idct_4x4,15.371362,15.3633,4.0768
main,baseline-444,speed_bench.jpg,packed-bgra,zune-simd,idct_8x8,1.958524,1.9553,1.0141
main,baseline-444,speed_bench.jpg,packed-bgra,zune-simd,packed_conversion,18.639185,18.6096,0.6424
main,baseline-444,speed_bench.jpg,packed-bgra,zune-simd,post_output_copy,0.156690,0.1567,2.0339
main,baseline-444,speed_bench.jpg,packed-bgra,zune-simd,raw_plane_copy,0.000000,0.0000,0.0000
main,baseline-444,speed_bench.jpg,packed-bgra,zune-simd,session_orchestration,0.228533,0.2300,5.2612
main,baseline-444,speed_bench.jpg,packed-bgra,zune-simd,upsampling,0.000000,0.0000,0.0000
main,baseline-444,speed_bench.jpg,raw,zune-scalar,checkpoint,0.021784,0.0248,12.0791
main,baseline-444,speed_bench.jpg,raw,zune-scalar,coefficient_clear_dispatch,13.677669,15.4299,49.4783
main,baseline-444,speed_bench.jpg,raw,zune-scalar,coefficient_dequant,4.834160,5.4980,77.8678
main,baseline-444,speed_bench.jpg,raw,zune-scalar,huffman_entropy,31.044118,35.4912,4.0240
main,baseline-444,speed_bench.jpg,raw,zune-scalar,idct_1x1,11.203866,12.7527,4.1274
main,baseline-444,speed_bench.jpg,raw,zune-scalar,idct_4x4,14.183148,16.1543,19.0481
main,baseline-444,speed_bench.jpg,raw,zune-scalar,idct_8x8,1.952452,2.2215,7.1385
main,baseline-444,speed_bench.jpg,raw,zune-scalar,packed_conversion,0.000000,0.0000,0.0000
main,baseline-444,speed_bench.jpg,raw,zune-scalar,post_output_copy,0.000000,0.0000,0.0000
main,baseline-444,speed_bench.jpg,raw,zune-scalar,raw_plane_copy,4.440645,5.0472,0.7023
main,baseline-444,speed_bench.jpg,raw,zune-scalar,session_orchestration,4.057282,4.6222,0.5973
main,baseline-444,speed_bench.jpg,raw,zune-scalar,upsampling,0.000000,0.0000,0.0000
main,baseline-444,speed_bench.jpg,raw,zune-simd,checkpoint,0.021822,0.0247,1.6655
main,baseline-444,speed_bench.jpg,raw,zune-simd,coefficient_clear_dispatch,13.980529,15.7381,35.0649
main,baseline-444,speed_bench.jpg,raw,zune-simd,coefficient_dequant,4.900886,5.5812,61.3586
main,baseline-444,speed_bench.jpg,raw,zune-simd,huffman_entropy,30.978603,35.3555,5.8789
main,baseline-444,speed_bench.jpg,raw,zune-simd,idct_1x1,11.250643,12.7423,3.8744
main,baseline-444,speed_bench.jpg,raw,zune-simd,idct_4x4,14.708991,16.7281,7.4587
main,baseline-444,speed_bench.jpg,raw,zune-simd,idct_8x8,1.964703,2.2211,39.1246
main,baseline-444,speed_bench.jpg,raw,zune-simd,packed_conversion,0.000000,0.0000,0.0000
main,baseline-444,speed_bench.jpg,raw,zune-simd,post_output_copy,0.000000,0.0000,0.0000
main,baseline-444,speed_bench.jpg,raw,zune-simd,raw_plane_copy,4.431556,5.0173,1.0738
main,baseline-444,speed_bench.jpg,raw,zune-simd,session_orchestration,4.021573,4.5935,1.2216
main,baseline-444,speed_bench.jpg,raw,zune-simd,upsampling,0.000000,0.0000,0.0000
main,baseline-444,speed_bench.jpg,scanlines-bgra,zune-scalar,checkpoint,0.023706,0.0247,2.2308
main,baseline-444,speed_bench.jpg,scanlines-bgra,zune-scalar,coefficient_clear_dispatch,16.368339,17.0585,42.9180
main,baseline-444,speed_bench.jpg,scanlines-bgra,zune-scalar,coefficient_dequant,4.503619,4.6862,81.3754
main,baseline-444,speed_bench.jpg,scanlines-bgra,zune-scalar,huffman_entropy,30.825264,31.9979,5.1430
main,baseline-444,speed_bench.jpg,scanlines-bgra,zune-scalar,idct_1x1,11.266934,11.7631,4.3514
main,baseline-444,speed_bench.jpg,scanlines-bgra,zune-scalar,idct_4x4,14.737160,15.3764,8.3238
main,baseline-444,speed_bench.jpg,scanlines-bgra,zune-scalar,idct_8x8,1.951494,2.0323,7.3490
main,baseline-444,speed_bench.jpg,scanlines-bgra,zune-scalar,packed_conversion,11.611169,12.1079,0.4579
main,baseline-444,speed_bench.jpg,scanlines-bgra,zune-scalar,post_output_copy,0.150429,0.1571,4.6358
main,baseline-444,speed_bench.jpg,scanlines-bgra,zune-scalar,raw_plane_copy,0.000000,0.0000,0.0000
main,baseline-444,speed_bench.jpg,scanlines-bgra,zune-scalar,session_orchestration,4.168871,4.3684,1.2009
main,baseline-444,speed_bench.jpg,scanlines-bgra,zune-scalar,upsampling,0.000000,0.0000,0.0000
main,baseline-444,speed_bench.jpg,scanlines-bgra,zune-simd,checkpoint,0.023802,0.0248,3.2893
main,baseline-444,speed_bench.jpg,scanlines-bgra,zune-simd,coefficient_clear_dispatch,13.060053,13.5875,43.6468
main,baseline-444,speed_bench.jpg,scanlines-bgra,zune-simd,coefficient_dequant,4.783270,4.9660,71.1702
main,baseline-444,speed_bench.jpg,scanlines-bgra,zune-simd,huffman_entropy,31.152448,32.4155,3.1852
main,baseline-444,speed_bench.jpg,scanlines-bgra,zune-simd,idct_1x1,11.277702,11.7497,15.4175
main,baseline-444,speed_bench.jpg,scanlines-bgra,zune-simd,idct_4x4,14.731727,15.3290,11.5325
main,baseline-444,speed_bench.jpg,scanlines-bgra,zune-simd,idct_8x8,1.944463,2.0235,6.1692
main,baseline-444,speed_bench.jpg,scanlines-bgra,zune-simd,packed_conversion,11.630450,12.1072,0.7220
main,baseline-444,speed_bench.jpg,scanlines-bgra,zune-simd,post_output_copy,0.151918,0.1574,1.8779
main,baseline-444,speed_bench.jpg,scanlines-bgra,zune-simd,raw_plane_copy,0.000000,0.0000,0.0000
main,baseline-444,speed_bench.jpg,scanlines-bgra,zune-simd,session_orchestration,4.216731,4.3778,4.0136
main,baseline-444,speed_bench.jpg,scanlines-bgra,zune-simd,upsampling,0.000000,0.0000,0.0000
main,progressive-420,speed_bench_prog_hv_sampling.jpg,packed-bgra,zune-scalar,final_dequant,17.266467,7.5053,7.8685
main,progressive-420,speed_bench_prog_hv_sampling.jpg,packed-bgra,zune-scalar,final_idct_8x8,26.247348,11.4806,5.6541
main,progressive-420,speed_bench_prog_hv_sampling.jpg,packed-bgra,zune-scalar,final_transform_traversal,1.500794,0.6543,88.8254
main,progressive-420,speed_bench_prog_hv_sampling.jpg,packed-bgra,zune-scalar,packed_conversion,18.827028,8.2306,0.6099
main,progressive-420,speed_bench_prog_hv_sampling.jpg,packed-bgra,zune-scalar,post_output_copy,0.753030,0.3282,2.2727
main,progressive-420,speed_bench_prog_hv_sampling.jpg,packed-bgra,zune-scalar,raw_plane_copy,0.000000,0.0000,0.0000
main,progressive-420,speed_bench_prog_hv_sampling.jpg,packed-bgra,zune-scalar,reconstruction_other,0.165355,0.0720,4.2826
main,progressive-420,speed_bench_prog_hv_sampling.jpg,packed-bgra,zune-scalar,scan_acfirst_c0,3.869901,1.6958,0.7320
main,progressive-420,speed_bench_prog_hv_sampling.jpg,packed-bgra,zune-scalar,scan_acfirst_c1,1.027654,0.4501,1.7538
main,progressive-420,speed_bench_prog_hv_sampling.jpg,packed-bgra,zune-scalar,scan_acfirst_c2,1.025376,0.4489,0.9684
main,progressive-420,speed_bench_prog_hv_sampling.jpg,packed-bgra,zune-scalar,scan_acrefine_c0,82.710734,36.1755,6.8223
main,progressive-420,speed_bench_prog_hv_sampling.jpg,packed-bgra,zune-scalar,scan_acrefine_c1,5.062689,2.2083,0.9255
main,progressive-420,speed_bench_prog_hv_sampling.jpg,packed-bgra,zune-scalar,scan_acrefine_c2,6.933414,3.0219,1.3744
main,progressive-420,speed_bench_prog_hv_sampling.jpg,packed-bgra,zune-scalar,scan_dcfirst_c-1,21.691415,9.5035,0.8916
main,progressive-420,speed_bench_prog_hv_sampling.jpg,packed-bgra,zune-scalar,scan_dcrefine_c-1,21.939431,9.6240,2.4780
main,progressive-420,speed_bench_prog_hv_sampling.jpg,packed-bgra,zune-scalar,session_orchestration,12.920679,5.6498,1.3741
main,progressive-420,speed_bench_prog_hv_sampling.jpg,packed-bgra,zune-scalar,upsampling,4.656339,2.0266,1.8104
main,progressive-420,speed_bench_prog_hv_sampling.jpg,packed-bgra,zune-simd,final_dequant,17.089548,7.4719,7.5475
main,progressive-420,speed_bench_prog_hv_sampling.jpg,packed-bgra,zune-simd,final_idct_8x8,26.025533,11.3652,3.5355
main,progressive-420,speed_bench_prog_hv_sampling.jpg,packed-bgra,zune-simd,final_transform_traversal,3.740118,1.6095,60.3623
main,progressive-420,speed_bench_prog_hv_sampling.jpg,packed-bgra,zune-simd,packed_conversion,18.796745,8.1984,0.6432
main,progressive-420,speed_bench_prog_hv_sampling.jpg,packed-bgra,zune-simd,post_output_copy,0.757347,0.3297,1.9726
main,progressive-420,speed_bench_prog_hv_sampling.jpg,packed-bgra,zune-simd,raw_plane_copy,0.000000,0.0000,0.0000
main,progressive-420,speed_bench_prog_hv_sampling.jpg,packed-bgra,zune-simd,reconstruction_other,0.165223,0.0720,7.1750
main,progressive-420,speed_bench_prog_hv_sampling.jpg,packed-bgra,zune-simd,scan_acfirst_c0,3.904643,1.7083,30.0588
main,progressive-420,speed_bench_prog_hv_sampling.jpg,packed-bgra,zune-simd,scan_acfirst_c1,1.029568,0.4498,29.2882
main,progressive-420,speed_bench_prog_hv_sampling.jpg,packed-bgra,zune-simd,scan_acfirst_c2,1.027801,0.4505,29.6935
main,progressive-420,speed_bench_prog_hv_sampling.jpg,packed-bgra,zune-simd,scan_acrefine_c0,82.411958,36.1901,4.1597
main,progressive-420,speed_bench_prog_hv_sampling.jpg,packed-bgra,zune-simd,scan_acrefine_c1,5.071018,2.2168,0.7949
main,progressive-420,speed_bench_prog_hv_sampling.jpg,packed-bgra,zune-simd,scan_acrefine_c2,6.932464,3.0304,0.8549
main,progressive-420,speed_bench_prog_hv_sampling.jpg,packed-bgra,zune-simd,scan_dcfirst_c-1,21.797895,9.5380,6.1861
main,progressive-420,speed_bench_prog_hv_sampling.jpg,packed-bgra,zune-simd,scan_dcrefine_c-1,22.154283,9.6761,1.5570
main,progressive-420,speed_bench_prog_hv_sampling.jpg,packed-bgra,zune-simd,session_orchestration,12.973169,5.6485,1.0534
main,progressive-420,speed_bench_prog_hv_sampling.jpg,packed-bgra,zune-simd,upsampling,4.640882,2.0168,1.8439
main,progressive-420,speed_bench_prog_hv_sampling.jpg,raw,zune-scalar,final_dequant,16.249215,5.6162,17.4823
main,progressive-420,speed_bench_prog_hv_sampling.jpg,raw,zune-scalar,final_idct_8x8,25.023704,8.6164,6.1071
main,progressive-420,speed_bench_prog_hv_sampling.jpg,raw,zune-scalar,final_transform_traversal,5.851778,2.0043,75.1463
main,progressive-420,speed_bench_prog_hv_sampling.jpg,raw,zune-scalar,packed_conversion,0.000000,0.0000,0.0000
main,progressive-420,speed_bench_prog_hv_sampling.jpg,raw,zune-scalar,post_output_copy,0.000000,0.0000,0.0000
main,progressive-420,speed_bench_prog_hv_sampling.jpg,raw,zune-scalar,raw_plane_copy,3.914543,1.3454,11.9581
main,progressive-420,speed_bench_prog_hv_sampling.jpg,raw,zune-scalar,reconstruction_other,4.315672,1.4791,5.0430
main,progressive-420,speed_bench_prog_hv_sampling.jpg,raw,zune-scalar,scan_acfirst_c0,9.466297,3.2435,0.3866
main,progressive-420,speed_bench_prog_hv_sampling.jpg,raw,zune-scalar,scan_acfirst_c1,2.439278,0.8368,3.4268
main,progressive-420,speed_bench_prog_hv_sampling.jpg,raw,zune-scalar,scan_acfirst_c2,2.487188,0.8507,2.5104
main,progressive-420,speed_bench_prog_hv_sampling.jpg,raw,zune-scalar,scan_acrefine_c0,88.180850,30.2025,0.8156
main,progressive-420,speed_bench_prog_hv_sampling.jpg,raw,zune-scalar,scan_acrefine_c1,6.423890,2.1966,0.8275
main,progressive-420,speed_bench_prog_hv_sampling.jpg,raw,zune-scalar,scan_acrefine_c2,8.127303,2.7839,0.3273
main,progressive-420,speed_bench_prog_hv_sampling.jpg,raw,zune-scalar,scan_dcfirst_c-1,59.270674,20.3039,0.7544
main,progressive-420,speed_bench_prog_hv_sampling.jpg,raw,zune-scalar,scan_dcrefine_c-1,47.207026,16.0820,3.8041
main,progressive-420,speed_bench_prog_hv_sampling.jpg,raw,zune-scalar,session_orchestration,12.822618,4.3852,1.2014
main,progressive-420,speed_bench_prog_hv_sampling.jpg,raw,zune-scalar,upsampling,0.000000,0.0000,0.0000
main,progressive-420,speed_bench_prog_hv_sampling.jpg,raw,zune-simd,final_dequant,16.140156,5.4900,8.5972
main,progressive-420,speed_bench_prog_hv_sampling.jpg,raw,zune-simd,final_idct_8x8,25.078761,8.5995,4.5001
main,progressive-420,speed_bench_prog_hv_sampling.jpg,raw,zune-simd,final_transform_traversal,5.924528,2.0252,46.9495
main,progressive-420,speed_bench_prog_hv_sampling.jpg,raw,zune-simd,packed_conversion,0.000000,0.0000,0.0000
main,progressive-420,speed_bench_prog_hv_sampling.jpg,raw,zune-simd,post_output_copy,0.000000,0.0000,0.0000
main,progressive-420,speed_bench_prog_hv_sampling.jpg,raw,zune-simd,raw_plane_copy,3.897133,1.3306,1.5047
main,progressive-420,speed_bench_prog_hv_sampling.jpg,raw,zune-simd,reconstruction_other,4.252567,1.4549,1.0677
main,progressive-420,speed_bench_prog_hv_sampling.jpg,raw,zune-simd,scan_acfirst_c0,9.455850,3.2475,12.3803
main,progressive-420,speed_bench_prog_hv_sampling.jpg,raw,zune-simd,scan_acfirst_c1,2.424999,0.8306,12.9687
main,progressive-420,speed_bench_prog_hv_sampling.jpg,raw,zune-simd,scan_acfirst_c2,2.491005,0.8509,14.2485
main,progressive-420,speed_bench_prog_hv_sampling.jpg,raw,zune-simd,scan_acrefine_c0,88.068312,30.1056,6.8737
main,progressive-420,speed_bench_prog_hv_sampling.jpg,raw,zune-simd,scan_acrefine_c1,6.460008,2.2016,5.1520
main,progressive-420,speed_bench_prog_hv_sampling.jpg,raw,zune-simd,scan_acrefine_c2,8.123965,2.7776,0.6108
main,progressive-420,speed_bench_prog_hv_sampling.jpg,raw,zune-simd,scan_dcfirst_c-1,59.609112,20.3358,1.3931
main,progressive-420,speed_bench_prog_hv_sampling.jpg,raw,zune-simd,scan_dcrefine_c-1,47.832618,16.3055,2.2322
main,progressive-420,speed_bench_prog_hv_sampling.jpg,raw,zune-simd,session_orchestration,12.711156,4.3508,1.3288
main,progressive-420,speed_bench_prog_hv_sampling.jpg,raw,zune-simd,upsampling,0.000000,0.0000,0.0000
main,progressive-420,speed_bench_prog_hv_sampling.jpg,scanlines-bgra,zune-scalar,final_dequant,16.254243,5.3371,6.2186
main,progressive-420,speed_bench_prog_hv_sampling.jpg,scanlines-bgra,zune-scalar,final_idct_8x8,25.185218,8.2298,5.6858
main,progressive-420,speed_bench_prog_hv_sampling.jpg,scanlines-bgra,zune-scalar,final_transform_traversal,5.690864,1.8503,43.5253
main,progressive-420,speed_bench_prog_hv_sampling.jpg,scanlines-bgra,zune-scalar,packed_conversion,12.100631,3.9734,0.9546
main,progressive-420,speed_bench_prog_hv_sampling.jpg,scanlines-bgra,zune-scalar,post_output_copy,0.742145,0.2432,2.3979
main,progressive-420,speed_bench_prog_hv_sampling.jpg,scanlines-bgra,zune-scalar,raw_plane_copy,0.000000,0.0000,0.0000
main,progressive-420,speed_bench_prog_hv_sampling.jpg,scanlines-bgra,zune-scalar,reconstruction_other,4.201976,1.3738,2.2201
main,progressive-420,speed_bench_prog_hv_sampling.jpg,scanlines-bgra,zune-scalar,scan_acfirst_c0,9.403972,3.0782,7.4192
main,progressive-420,speed_bench_prog_hv_sampling.jpg,scanlines-bgra,zune-scalar,scan_acfirst_c1,2.441542,0.8006,2.0735
main,progressive-420,speed_bench_prog_hv_sampling.jpg,scanlines-bgra,zune-scalar,scan_acfirst_c2,2.484123,0.8119,13.0101
main,progressive-420,speed_bench_prog_hv_sampling.jpg,scanlines-bgra,zune-scalar,scan_acrefine_c0,87.974376,28.8871,5.7755
main,progressive-420,speed_bench_prog_hv_sampling.jpg,scanlines-bgra,zune-scalar,scan_acrefine_c1,6.450442,2.1127,0.7493
main,progressive-420,speed_bench_prog_hv_sampling.jpg,scanlines-bgra,zune-scalar,scan_acrefine_c2,8.119316,2.6599,0.4915
main,progressive-420,speed_bench_prog_hv_sampling.jpg,scanlines-bgra,zune-scalar,scan_dcfirst_c-1,58.662049,19.2191,2.1475
main,progressive-420,speed_bench_prog_hv_sampling.jpg,scanlines-bgra,zune-scalar,scan_dcrefine_c-1,47.065097,15.4390,6.4993
main,progressive-420,speed_bench_prog_hv_sampling.jpg,scanlines-bgra,zune-scalar,session_orchestration,13.275623,4.3542,0.9955
main,progressive-420,speed_bench_prog_hv_sampling.jpg,scanlines-bgra,zune-scalar,upsampling,4.692295,1.5365,0.9911
main,progressive-420,speed_bench_prog_hv_sampling.jpg,scanlines-bgra,zune-simd,final_dequant,16.290151,5.3176,6.2026
main,progressive-420,speed_bench_prog_hv_sampling.jpg,scanlines-bgra,zune-simd,final_idct_8x8,25.197241,8.2724,6.6631
main,progressive-420,speed_bench_prog_hv_sampling.jpg,scanlines-bgra,zune-simd,final_transform_traversal,5.513576,1.8101,47.0230
main,progressive-420,speed_bench_prog_hv_sampling.jpg,scanlines-bgra,zune-simd,packed_conversion,12.111987,3.9563,3.0338
main,progressive-420,speed_bench_prog_hv_sampling.jpg,scanlines-bgra,zune-simd,post_output_copy,0.742019,0.2430,2.4375
main,progressive-420,speed_bench_prog_hv_sampling.jpg,scanlines-bgra,zune-simd,raw_plane_copy,0.000000,0.0000,0.0000
main,progressive-420,speed_bench_prog_hv_sampling.jpg,scanlines-bgra,zune-simd,reconstruction_other,4.186616,1.3709,2.2280
main,progressive-420,speed_bench_prog_hv_sampling.jpg,scanlines-bgra,zune-simd,scan_acfirst_c0,9.398394,3.0702,0.7839
main,progressive-420,speed_bench_prog_hv_sampling.jpg,scanlines-bgra,zune-simd,scan_acfirst_c1,2.409711,0.7916,1.8146
main,progressive-420,speed_bench_prog_hv_sampling.jpg,scanlines-bgra,zune-simd,scan_acfirst_c2,2.445881,0.8022,2.5172
main,progressive-420,speed_bench_prog_hv_sampling.jpg,scanlines-bgra,zune-simd,scan_acrefine_c0,88.419901,28.9203,6.7890
main,progressive-420,speed_bench_prog_hv_sampling.jpg,scanlines-bgra,zune-simd,scan_acrefine_c1,6.456045,2.1331,1.3333
main,progressive-420,speed_bench_prog_hv_sampling.jpg,scanlines-bgra,zune-simd,scan_acrefine_c2,8.143854,2.6808,3.1836
main,progressive-420,speed_bench_prog_hv_sampling.jpg,scanlines-bgra,zune-simd,scan_dcfirst_c-1,58.584802,19.1746,7.2316
main,progressive-420,speed_bench_prog_hv_sampling.jpg,scanlines-bgra,zune-simd,scan_dcrefine_c-1,47.578133,15.6127,3.9939
main,progressive-420,speed_bench_prog_hv_sampling.jpg,scanlines-bgra,zune-simd,session_orchestration,13.238887,4.3583,3.4091
main,progressive-420,speed_bench_prog_hv_sampling.jpg,scanlines-bgra,zune-simd,upsampling,4.696246,1.5403,1.1067
main,progressive-422,speed_bench_prog_h_sampling.jpg,packed-bgra,zune-scalar,final_dequant,16.688300,7.1458,5.1727
main,progressive-422,speed_bench_prog_h_sampling.jpg,packed-bgra,zune-scalar,final_idct_8x8,24.384392,10.4044,7.5732
main,progressive-422,speed_bench_prog_h_sampling.jpg,packed-bgra,zune-scalar,final_transform_traversal,5.591904,2.3874,43.3887
main,progressive-422,speed_bench_prog_h_sampling.jpg,packed-bgra,zune-scalar,packed_conversion,19.049967,8.1702,0.7873
main,progressive-422,speed_bench_prog_h_sampling.jpg,packed-bgra,zune-scalar,post_output_copy,0.189828,0.0801,4.0659
main,progressive-422,speed_bench_prog_h_sampling.jpg,packed-bgra,zune-scalar,raw_plane_copy,0.000000,0.0000,0.0000
main,progressive-422,speed_bench_prog_h_sampling.jpg,packed-bgra,zune-scalar,reconstruction_other,0.168053,0.0721,2.1310
main,progressive-422,speed_bench_prog_h_sampling.jpg,packed-bgra,zune-scalar,scan_acfirst_c0,3.965066,1.7017,21.4855
main,progressive-422,speed_bench_prog_h_sampling.jpg,packed-bgra,zune-scalar,scan_acfirst_c1,1.079282,0.4644,20.8240
main,progressive-422,speed_bench_prog_h_sampling.jpg,packed-bgra,zune-scalar,scan_acfirst_c2,1.062140,0.4549,21.3417
main,progressive-422,speed_bench_prog_h_sampling.jpg,packed-bgra,zune-scalar,scan_acrefine_c0,82.612142,35.4900,8.3869
main,progressive-422,speed_bench_prog_h_sampling.jpg,packed-bgra,zune-scalar,scan_acrefine_c1,4.997159,2.1465,8.8770
main,progressive-422,speed_bench_prog_h_sampling.jpg,packed-bgra,zune-scalar,scan_acrefine_c2,6.928372,2.9857,3.5009
main,progressive-422,speed_bench_prog_h_sampling.jpg,packed-bgra,zune-scalar,scan_dcfirst_c-1,26.454168,11.3279,0.9370
main,progressive-422,speed_bench_prog_h_sampling.jpg,packed-bgra,zune-scalar,scan_dcrefine_c-1,22.997633,9.8483,0.9015
main,progressive-422,speed_bench_prog_h_sampling.jpg,packed-bgra,zune-scalar,session_orchestration,12.816281,5.4838,2.5670
main,progressive-422,speed_bench_prog_h_sampling.jpg,packed-bgra,zune-scalar,upsampling,3.493890,1.4976,1.7245
main,progressive-422,speed_bench_prog_h_sampling.jpg,packed-bgra,zune-simd,final_dequant,17.039103,7.3403,15.9863
main,progressive-422,speed_bench_prog_h_sampling.jpg,packed-bgra,zune-simd,final_idct_8x8,24.370806,10.4912,5.0557
main,progressive-422,speed_bench_prog_h_sampling.jpg,packed-bgra,zune-simd,final_transform_traversal,5.408307,2.3272,49.3941
main,progressive-422,speed_bench_prog_h_sampling.jpg,packed-bgra,zune-simd,packed_conversion,18.999138,8.1648,7.5191
main,progressive-422,speed_bench_prog_h_sampling.jpg,packed-bgra,zune-simd,post_output_copy,0.190724,0.0820,9.6938
main,progressive-422,speed_bench_prog_h_sampling.jpg,packed-bgra,zune-simd,raw_plane_copy,0.000000,0.0000,0.0000
main,progressive-422,speed_bench_prog_h_sampling.jpg,packed-bgra,zune-simd,reconstruction_other,0.167634,0.0712,4.9314
main,progressive-422,speed_bench_prog_h_sampling.jpg,packed-bgra,zune-simd,scan_acfirst_c0,3.965136,1.7008,1.7297
main,progressive-422,speed_bench_prog_h_sampling.jpg,packed-bgra,zune-simd,scan_acfirst_c1,1.084793,0.4646,3.0801
main,progressive-422,speed_bench_prog_h_sampling.jpg,packed-bgra,zune-simd,scan_acfirst_c2,1.063603,0.4557,2.1896
main,progressive-422,speed_bench_prog_h_sampling.jpg,packed-bgra,zune-simd,scan_acrefine_c0,82.658600,35.5326,0.5002
main,progressive-422,speed_bench_prog_h_sampling.jpg,packed-bgra,zune-simd,scan_acrefine_c1,5.005932,2.1474,0.9778
main,progressive-422,speed_bench_prog_h_sampling.jpg,packed-bgra,zune-simd,scan_acrefine_c2,6.916566,2.9666,1.1462
main,progressive-422,speed_bench_prog_h_sampling.jpg,packed-bgra,zune-simd,scan_dcfirst_c-1,26.456290,11.3804,0.6966
main,progressive-422,speed_bench_prog_h_sampling.jpg,packed-bgra,zune-simd,scan_dcrefine_c-1,23.041255,9.9023,1.9756
main,progressive-422,speed_bench_prog_h_sampling.jpg,packed-bgra,zune-simd,session_orchestration,12.709510,5.4582,0.6845
main,progressive-422,speed_bench_prog_h_sampling.jpg,packed-bgra,zune-simd,upsampling,3.497596,1.5048,10.5071
main,progressive-422,speed_bench_prog_h_sampling.jpg,raw,zune-scalar,final_dequant,16.390952,5.5143,14.9323
main,progressive-422,speed_bench_prog_h_sampling.jpg,raw,zune-scalar,final_idct_8x8,25.131232,8.4635,8.0613
main,progressive-422,speed_bench_prog_h_sampling.jpg,raw,zune-scalar,final_transform_traversal,2.778075,0.9386,72.3997
main,progressive-422,speed_bench_prog_h_sampling.jpg,raw,zune-scalar,packed_conversion,0.000000,0.0000,0.0000
main,progressive-422,speed_bench_prog_h_sampling.jpg,raw,zune-scalar,post_output_copy,0.000000,0.0000,0.0000
main,progressive-422,speed_bench_prog_h_sampling.jpg,raw,zune-scalar,raw_plane_copy,3.175976,1.0684,16.2171
main,progressive-422,speed_bench_prog_h_sampling.jpg,raw,zune-scalar,reconstruction_other,4.617553,1.5686,3.0528
main,progressive-422,speed_bench_prog_h_sampling.jpg,raw,zune-scalar,scan_acfirst_c0,9.491649,3.1951,13.1712
main,progressive-422,speed_bench_prog_h_sampling.jpg,raw,zune-scalar,scan_acfirst_c1,2.477841,0.8382,12.5680
main,progressive-422,speed_bench_prog_h_sampling.jpg,raw,zune-scalar,scan_acfirst_c2,2.519539,0.8513,12.1431
main,progressive-422,speed_bench_prog_h_sampling.jpg,raw,zune-scalar,scan_acrefine_c0,88.189793,29.6659,6.5992
main,progressive-422,speed_bench_prog_h_sampling.jpg,raw,zune-scalar,scan_acrefine_c1,6.367106,2.1449,0.9113
main,progressive-422,speed_bench_prog_h_sampling.jpg,raw,zune-scalar,scan_acrefine_c2,8.169001,2.7373,1.1145
main,progressive-422,speed_bench_prog_h_sampling.jpg,raw,zune-scalar,scan_dcfirst_c-1,63.399698,21.3166,2.3457
main,progressive-422,speed_bench_prog_h_sampling.jpg,raw,zune-scalar,scan_dcrefine_c-1,47.887762,16.0000,4.0284
main,progressive-422,speed_bench_prog_h_sampling.jpg,raw,zune-scalar,session_orchestration,13.414736,4.5170,3.5505
main,progressive-422,speed_bench_prog_h_sampling.jpg,raw,zune-scalar,upsampling,0.000000,0.0000,0.0000
main,progressive-422,speed_bench_prog_h_sampling.jpg,raw,zune-simd,final_dequant,16.121101,5.4254,7.7108
main,progressive-422,speed_bench_prog_h_sampling.jpg,raw,zune-simd,final_idct_8x8,24.948695,8.3734,2.6724
main,progressive-422,speed_bench_prog_h_sampling.jpg,raw,zune-simd,final_transform_traversal,6.003966,2.0227,23.4995
main,progressive-422,speed_bench_prog_h_sampling.jpg,raw,zune-simd,packed_conversion,0.000000,0.0000,0.0000
main,progressive-422,speed_bench_prog_h_sampling.jpg,raw,zune-simd,post_output_copy,0.000000,0.0000,0.0000
main,progressive-422,speed_bench_prog_h_sampling.jpg,raw,zune-simd,raw_plane_copy,3.155231,1.0614,1.6872
main,progressive-422,speed_bench_prog_h_sampling.jpg,raw,zune-simd,reconstruction_other,4.599534,1.5448,1.4272
main,progressive-422,speed_bench_prog_h_sampling.jpg,raw,zune-simd,scan_acfirst_c0,9.437858,3.1796,7.1441
main,progressive-422,speed_bench_prog_h_sampling.jpg,raw,zune-simd,scan_acfirst_c1,2.480506,0.8335,6.7201
main,progressive-422,speed_bench_prog_h_sampling.jpg,raw,zune-simd,scan_acfirst_c2,2.519469,0.8480,12.9029
main,progressive-422,speed_bench_prog_h_sampling.jpg,raw,zune-simd,scan_acrefine_c0,88.293305,29.7107,1.0210
main,progressive-422,speed_bench_prog_h_sampling.jpg,raw,zune-simd,scan_acrefine_c1,6.407943,2.1489,1.2355
main,progressive-422,speed_bench_prog_h_sampling.jpg,raw,zune-simd,scan_acrefine_c2,8.195892,2.7515,1.9110
main,progressive-422,speed_bench_prog_h_sampling.jpg,raw,zune-simd,scan_dcfirst_c-1,63.202368,21.2591,0.7857
main,progressive-422,speed_bench_prog_h_sampling.jpg,raw,zune-simd,scan_dcrefine_c-1,48.306955,16.2754,4.8980
main,progressive-422,speed_bench_prog_h_sampling.jpg,raw,zune-simd,session_orchestration,13.319725,4.4681,1.3576
main,progressive-422,speed_bench_prog_h_sampling.jpg,raw,zune-simd,upsampling,0.000000,0.0000,0.0000
main,progressive-422,speed_bench_prog_h_sampling.jpg,scanlines-bgra,zune-scalar,final_dequant,16.549563,5.3387,10.7605
main,progressive-422,speed_bench_prog_h_sampling.jpg,scanlines-bgra,zune-scalar,final_idct_8x8,24.926622,8.0394,0.9696
main,progressive-422,speed_bench_prog_h_sampling.jpg,scanlines-bgra,zune-scalar,final_transform_traversal,5.327719,1.7117,40.5941
main,progressive-422,speed_bench_prog_h_sampling.jpg,scanlines-bgra,zune-scalar,packed_conversion,11.497652,3.7214,1.1149
main,progressive-422,speed_bench_prog_h_sampling.jpg,scanlines-bgra,zune-scalar,post_output_copy,0.186874,0.0606,1.8233
main,progressive-422,speed_bench_prog_h_sampling.jpg,scanlines-bgra,zune-scalar,raw_plane_copy,0.000000,0.0000,0.0000
main,progressive-422,speed_bench_prog_h_sampling.jpg,scanlines-bgra,zune-scalar,reconstruction_other,4.765708,1.5352,2.2763
main,progressive-422,speed_bench_prog_h_sampling.jpg,scanlines-bgra,zune-scalar,scan_acfirst_c0,9.450465,3.0603,0.9420
main,progressive-422,speed_bench_prog_h_sampling.jpg,scanlines-bgra,zune-scalar,scan_acfirst_c1,2.489545,0.8043,2.0127
main,progressive-422,speed_bench_prog_h_sampling.jpg,scanlines-bgra,zune-scalar,scan_acfirst_c2,2.523758,0.8143,1.1351
main,progressive-422,speed_bench_prog_h_sampling.jpg,scanlines-bgra,zune-scalar,scan_acrefine_c0,88.347622,28.6023,9.2572
main,progressive-422,speed_bench_prog_h_sampling.jpg,scanlines-bgra,zune-scalar,scan_acrefine_c1,6.399780,2.0720,3.4681
main,progressive-422,speed_bench_prog_h_sampling.jpg,scanlines-bgra,zune-scalar,scan_acrefine_c2,8.155169,2.6315,2.0280
main,progressive-422,speed_bench_prog_h_sampling.jpg,scanlines-bgra,zune-scalar,scan_dcfirst_c-1,63.480050,20.4421,0.5219
main,progressive-422,speed_bench_prog_h_sampling.jpg,scanlines-bgra,zune-scalar,scan_dcrefine_c-1,48.517386,15.6674,3.4497
main,progressive-422,speed_bench_prog_h_sampling.jpg,scanlines-bgra,zune-scalar,session_orchestration,12.656763,4.0965,2.0548
main,progressive-422,speed_bench_prog_h_sampling.jpg,scanlines-bgra,zune-scalar,upsampling,3.491798,1.1307,1.7585
main,progressive-422,speed_bench_prog_h_sampling.jpg,scanlines-bgra,zune-simd,final_dequant,16.486643,5.3178,5.0086
main,progressive-422,speed_bench_prog_h_sampling.jpg,scanlines-bgra,zune-simd,final_idct_8x8,24.872493,8.0501,8.6932
main,progressive-422,speed_bench_prog_h_sampling.jpg,scanlines-bgra,zune-simd,final_transform_traversal,5.388450,1.7448,28.1865
main,progressive-422,speed_bench_prog_h_sampling.jpg,scanlines-bgra,zune-simd,packed_conversion,11.515974,3.7221,0.8203
main,progressive-422,speed_bench_prog_h_sampling.jpg,scanlines-bgra,zune-simd,post_output_copy,0.187059,0.0604,1.7590
main,progressive-422,speed_bench_prog_h_sampling.jpg,scanlines-bgra,zune-simd,raw_plane_copy,0.000000,0.0000,0.0000
main,progressive-422,speed_bench_prog_h_sampling.jpg,scanlines-bgra,zune-simd,reconstruction_other,4.778001,1.5426,1.9706
main,progressive-422,speed_bench_prog_h_sampling.jpg,scanlines-bgra,zune-simd,scan_acfirst_c0,9.449507,3.0483,7.1188
main,progressive-422,speed_bench_prog_h_sampling.jpg,scanlines-bgra,zune-simd,scan_acfirst_c1,2.463902,0.7945,4.4452
main,progressive-422,speed_bench_prog_h_sampling.jpg,scanlines-bgra,zune-simd,scan_acfirst_c2,2.522236,0.8146,13.6552
main,progressive-422,speed_bench_prog_h_sampling.jpg,scanlines-bgra,zune-simd,scan_acrefine_c0,88.448325,28.5453,6.6578
main,progressive-422,speed_bench_prog_h_sampling.jpg,scanlines-bgra,zune-simd,scan_acrefine_c1,6.410969,2.0736,1.4788
main,progressive-422,speed_bench_prog_h_sampling.jpg,scanlines-bgra,zune-simd,scan_acrefine_c2,8.165207,2.6316,0.9208
main,progressive-422,speed_bench_prog_h_sampling.jpg,scanlines-bgra,zune-simd,scan_dcfirst_c-1,63.442327,20.4823,0.7423
main,progressive-422,speed_bench_prog_h_sampling.jpg,scanlines-bgra,zune-simd,scan_dcrefine_c-1,49.263296,15.8890,2.4103
main,progressive-422,speed_bench_prog_h_sampling.jpg,scanlines-bgra,zune-simd,session_orchestration,12.583124,4.0592,1.5806
main,progressive-422,speed_bench_prog_h_sampling.jpg,scanlines-bgra,zune-simd,upsampling,3.483305,1.1242,1.2570
main,progressive-440,speed_bench_prog_v_sampling.jpg,packed-bgra,zune-scalar,final_dequant,17.971848,7.8505,10.7082
main,progressive-440,speed_bench_prog_v_sampling.jpg,packed-bgra,zune-scalar,final_idct_8x8,26.389643,11.4035,5.3323
main,progressive-440,speed_bench_prog_v_sampling.jpg,packed-bgra,zune-scalar,final_transform_traversal,1.193997,0.5234,93.7813
main,progressive-440,speed_bench_prog_v_sampling.jpg,packed-bgra,zune-scalar,packed_conversion,18.834450,8.2258,1.9423
main,progressive-440,speed_bench_prog_v_sampling.jpg,packed-bgra,zune-scalar,post_output_copy,0.750040,0.3291,2.6679
main,progressive-440,speed_bench_prog_v_sampling.jpg,packed-bgra,zune-scalar,raw_plane_copy,0.000000,0.0000,0.0000
main,progressive-440,speed_bench_prog_v_sampling.jpg,packed-bgra,zune-scalar,reconstruction_other,0.163774,0.0712,5.3509
main,progressive-440,speed_bench_prog_v_sampling.jpg,packed-bgra,zune-scalar,scan_acfirst_c0,3.865037,1.6841,5.3574
main,progressive-440,speed_bench_prog_v_sampling.jpg,packed-bgra,zune-scalar,scan_acfirst_c1,1.028817,0.4482,4.1046
main,progressive-440,speed_bench_prog_v_sampling.jpg,packed-bgra,zune-scalar,scan_acfirst_c2,1.025751,0.4491,3.2411
main,progressive-440,speed_bench_prog_v_sampling.jpg,packed-bgra,zune-scalar,scan_acrefine_c0,82.752256,36.1395,1.4118
main,progressive-440,speed_bench_prog_v_sampling.jpg,packed-bgra,zune-scalar,scan_acrefine_c1,5.050686,2.1993,3.3712
main,progressive-440,speed_bench_prog_v_sampling.jpg,packed-bgra,zune-scalar,scan_acrefine_c2,6.872503,2.9821,1.1376
main,progressive-440,speed_bench_prog_v_sampling.jpg,packed-bgra,zune-scalar,scan_dcfirst_c-1,21.811773,9.4816,6.6706
main,progressive-440,speed_bench_prog_v_sampling.jpg,packed-bgra,zune-scalar,scan_dcrefine_c-1,22.120188,9.6244,4.0081
main,progressive-440,speed_bench_prog_v_sampling.jpg,packed-bgra,zune-scalar,session_orchestration,12.977602,5.6308,3.8729
main,progressive-440,speed_bench_prog_v_sampling.jpg,packed-bgra,zune-scalar,upsampling,4.649791,2.0237,2.0236
main,progressive-440,speed_bench_prog_v_sampling.jpg,packed-bgra,zune-simd,final_dequant,17.628269,7.6592,11.6893
main,progressive-440,speed_bench_prog_v_sampling.jpg,packed-bgra,zune-simd,final_idct_8x8,26.471296,11.4745,8.3550
main,progressive-440,speed_bench_prog_v_sampling.jpg,packed-bgra,zune-simd,final_transform_traversal,0.341745,0.1490,118.0089
main,progressive-440,speed_bench_prog_v_sampling.jpg,packed-bgra,zune-simd,packed_conversion,18.882496,8.2477,7.9185
main,progressive-440,speed_bench_prog_v_sampling.jpg,packed-bgra,zune-simd,post_output_copy,0.760880,0.3306,5.5428
main,progressive-440,speed_bench_prog_v_sampling.jpg,packed-bgra,zune-simd,raw_plane_copy,0.000000,0.0000,0.0000
main,progressive-440,speed_bench_prog_v_sampling.jpg,packed-bgra,zune-simd,reconstruction_other,0.166643,0.0716,4.6635
main,progressive-440,speed_bench_prog_v_sampling.jpg,packed-bgra,zune-simd,scan_acfirst_c0,3.894191,1.6971,2.7166
main,progressive-440,speed_bench_prog_v_sampling.jpg,packed-bgra,zune-simd,scan_acfirst_c1,1.030639,0.4488,0.9296
main,progressive-440,speed_bench_prog_v_sampling.jpg,packed-bgra,zune-simd,scan_acfirst_c2,1.028657,0.4477,1.5081
main,progressive-440,speed_bench_prog_v_sampling.jpg,packed-bgra,zune-simd,scan_acrefine_c0,82.689689,36.1275,0.8669
main,progressive-440,speed_bench_prog_v_sampling.jpg,packed-bgra,zune-simd,scan_acrefine_c1,5.052260,2.1980,1.2644
main,progressive-440,speed_bench_prog_v_sampling.jpg,packed-bgra,zune-simd,scan_acrefine_c2,6.889711,3.0101,3.9241
main,progressive-440,speed_bench_prog_v_sampling.jpg,packed-bgra,zune-simd,scan_dcfirst_c-1,21.773398,9.4841,0.8031
main,progressive-440,speed_bench_prog_v_sampling.jpg,packed-bgra,zune-simd,scan_dcrefine_c-1,21.988089,9.5474,1.6670
main,progressive-440,speed_bench_prog_v_sampling.jpg,packed-bgra,zune-simd,session_orchestration,13.035136,5.6351,1.4191
main,progressive-440,speed_bench_prog_v_sampling.jpg,packed-bgra,zune-simd,upsampling,4.685029,2.0405,4.4480
main,progressive-440,speed_bench_prog_v_sampling.jpg,raw,zune-scalar,final_dequant,16.126241,5.5356,17.2504
main,progressive-440,speed_bench_prog_v_sampling.jpg,raw,zune-scalar,final_idct_8x8,25.123662,8.6797,7.1805
main,progressive-440,speed_bench_prog_v_sampling.jpg,raw,zune-scalar,final_transform_traversal,5.474115,1.8710,46.2673
main,progressive-440,speed_bench_prog_v_sampling.jpg,raw,zune-scalar,packed_conversion,0.000000,0.0000,0.0000
main,progressive-440,speed_bench_prog_v_sampling.jpg,raw,zune-scalar,post_output_copy,0.000000,0.0000,0.0000
main,progressive-440,speed_bench_prog_v_sampling.jpg,raw,zune-scalar,raw_plane_copy,3.968983,1.3546,11.5583
main,progressive-440,speed_bench_prog_v_sampling.jpg,raw,zune-scalar,reconstruction_other,4.323745,1.4833,2.7048
main,progressive-440,speed_bench_prog_v_sampling.jpg,raw,zune-scalar,scan_acfirst_c0,9.443924,3.2245,0.8213
main,progressive-440,speed_bench_prog_v_sampling.jpg,raw,zune-scalar,scan_acfirst_c1,2.427336,0.8290,1.0856
main,progressive-440,speed_bench_prog_v_sampling.jpg,raw,zune-scalar,scan_acfirst_c2,2.494842,0.8516,2.0566
main,progressive-440,speed_bench_prog_v_sampling.jpg,raw,zune-scalar,scan_acrefine_c0,88.085900,30.1239,0.3110
main,progressive-440,speed_bench_prog_v_sampling.jpg,raw,zune-scalar,scan_acrefine_c1,6.454396,2.2100,2.6142
main,progressive-440,speed_bench_prog_v_sampling.jpg,raw,zune-scalar,scan_acrefine_c2,8.129062,2.7821,0.6386
main,progressive-440,speed_bench_prog_v_sampling.jpg,raw,zune-scalar,scan_dcfirst_c-1,59.550485,20.4065,0.4429
main,progressive-440,speed_bench_prog_v_sampling.jpg,raw,zune-scalar,scan_dcrefine_c-1,47.905412,16.2700,4.0668
main,progressive-440,speed_bench_prog_v_sampling.jpg,raw,zune-scalar,session_orchestration,12.766171,4.3634,1.1471
main,progressive-440,speed_bench_prog_v_sampling.jpg,raw,zune-scalar,upsampling,0.000000,0.0000,0.0000
main,progressive-440,speed_bench_prog_v_sampling.jpg,raw,zune-simd,final_dequant,16.210915,5.5229,12.9311
main,progressive-440,speed_bench_prog_v_sampling.jpg,raw,zune-simd,final_idct_8x8,25.031463,8.5959,6.5545
main,progressive-440,speed_bench_prog_v_sampling.jpg,raw,zune-simd,final_transform_traversal,5.859662,1.9997,61.0976
main,progressive-440,speed_bench_prog_v_sampling.jpg,raw,zune-simd,packed_conversion,0.000000,0.0000,0.0000
main,progressive-440,speed_bench_prog_v_sampling.jpg,raw,zune-simd,post_output_copy,0.000000,0.0000,0.0000
main,progressive-440,speed_bench_prog_v_sampling.jpg,raw,zune-simd,raw_plane_copy,3.914720,1.3393,4.8856
main,progressive-440,speed_bench_prog_v_sampling.jpg,raw,zune-simd,reconstruction_other,4.332006,1.4736,1.3016
main,progressive-440,speed_bench_prog_v_sampling.jpg,raw,zune-simd,scan_acfirst_c0,9.434713,3.2330,0.8494
main,progressive-440,speed_bench_prog_v_sampling.jpg,raw,zune-simd,scan_acfirst_c1,2.424792,0.8286,1.4610
main,progressive-440,speed_bench_prog_v_sampling.jpg,raw,zune-simd,scan_acfirst_c2,2.473182,0.8493,2.3645
main,progressive-440,speed_bench_prog_v_sampling.jpg,raw,zune-simd,scan_acrefine_c0,88.122216,30.1828,0.7518
main,progressive-440,speed_bench_prog_v_sampling.jpg,raw,zune-simd,scan_acrefine_c1,6.479974,2.2243,7.0588
main,progressive-440,speed_bench_prog_v_sampling.jpg,raw,zune-simd,scan_acrefine_c2,8.140248,2.7862,19.9189
main,progressive-440,speed_bench_prog_v_sampling.jpg,raw,zune-simd,scan_dcfirst_c-1,59.522699,20.3518,3.1550
main,progressive-440,speed_bench_prog_v_sampling.jpg,raw,zune-simd,scan_dcrefine_c-1,47.837125,16.3143,2.6264
main,progressive-440,speed_bench_prog_v_sampling.jpg,raw,zune-simd,session_orchestration,12.711818,4.3560,3.2612
main,progressive-440,speed_bench_prog_v_sampling.jpg,raw,zune-simd,upsampling,0.000000,0.0000,0.0000
main,progressive-440,speed_bench_prog_v_sampling.jpg,scanlines-bgra,zune-scalar,final_dequant,16.138797,5.2803,22.1899
main,progressive-440,speed_bench_prog_v_sampling.jpg,scanlines-bgra,zune-scalar,final_idct_8x8,25.104709,8.1817,11.5927
main,progressive-440,speed_bench_prog_v_sampling.jpg,scanlines-bgra,zune-scalar,final_transform_traversal,5.728578,1.8886,72.2148
main,progressive-440,speed_bench_prog_v_sampling.jpg,scanlines-bgra,zune-scalar,packed_conversion,12.132860,3.9638,18.2964
main,progressive-440,speed_bench_prog_v_sampling.jpg,scanlines-bgra,zune-scalar,post_output_copy,0.752181,0.2454,7.8504
main,progressive-440,speed_bench_prog_v_sampling.jpg,scanlines-bgra,zune-scalar,raw_plane_copy,0.000000,0.0000,0.0000
main,progressive-440,speed_bench_prog_v_sampling.jpg,scanlines-bgra,zune-scalar,reconstruction_other,4.260609,1.3787,7.1207
main,progressive-440,speed_bench_prog_v_sampling.jpg,scanlines-bgra,zune-scalar,scan_acfirst_c0,9.495668,3.0822,12.6331
main,progressive-440,speed_bench_prog_v_sampling.jpg,scanlines-bgra,zune-scalar,scan_acfirst_c1,2.419963,0.7937,10.4786
main,progressive-440,speed_bench_prog_v_sampling.jpg,scanlines-bgra,zune-scalar,scan_acfirst_c2,2.492900,0.8185,11.1764
main,progressive-440,speed_bench_prog_v_sampling.jpg,scanlines-bgra,zune-scalar,scan_acrefine_c0,88.350618,29.1096,19.7417
main,progressive-440,speed_bench_prog_v_sampling.jpg,scanlines-bgra,zune-scalar,scan_acrefine_c1,6.446285,2.1117,15.1960
main,progressive-440,speed_bench_prog_v_sampling.jpg,scanlines-bgra,zune-scalar,scan_acrefine_c2,8.155988,2.6674,18.4065
main,progressive-440,speed_bench_prog_v_sampling.jpg,scanlines-bgra,zune-scalar,scan_dcfirst_c-1,58.520162,19.1781,3.7945
main,progressive-440,speed_bench_prog_v_sampling.jpg,scanlines-bgra,zune-scalar,scan_dcrefine_c-1,47.535866,15.4318,5.8984
main,progressive-440,speed_bench_prog_v_sampling.jpg,scanlines-bgra,zune-scalar,session_orchestration,13.279468,4.3275,4.3442
main,progressive-440,speed_bench_prog_v_sampling.jpg,scanlines-bgra,zune-scalar,upsampling,4.712259,1.5484,6.1595
main,progressive-440,speed_bench_prog_v_sampling.jpg,scanlines-bgra,zune-simd,final_dequant,16.470744,5.3178,20.9630
main,progressive-440,speed_bench_prog_v_sampling.jpg,scanlines-bgra,zune-simd,final_idct_8x8,25.011031,8.1176,11.9758
main,progressive-440,speed_bench_prog_v_sampling.jpg,scanlines-bgra,zune-simd,final_transform_traversal,3.547586,1.1618,80.5583
main,progressive-440,speed_bench_prog_v_sampling.jpg,scanlines-bgra,zune-simd,packed_conversion,12.123736,3.9360,15.0060
main,progressive-440,speed_bench_prog_v_sampling.jpg,scanlines-bgra,zune-simd,post_output_copy,0.751495,0.2428,6.1682
main,progressive-440,speed_bench_prog_v_sampling.jpg,scanlines-bgra,zune-simd,raw_plane_copy,0.000000,0.0000,0.0000
main,progressive-440,speed_bench_prog_v_sampling.jpg,scanlines-bgra,zune-simd,reconstruction_other,4.190177,1.3571,4.4310
main,progressive-440,speed_bench_prog_v_sampling.jpg,scanlines-bgra,zune-simd,scan_acfirst_c0,9.588862,3.1276,18.5048
main,progressive-440,speed_bench_prog_v_sampling.jpg,scanlines-bgra,zune-simd,scan_acfirst_c1,2.410566,0.7854,19.9528
main,progressive-440,speed_bench_prog_v_sampling.jpg,scanlines-bgra,zune-simd,scan_acfirst_c2,2.481358,0.8093,18.9572
main,progressive-440,speed_bench_prog_v_sampling.jpg,scanlines-bgra,zune-simd,scan_acrefine_c0,88.109149,28.8302,21.0068
main,progressive-440,speed_bench_prog_v_sampling.jpg,scanlines-bgra,zune-simd,scan_acrefine_c1,6.461134,2.1068,18.5267
main,progressive-440,speed_bench_prog_v_sampling.jpg,scanlines-bgra,zune-simd,scan_acrefine_c2,8.139708,2.6568,19.9011
main,progressive-440,speed_bench_prog_v_sampling.jpg,scanlines-bgra,zune-simd,scan_dcfirst_c-1,58.894301,19.1971,5.3820
main,progressive-440,speed_bench_prog_v_sampling.jpg,scanlines-bgra,zune-simd,scan_dcrefine_c-1,47.628817,15.6796,7.6638
main,progressive-440,speed_bench_prog_v_sampling.jpg,scanlines-bgra,zune-simd,session_orchestration,13.300165,4.3371,6.0431
main,progressive-440,speed_bench_prog_v_sampling.jpg,scanlines-bgra,zune-simd,upsampling,4.711207,1.5249,4.9912
main,progressive-444,speed_bench_prog.jpg,packed-bgra,zune-scalar,final_dequant,24.509958,8.7488,7.8044
main,progressive-444,speed_bench_prog.jpg,packed-bgra,zune-scalar,final_idct_8x8,26.795923,9.5844,8.0102
main,progressive-444,speed_bench_prog.jpg,packed-bgra,zune-scalar,final_transform_traversal,10.483076,3.6921,45.3296
main,progressive-444,speed_bench_prog.jpg,packed-bgra,zune-scalar,packed_conversion,18.897703,6.7500,0.4372
main,progressive-444,speed_bench_prog.jpg,packed-bgra,zune-scalar,post_output_copy,0.161317,0.0577,2.7058
main,progressive-444,speed_bench_prog.jpg,packed-bgra,zune-scalar,raw_plane_copy,0.000000,0.0000,0.0000
main,progressive-444,speed_bench_prog.jpg,packed-bgra,zune-scalar,reconstruction_other,0.068319,0.0244,8.8036
main,progressive-444,speed_bench_prog.jpg,packed-bgra,zune-scalar,scan_acfirst_c0,3.896571,1.3928,16.5962
main,progressive-444,speed_bench_prog.jpg,packed-bgra,zune-scalar,scan_acfirst_c1,1.954832,0.6984,18.3664
main,progressive-444,speed_bench_prog.jpg,packed-bgra,zune-scalar,scan_acfirst_c2,2.016008,0.7188,18.7441
main,progressive-444,speed_bench_prog.jpg,packed-bgra,zune-scalar,scan_acrefine_c0,82.553136,29.5076,4.3753
main,progressive-444,speed_bench_prog.jpg,packed-bgra,zune-scalar,scan_acrefine_c1,9.000915,3.2234,0.7584
main,progressive-444,speed_bench_prog.jpg,packed-bgra,zune-scalar,scan_acrefine_c2,11.639388,4.1580,0.8987
main,progressive-444,speed_bench_prog.jpg,packed-bgra,zune-scalar,scan_dcfirst_c-1,35.315480,12.6111,1.4001
main,progressive-444,speed_bench_prog.jpg,packed-bgra,zune-scalar,scan_dcrefine_c-1,34.496205,12.2657,1.6242
main,progressive-444,speed_bench_prog.jpg,packed-bgra,zune-scalar,session_orchestration,18.067914,6.4555,0.9151
main,progressive-444,speed_bench_prog.jpg,packed-bgra,zune-scalar,upsampling,0.000000,0.0000,0.0000
main,progressive-444,speed_bench_prog.jpg,packed-bgra,zune-simd,final_dequant,24.559467,8.7440,4.6459
main,progressive-444,speed_bench_prog.jpg,packed-bgra,zune-simd,final_idct_8x8,26.739088,9.5195,5.0893
main,progressive-444,speed_bench_prog.jpg,packed-bgra,zune-simd,final_transform_traversal,9.937472,3.5576,20.3120
main,progressive-444,speed_bench_prog.jpg,packed-bgra,zune-simd,packed_conversion,18.908091,6.7474,0.7710
main,progressive-444,speed_bench_prog.jpg,packed-bgra,zune-simd,post_output_copy,0.160950,0.0573,3.1952
main,progressive-444,speed_bench_prog.jpg,packed-bgra,zune-simd,raw_plane_copy,0.000000,0.0000,0.0000
main,progressive-444,speed_bench_prog.jpg,packed-bgra,zune-simd,reconstruction_other,0.068443,0.0245,6.4412
main,progressive-444,speed_bench_prog.jpg,packed-bgra,zune-simd,scan_acfirst_c0,3.874810,1.3837,0.6818
main,progressive-444,speed_bench_prog.jpg,packed-bgra,zune-simd,scan_acfirst_c1,1.954792,0.6961,1.1097
main,progressive-444,speed_bench_prog.jpg,packed-bgra,zune-simd,scan_acfirst_c2,2.005558,0.7152,0.5027
main,progressive-444,speed_bench_prog.jpg,packed-bgra,zune-simd,scan_acrefine_c0,82.545365,29.4706,0.2064
main,progressive-444,speed_bench_prog.jpg,packed-bgra,zune-simd,scan_acrefine_c1,9.041431,3.2214,2.2245
main,progressive-444,speed_bench_prog.jpg,packed-bgra,zune-simd,scan_acrefine_c2,11.576741,4.1187,1.6536
main,progressive-444,speed_bench_prog.jpg,packed-bgra,zune-simd,scan_dcfirst_c-1,35.356167,12.6102,0.5574
main,progressive-444,speed_bench_prog.jpg,packed-bgra,zune-simd,scan_dcrefine_c-1,34.737366,12.3849,1.1903
main,progressive-444,speed_bench_prog.jpg,packed-bgra,zune-simd,session_orchestration,18.112496,6.4586,0.8627
main,progressive-444,speed_bench_prog.jpg,packed-bgra,zune-simd,upsampling,0.000000,0.0000,0.0000
main,progressive-444,speed_bench_prog.jpg,raw,zune-scalar,final_dequant,27.057714,7.7857,10.0833
main,progressive-444,speed_bench_prog.jpg,raw,zune-scalar,final_idct_8x8,28.699763,8.5201,11.8238
main,progressive-444,speed_bench_prog.jpg,raw,zune-scalar,final_transform_traversal,7.180541,2.2262,61.7321
main,progressive-444,speed_bench_prog.jpg,raw,zune-scalar,packed_conversion,0.000000,0.0000,0.0000
main,progressive-444,speed_bench_prog.jpg,raw,zune-scalar,post_output_copy,0.000000,0.0000,0.0000
main,progressive-444,speed_bench_prog.jpg,raw,zune-scalar,raw_plane_copy,5.419516,1.6770,7.5554
main,progressive-444,speed_bench_prog.jpg,raw,zune-scalar,reconstruction_other,3.764595,1.1581,4.3143
main,progressive-444,speed_bench_prog.jpg,raw,zune-scalar,scan_acfirst_c0,9.436732,2.9093,1.3850
main,progressive-444,speed_bench_prog.jpg,raw,zune-scalar,scan_acfirst_c1,4.714293,1.4464,1.9864
main,progressive-444,speed_bench_prog.jpg,raw,zune-scalar,scan_acfirst_c2,4.778975,1.4741,2.3085
main,progressive-444,speed_bench_prog.jpg,raw,zune-scalar,scan_acrefine_c0,88.101038,27.2680,5.8827
main,progressive-444,speed_bench_prog.jpg,raw,zune-scalar,scan_acrefine_c1,11.813640,3.6492,13.4157
main,progressive-444,speed_bench_prog.jpg,raw,zune-scalar,scan_acrefine_c2,14.313420,4.4167,18.8229
main,progressive-444,speed_bench_prog.jpg,raw,zune-scalar,scan_dcfirst_c-1,56.170292,17.3028,1.7100
main,progressive-444,speed_bench_prog.jpg,raw,zune-scalar,scan_dcrefine_c-1,43.349657,13.2773,2.2980
main,progressive-444,speed_bench_prog.jpg,raw,zune-scalar,session_orchestration,19.638190,6.0282,2.0279
main,progressive-444,speed_bench_prog.jpg,raw,zune-scalar,upsampling,0.000000,0.0000,0.0000
main,progressive-444,speed_bench_prog.jpg,raw,zune-simd,final_dequant,24.369954,7.5063,20.2036
main,progressive-444,speed_bench_prog.jpg,raw,zune-simd,final_idct_8x8,27.311085,8.3648,13.3117
main,progressive-444,speed_bench_prog.jpg,raw,zune-simd,final_transform_traversal,9.658376,2.5771,42.2638
main,progressive-444,speed_bench_prog.jpg,raw,zune-simd,packed_conversion,0.000000,0.0000,0.0000
main,progressive-444,speed_bench_prog.jpg,raw,zune-simd,post_output_copy,0.000000,0.0000,0.0000
main,progressive-444,speed_bench_prog.jpg,raw,zune-simd,raw_plane_copy,5.430879,1.6786,25.3754
main,progressive-444,speed_bench_prog.jpg,raw,zune-simd,reconstruction_other,3.778083,1.1645,7.7034
main,progressive-444,speed_bench_prog.jpg,raw,zune-simd,scan_acfirst_c0,9.429985,2.9193,19.8839
main,progressive-444,speed_bench_prog.jpg,raw,zune-simd,scan_acfirst_c1,4.722940,1.4492,18.5337
main,progressive-444,speed_bench_prog.jpg,raw,zune-simd,scan_acfirst_c2,4.799583,1.4798,19.3661
main,progressive-444,speed_bench_prog.jpg,raw,zune-simd,scan_acrefine_c0,88.235813,27.2847,25.6656
main,progressive-444,speed_bench_prog.jpg,raw,zune-simd,scan_acrefine_c1,11.801203,3.6436,22.0927
main,progressive-444,speed_bench_prog.jpg,raw,zune-simd,scan_acrefine_c2,14.314012,4.4056,27.0741
main,progressive-444,speed_bench_prog.jpg,raw,zune-simd,scan_dcfirst_c-1,56.300586,17.2906,7.5909
main,progressive-444,speed_bench_prog.jpg,raw,zune-simd,scan_dcrefine_c-1,43.396582,13.3375,10.0293
main,progressive-444,speed_bench_prog.jpg,raw,zune-simd,session_orchestration,19.673687,6.0572,4.1416
main,progressive-444,speed_bench_prog.jpg,raw,zune-simd,upsampling,0.000000,0.0000,0.0000
main,progressive-444,speed_bench_prog.jpg,scanlines-bgra,zune-scalar,final_dequant,24.678890,7.4538,5.1474
main,progressive-444,speed_bench_prog.jpg,scanlines-bgra,zune-scalar,final_idct_8x8,27.084387,8.1683,2.6240
main,progressive-444,speed_bench_prog.jpg,scanlines-bgra,zune-scalar,final_transform_traversal,10.243117,3.0925,13.3749
main,progressive-444,speed_bench_prog.jpg,scanlines-bgra,zune-scalar,packed_conversion,11.935882,3.5960,1.3970
main,progressive-444,speed_bench_prog.jpg,scanlines-bgra,zune-scalar,post_output_copy,0.164085,0.0492,2.4929
main,progressive-444,speed_bench_prog.jpg,scanlines-bgra,zune-scalar,raw_plane_copy,0.000000,0.0000,0.0000
main,progressive-444,speed_bench_prog.jpg,scanlines-bgra,zune-scalar,reconstruction_other,3.608269,1.0871,2.2248
main,progressive-444,speed_bench_prog.jpg,scanlines-bgra,zune-scalar,scan_acfirst_c0,9.472344,2.8586,1.1719
main,progressive-444,speed_bench_prog.jpg,scanlines-bgra,zune-scalar,scan_acfirst_c1,4.706047,1.4163,1.6294
main,progressive-444,speed_bench_prog.jpg,scanlines-bgra,zune-scalar,scan_acfirst_c2,4.790716,1.4459,2.7286
main,progressive-444,speed_bench_prog.jpg,scanlines-bgra,zune-scalar,scan_acrefine_c0,88.631411,26.7465,2.5511
main,progressive-444,speed_bench_prog.jpg,scanlines-bgra,zune-scalar,scan_acrefine_c1,11.823742,3.5860,1.4524
main,progressive-444,speed_bench_prog.jpg,scanlines-bgra,zune-scalar,scan_acrefine_c2,14.307151,4.3380,0.9800
main,progressive-444,speed_bench_prog.jpg,scanlines-bgra,zune-scalar,scan_dcfirst_c-1,56.113087,16.9933,4.9551
main,progressive-444,speed_bench_prog.jpg,scanlines-bgra,zune-scalar,scan_dcrefine_c-1,43.212039,13.0928,6.2261
main,progressive-444,speed_bench_prog.jpg,scanlines-bgra,zune-scalar,session_orchestration,19.441391,5.8849,1.0634
main,progressive-444,speed_bench_prog.jpg,scanlines-bgra,zune-scalar,upsampling,0.000000,0.0000,0.0000
main,progressive-444,speed_bench_prog.jpg,scanlines-bgra,zune-simd,final_dequant,24.708406,7.4927,6.5361
main,progressive-444,speed_bench_prog.jpg,scanlines-bgra,zune-simd,final_idct_8x8,27.121647,8.2058,5.8049
main,progressive-444,speed_bench_prog.jpg,scanlines-bgra,zune-simd,final_transform_traversal,9.795203,2.9547,23.3557
main,progressive-444,speed_bench_prog.jpg,scanlines-bgra,zune-simd,packed_conversion,11.904092,3.5998,0.7655
main,progressive-444,speed_bench_prog.jpg,scanlines-bgra,zune-simd,post_output_copy,0.163847,0.0496,3.7606
main,progressive-444,speed_bench_prog.jpg,scanlines-bgra,zune-simd,raw_plane_copy,0.000000,0.0000,0.0000
main,progressive-444,speed_bench_prog.jpg,scanlines-bgra,zune-simd,reconstruction_other,3.611146,1.0911,2.0081
main,progressive-444,speed_bench_prog.jpg,scanlines-bgra,zune-simd,scan_acfirst_c0,9.423104,2.8575,1.4581
main,progressive-444,speed_bench_prog.jpg,scanlines-bgra,zune-simd,scan_acfirst_c1,4.713279,1.4248,0.8301
main,progressive-444,speed_bench_prog.jpg,scanlines-bgra,zune-simd,scan_acfirst_c2,4.823837,1.4628,2.2891
main,progressive-444,speed_bench_prog.jpg,scanlines-bgra,zune-simd,scan_acrefine_c0,88.322613,26.7655,0.3702
main,progressive-444,speed_bench_prog.jpg,scanlines-bgra,zune-simd,scan_acrefine_c1,11.831096,3.5870,1.2610
main,progressive-444,speed_bench_prog.jpg,scanlines-bgra,zune-simd,scan_acrefine_c2,14.360424,4.3462,0.8434
main,progressive-444,speed_bench_prog.jpg,scanlines-bgra,zune-simd,scan_dcfirst_c-1,56.196630,17.0099,1.9373
main,progressive-444,speed_bench_prog.jpg,scanlines-bgra,zune-simd,scan_dcrefine_c-1,43.071284,13.0556,0.3479
main,progressive-444,speed_bench_prog.jpg,scanlines-bgra,zune-simd,session_orchestration,19.626770,5.9425,0.8995
main,progressive-444,speed_bench_prog.jpg,scanlines-bgra,zune-simd,upsampling,0.000000,0.0000,0.0000
noninterleaved-packed-bgra,noninterleaved,baseline_non_interleaved.jpg,packed-bgra,zune-scalar,checkpoint,0.000000,0.0000,0.0000
noninterleaved-packed-bgra,noninterleaved,baseline_non_interleaved.jpg,packed-bgra,zune-scalar,coefficient_clear_dispatch,0.162048,13.9938,10.6988
noninterleaved-packed-bgra,noninterleaved,baseline_non_interleaved.jpg,packed-bgra,zune-scalar,coefficient_dequant,0.017247,1.4852,20.0054
noninterleaved-packed-bgra,noninterleaved,baseline_non_interleaved.jpg,packed-bgra,zune-scalar,huffman_entropy,0.283463,24.6702,4.8627
noninterleaved-packed-bgra,noninterleaved,baseline_non_interleaved.jpg,packed-bgra,zune-scalar,idct_1x1,0.106097,9.1699,5.1010
noninterleaved-packed-bgra,noninterleaved,baseline_non_interleaved.jpg,packed-bgra,zune-scalar,idct_4x4,0.000000,0.0000,0.0000
noninterleaved-packed-bgra,noninterleaved,baseline_non_interleaved.jpg,packed-bgra,zune-scalar,idct_8x8,0.000000,0.0000,0.0000
noninterleaved-packed-bgra,noninterleaved,baseline_non_interleaved.jpg,packed-bgra,zune-scalar,packed_conversion,0.271506,23.3810,4.2779
noninterleaved-packed-bgra,noninterleaved,baseline_non_interleaved.jpg,packed-bgra,zune-scalar,post_output_copy,0.033926,2.9246,1.3227
noninterleaved-packed-bgra,noninterleaved,baseline_non_interleaved.jpg,packed-bgra,zune-scalar,raw_plane_copy,0.000000,0.0000,0.0000
noninterleaved-packed-bgra,noninterleaved,baseline_non_interleaved.jpg,packed-bgra,zune-scalar,session_orchestration,0.146013,12.7242,4.4038
noninterleaved-packed-bgra,noninterleaved,baseline_non_interleaved.jpg,packed-bgra,zune-scalar,upsampling,0.120826,10.4644,7.9512
noninterleaved-packed-bgra,noninterleaved,baseline_non_interleaved.jpg,packed-bgra,zune-simd,checkpoint,0.000000,0.0000,0.0000
noninterleaved-packed-bgra,noninterleaved,baseline_non_interleaved.jpg,packed-bgra,zune-simd,coefficient_clear_dispatch,0.141882,13.0123,17.1934
noninterleaved-packed-bgra,noninterleaved,baseline_non_interleaved.jpg,packed-bgra,zune-simd,coefficient_dequant,0.020781,1.7910,17.4727
noninterleaved-packed-bgra,noninterleaved,baseline_non_interleaved.jpg,packed-bgra,zune-simd,huffman_entropy,0.300934,25.8228,10.7381
noninterleaved-packed-bgra,noninterleaved,baseline_non_interleaved.jpg,packed-bgra,zune-simd,idct_1x1,0.111771,9.9076,7.2527
noninterleaved-packed-bgra,noninterleaved,baseline_non_interleaved.jpg,packed-bgra,zune-simd,idct_4x4,0.000000,0.0000,0.0000
noninterleaved-packed-bgra,noninterleaved,baseline_non_interleaved.jpg,packed-bgra,zune-simd,idct_8x8,0.000000,0.0000,0.0000
noninterleaved-packed-bgra,noninterleaved,baseline_non_interleaved.jpg,packed-bgra,zune-simd,packed_conversion,0.272805,23.3706,7.0488
noninterleaved-packed-bgra,noninterleaved,baseline_non_interleaved.jpg,packed-bgra,zune-simd,post_output_copy,0.033937,2.9132,4.4741
noninterleaved-packed-bgra,noninterleaved,baseline_non_interleaved.jpg,packed-bgra,zune-simd,raw_plane_copy,0.000000,0.0000,0.0000
noninterleaved-packed-bgra,noninterleaved,baseline_non_interleaved.jpg,packed-bgra,zune-simd,session_orchestration,0.146443,12.7487,6.5289
noninterleaved-packed-bgra,noninterleaved,baseline_non_interleaved.jpg,packed-bgra,zune-simd,upsampling,0.121058,10.4624,6.6878
noninterleaved-raw,noninterleaved,baseline_non_interleaved.jpg,raw,zune-scalar,checkpoint,0.009040,1.1216,3.7607
noninterleaved-raw,noninterleaved,baseline_non_interleaved.jpg,raw,zune-scalar,coefficient_clear_dispatch,0.189378,23.1700,15.6382
noninterleaved-raw,noninterleaved,baseline_non_interleaved.jpg,raw,zune-scalar,coefficient_dequant,0.020781,2.5796,20.7881
noninterleaved-raw,noninterleaved,baseline_non_interleaved.jpg,raw,zune-scalar,huffman_entropy,0.260327,32.4208,6.2301
noninterleaved-raw,noninterleaved,baseline_non_interleaved.jpg,raw,zune-scalar,idct_1x1,0.111052,13.6740,9.5750
noninterleaved-raw,noninterleaved,baseline_non_interleaved.jpg,raw,zune-scalar,idct_4x4,0.000000,0.0000,0.0000
noninterleaved-raw,noninterleaved,baseline_non_interleaved.jpg,raw,zune-scalar,idct_8x8,0.000000,0.0000,0.0000
noninterleaved-raw,noninterleaved,baseline_non_interleaved.jpg,raw,zune-scalar,packed_conversion,0.000000,0.0000,0.0000
noninterleaved-raw,noninterleaved,baseline_non_interleaved.jpg,raw,zune-scalar,post_output_copy,0.000000,0.0000,0.0000
noninterleaved-raw,noninterleaved,baseline_non_interleaved.jpg,raw,zune-scalar,raw_plane_copy,0.080879,10.0222,6.4938
noninterleaved-raw,noninterleaved,baseline_non_interleaved.jpg,raw,zune-scalar,session_orchestration,0.133953,16.6114,6.8301
noninterleaved-raw,noninterleaved,baseline_non_interleaved.jpg,raw,zune-scalar,upsampling,0.000000,0.0000,0.0000
noninterleaved-raw,noninterleaved,baseline_non_interleaved.jpg,raw,zune-simd,checkpoint,0.009127,1.1330,49.9151
noninterleaved-raw,noninterleaved,baseline_non_interleaved.jpg,raw,zune-simd,coefficient_clear_dispatch,0.176784,21.9505,35.0246
noninterleaved-raw,noninterleaved,baseline_non_interleaved.jpg,raw,zune-simd,coefficient_dequant,0.019013,2.3538,60.5928
noninterleaved-raw,noninterleaved,baseline_non_interleaved.jpg,raw,zune-simd,huffman_entropy,0.260750,33.0035,7.5257
noninterleaved-raw,noninterleaved,baseline_non_interleaved.jpg,raw,zune-simd,idct_1x1,0.113949,14.0286,9.4736
noninterleaved-raw,noninterleaved,baseline_non_interleaved.jpg,raw,zune-simd,idct_4x4,0.000000,0.0000,0.0000
noninterleaved-raw,noninterleaved,baseline_non_interleaved.jpg,raw,zune-simd,idct_8x8,0.000000,0.0000,0.0000
noninterleaved-raw,noninterleaved,baseline_non_interleaved.jpg,raw,zune-simd,packed_conversion,0.000000,0.0000,0.0000
noninterleaved-raw,noninterleaved,baseline_non_interleaved.jpg,raw,zune-simd,post_output_copy,0.000000,0.0000,0.0000
noninterleaved-raw,noninterleaved,baseline_non_interleaved.jpg,raw,zune-simd,raw_plane_copy,0.080791,9.9351,11.6990
noninterleaved-raw,noninterleaved,baseline_non_interleaved.jpg,raw,zune-simd,session_orchestration,0.135481,16.9416,7.0535
noninterleaved-raw,noninterleaved,baseline_non_interleaved.jpg,raw,zune-simd,upsampling,0.000000,0.0000,0.0000
noninterleaved-scanlines-bgra,noninterleaved,baseline_non_interleaved.jpg,scanlines-bgra,zune-scalar,checkpoint,0.008977,0.7650,5.3387
noninterleaved-scanlines-bgra,noninterleaved,baseline_non_interleaved.jpg,scanlines-bgra,zune-scalar,coefficient_clear_dispatch,0.163679,13.8416,11.3526
noninterleaved-scanlines-bgra,noninterleaved,baseline_non_interleaved.jpg,scanlines-bgra,zune-scalar,coefficient_dequant,0.015621,1.3343,28.5761
noninterleaved-scanlines-bgra,noninterleaved,baseline_non_interleaved.jpg,scanlines-bgra,zune-scalar,huffman_entropy,0.285953,24.2138,4.1303
noninterleaved-scanlines-bgra,noninterleaved,baseline_non_interleaved.jpg,scanlines-bgra,zune-scalar,idct_1x1,0.108369,9.1443,7.8651
noninterleaved-scanlines-bgra,noninterleaved,baseline_non_interleaved.jpg,scanlines-bgra,zune-scalar,idct_4x4,0.000000,0.0000,0.0000
noninterleaved-scanlines-bgra,noninterleaved,baseline_non_interleaved.jpg,scanlines-bgra,zune-scalar,idct_8x8,0.000000,0.0000,0.0000
noninterleaved-scanlines-bgra,noninterleaved,baseline_non_interleaved.jpg,scanlines-bgra,zune-scalar,packed_conversion,0.274105,23.3110,4.1283
noninterleaved-scanlines-bgra,noninterleaved,baseline_non_interleaved.jpg,scanlines-bgra,zune-scalar,post_output_copy,0.034430,2.9167,19.2961
noninterleaved-scanlines-bgra,noninterleaved,baseline_non_interleaved.jpg,scanlines-bgra,zune-scalar,raw_plane_copy,0.000000,0.0000,0.0000
noninterleaved-scanlines-bgra,noninterleaved,baseline_non_interleaved.jpg,scanlines-bgra,zune-scalar,session_orchestration,0.148274,12.6937,2.2454
noninterleaved-scanlines-bgra,noninterleaved,baseline_non_interleaved.jpg,scanlines-bgra,zune-scalar,upsampling,0.120481,10.2102,4.3066
noninterleaved-scanlines-bgra,noninterleaved,baseline_non_interleaved.jpg,scanlines-bgra,zune-simd,checkpoint,0.008978,0.7619,3.4851
noninterleaved-scanlines-bgra,noninterleaved,baseline_non_interleaved.jpg,scanlines-bgra,zune-simd,coefficient_clear_dispatch,0.150377,12.8008,17.8997
noninterleaved-scanlines-bgra,noninterleaved,baseline_non_interleaved.jpg,scanlines-bgra,zune-simd,coefficient_dequant,0.019085,1.6003,29.2418
noninterleaved-scanlines-bgra,noninterleaved,baseline_non_interleaved.jpg,scanlines-bgra,zune-simd,huffman_entropy,0.288429,24.4523,6.4298
noninterleaved-scanlines-bgra,noninterleaved,baseline_non_interleaved.jpg,scanlines-bgra,zune-simd,idct_1x1,0.106302,9.0307,5.3003
noninterleaved-scanlines-bgra,noninterleaved,baseline_non_interleaved.jpg,scanlines-bgra,zune-simd,idct_4x4,0.000000,0.0000,0.0000
noninterleaved-scanlines-bgra,noninterleaved,baseline_non_interleaved.jpg,scanlines-bgra,zune-simd,idct_8x8,0.000000,0.0000,0.0000
noninterleaved-scanlines-bgra,noninterleaved,baseline_non_interleaved.jpg,scanlines-bgra,zune-simd,packed_conversion,0.272847,23.1735,2.6174
noninterleaved-scanlines-bgra,noninterleaved,baseline_non_interleaved.jpg,scanlines-bgra,zune-simd,post_output_copy,0.034423,2.9206,15.9706
noninterleaved-scanlines-bgra,noninterleaved,baseline_non_interleaved.jpg,scanlines-bgra,zune-simd,raw_plane_copy,0.000000,0.0000,0.0000
noninterleaved-scanlines-bgra,noninterleaved,baseline_non_interleaved.jpg,scanlines-bgra,zune-simd,session_orchestration,0.150431,12.9266,9.9461
noninterleaved-scanlines-bgra,noninterleaved,baseline_non_interleaved.jpg,scanlines-bgra,zune-simd,upsampling,0.120803,10.2882,6.8873
restart-baseline-packed-bgra,restart-baseline,four_components.jpg,packed-bgra,zune-scalar,checkpoint,0.008627,0.0948,32.8961
restart-baseline-packed-bgra,restart-baseline,four_components.jpg,packed-bgra,zune-scalar,coefficient_clear_dispatch,0.118620,1.7634,70.6046
restart-baseline-packed-bgra,restart-baseline,four_components.jpg,packed-bgra,zune-scalar,coefficient_dequant,0.573245,6.5246,41.6795
restart-baseline-packed-bgra,restart-baseline,four_components.jpg,packed-bgra,zune-scalar,huffman_entropy,3.656221,39.6702,23.1165
restart-baseline-packed-bgra,restart-baseline,four_components.jpg,packed-bgra,zune-scalar,idct_1x1,0.166453,1.8030,20.0233
restart-baseline-packed-bgra,restart-baseline,four_components.jpg,packed-bgra,zune-scalar,idct_4x4,1.118050,12.2891,6.7260
restart-baseline-packed-bgra,restart-baseline,four_components.jpg,packed-bgra,zune-scalar,idct_8x8,0.497766,5.6725,17.0181
restart-baseline-packed-bgra,restart-baseline,four_components.jpg,packed-bgra,zune-scalar,packed_conversion,2.693252,29.7983,13.7854
restart-baseline-packed-bgra,restart-baseline,four_components.jpg,packed-bgra,zune-scalar,post_output_copy,0.027073,0.2958,19.3540
restart-baseline-packed-bgra,restart-baseline,four_components.jpg,packed-bgra,zune-scalar,raw_plane_copy,0.000000,0.0000,0.0000
restart-baseline-packed-bgra,restart-baseline,four_components.jpg,packed-bgra,zune-scalar,session_orchestration,0.105188,1.2368,18.5046
restart-baseline-packed-bgra,restart-baseline,four_components.jpg,packed-bgra,zune-scalar,upsampling,0.000000,0.0000,0.0000
restart-baseline-packed-bgra,restart-baseline,four_components.jpg,packed-bgra,zune-simd,checkpoint,0.009077,0.1004,27.3147
restart-baseline-packed-bgra,restart-baseline,four_components.jpg,packed-bgra,zune-simd,coefficient_clear_dispatch,0.229979,2.7749,35.7825
restart-baseline-packed-bgra,restart-baseline,four_components.jpg,packed-bgra,zune-simd,coefficient_dequant,0.573045,6.3343,14.5755
restart-baseline-packed-bgra,restart-baseline,four_components.jpg,packed-bgra,zune-simd,huffman_entropy,3.725002,39.8032,16.6341
restart-baseline-packed-bgra,restart-baseline,four_components.jpg,packed-bgra,zune-simd,idct_1x1,0.171086,1.8512,17.6708
restart-baseline-packed-bgra,restart-baseline,four_components.jpg,packed-bgra,zune-simd,idct_4x4,1.128610,12.4935,4.2630
restart-baseline-packed-bgra,restart-baseline,four_components.jpg,packed-bgra,zune-simd,idct_8x8,0.502758,5.6028,13.3649
restart-baseline-packed-bgra,restart-baseline,four_components.jpg,packed-bgra,zune-simd,packed_conversion,2.681231,29.3278,11.3602
restart-baseline-packed-bgra,restart-baseline,four_components.jpg,packed-bgra,zune-simd,post_output_copy,0.027248,0.2950,14.3309
restart-baseline-packed-bgra,restart-baseline,four_components.jpg,packed-bgra,zune-simd,raw_plane_copy,0.000000,0.0000,0.0000
restart-baseline-packed-bgra,restart-baseline,four_components.jpg,packed-bgra,zune-simd,session_orchestration,0.109835,1.2571,24.0070
restart-baseline-packed-bgra,restart-baseline,four_components.jpg,packed-bgra,zune-simd,upsampling,0.000000,0.0000,0.0000
restart-baseline-raw,restart-baseline,four_components.jpg,raw,zune-scalar,checkpoint,0.007773,0.0998,2.0507
restart-baseline-raw,restart-baseline,four_components.jpg,raw,zune-scalar,coefficient_clear_dispatch,0.232100,2.9674,43.4737
restart-baseline-raw,restart-baseline,four_components.jpg,raw,zune-scalar,coefficient_dequant,0.626367,8.0080,15.0630
restart-baseline-raw,restart-baseline,four_components.jpg,raw,zune-scalar,huffman_entropy,3.884189,49.8233,2.7302
restart-baseline-raw,restart-baseline,four_components.jpg,raw,zune-scalar,idct_1x1,0.185198,2.3621,8.6425
restart-baseline-raw,restart-baseline,four_components.jpg,raw,zune-scalar,idct_4x4,1.170456,15.0995,3.0510
restart-baseline-raw,restart-baseline,four_components.jpg,raw,zune-scalar,idct_8x8,0.527603,6.7545,4.2099
restart-baseline-raw,restart-baseline,four_components.jpg,raw,zune-scalar,packed_conversion,0.000000,0.0000,0.0000
restart-baseline-raw,restart-baseline,four_components.jpg,raw,zune-scalar,post_output_copy,0.000000,0.0000,0.0000
restart-baseline-raw,restart-baseline,four_components.jpg,raw,zune-scalar,raw_plane_copy,0.369472,4.7527,2.9789
restart-baseline-raw,restart-baseline,four_components.jpg,raw,zune-scalar,session_orchestration,0.798946,10.2805,3.1785
restart-baseline-raw,restart-baseline,four_components.jpg,raw,zune-scalar,upsampling,0.000000,0.0000,0.0000
restart-baseline-raw,restart-baseline,four_components.jpg,raw,zune-simd,checkpoint,0.007795,0.0999,4.1639
restart-baseline-raw,restart-baseline,four_components.jpg,raw,zune-simd,coefficient_clear_dispatch,0.195504,2.5084,33.6959
restart-baseline-raw,restart-baseline,four_components.jpg,raw,zune-simd,coefficient_dequant,0.635583,8.1202,4.7655
restart-baseline-raw,restart-baseline,four_components.jpg,raw,zune-simd,huffman_entropy,3.890730,49.9108,1.3824
restart-baseline-raw,restart-baseline,four_components.jpg,raw,zune-simd,idct_1x1,0.187137,2.3835,9.8932
restart-baseline-raw,restart-baseline,four_components.jpg,raw,zune-simd,idct_4x4,1.173468,15.1108,1.8385
restart-baseline-raw,restart-baseline,four_components.jpg,raw,zune-simd,idct_8x8,0.536341,6.8638,2.7707
restart-baseline-raw,restart-baseline,four_components.jpg,raw,zune-simd,packed_conversion,0.000000,0.0000,0.0000
restart-baseline-raw,restart-baseline,four_components.jpg,raw,zune-simd,post_output_copy,0.000000,0.0000,0.0000
restart-baseline-raw,restart-baseline,four_components.jpg,raw,zune-simd,raw_plane_copy,0.375311,4.8121,2.5235
restart-baseline-raw,restart-baseline,four_components.jpg,raw,zune-simd,session_orchestration,0.789954,10.1458,2.3808
restart-baseline-raw,restart-baseline,four_components.jpg,raw,zune-simd,upsampling,0.000000,0.0000,0.0000
restart-baseline-scanlines-bgra,restart-baseline,four_components.jpg,scanlines-bgra,zune-scalar,checkpoint,0.008305,0.0809,70.1941
restart-baseline-scanlines-bgra,restart-baseline,four_components.jpg,scanlines-bgra,zune-scalar,coefficient_clear_dispatch,0.186864,1.9068,32.3520
restart-baseline-scanlines-bgra,restart-baseline,four_components.jpg,scanlines-bgra,zune-scalar,coefficient_dequant,0.597327,5.8487,8.1822
restart-baseline-scanlines-bgra,restart-baseline,four_components.jpg,scanlines-bgra,zune-scalar,huffman_entropy,3.864467,37.7116,2.5648
restart-baseline-scanlines-bgra,restart-baseline,four_components.jpg,scanlines-bgra,zune-scalar,idct_1x1,0.182074,1.7937,10.7868
restart-baseline-scanlines-bgra,restart-baseline,four_components.jpg,scanlines-bgra,zune-scalar,idct_4x4,1.164014,11.3528,3.6188
restart-baseline-scanlines-bgra,restart-baseline,four_components.jpg,scanlines-bgra,zune-scalar,idct_8x8,0.541675,5.1981,4.9053
restart-baseline-scanlines-bgra,restart-baseline,four_components.jpg,scanlines-bgra,zune-scalar,packed_conversion,2.806263,27.5573,2.9615
restart-baseline-scanlines-bgra,restart-baseline,four_components.jpg,scanlines-bgra,zune-scalar,post_output_copy,0.028966,0.2861,14.8356
restart-baseline-scanlines-bgra,restart-baseline,four_components.jpg,scanlines-bgra,zune-scalar,raw_plane_copy,0.000000,0.0000,0.0000
restart-baseline-scanlines-bgra,restart-baseline,four_components.jpg,scanlines-bgra,zune-scalar,session_orchestration,0.813084,7.9911,4.1346
restart-baseline-scanlines-bgra,restart-baseline,four_components.jpg,scanlines-bgra,zune-scalar,upsampling,0.000000,0.0000,0.0000
restart-baseline-scanlines-bgra,restart-baseline,four_components.jpg,scanlines-bgra,zune-simd,checkpoint,0.008333,0.0817,4.1308
restart-baseline-scanlines-bgra,restart-baseline,four_components.jpg,scanlines-bgra,zune-simd,coefficient_clear_dispatch,0.172341,1.6884,38.5196
restart-baseline-scanlines-bgra,restart-baseline,four_components.jpg,scanlines-bgra,zune-simd,coefficient_dequant,0.604364,5.8955,7.6250
restart-baseline-scanlines-bgra,restart-baseline,four_components.jpg,scanlines-bgra,zune-simd,huffman_entropy,3.895305,38.0570,1.3923
restart-baseline-scanlines-bgra,restart-baseline,four_components.jpg,scanlines-bgra,zune-simd,idct_1x1,0.189520,1.8550,5.8001
restart-baseline-scanlines-bgra,restart-baseline,four_components.jpg,scanlines-bgra,zune-simd,idct_4x4,1.173471,11.4323,1.8287
restart-baseline-scanlines-bgra,restart-baseline,four_components.jpg,scanlines-bgra,zune-simd,idct_8x8,0.542016,5.3100,4.8346
restart-baseline-scanlines-bgra,restart-baseline,four_components.jpg,scanlines-bgra,zune-simd,packed_conversion,2.797985,27.4136,1.7132
restart-baseline-scanlines-bgra,restart-baseline,four_components.jpg,scanlines-bgra,zune-simd,post_output_copy,0.029136,0.2842,2.1138
restart-baseline-scanlines-bgra,restart-baseline,four_components.jpg,scanlines-bgra,zune-simd,raw_plane_copy,0.000000,0.0000,0.0000
restart-baseline-scanlines-bgra,restart-baseline,four_components.jpg,scanlines-bgra,zune-simd,session_orchestration,0.816004,8.0121,3.3747
restart-baseline-scanlines-bgra,restart-baseline,four_components.jpg,scanlines-bgra,zune-simd,upsampling,0.000000,0.0000,0.0000
restart-progressive-packed-bgra,restart-progressive,progressive_restart_420.jpg,packed-bgra,zune-scalar,final_dequant,0.026470,4.2165,8.7597
restart-progressive-packed-bgra,restart-progressive,progressive_restart_420.jpg,packed-bgra,zune-scalar,final_idct_8x8,0.065951,10.4362,5.9748
restart-progressive-packed-bgra,restart-progressive,progressive_restart_420.jpg,packed-bgra,zune-scalar,final_transform_traversal,0.004328,0.6897,144.0619
restart-progressive-packed-bgra,restart-progressive,progressive_restart_420.jpg,packed-bgra,zune-scalar,packed_conversion,0.035303,5.6319,25.2304
restart-progressive-packed-bgra,restart-progressive,progressive_restart_420.jpg,packed-bgra,zune-scalar,post_output_copy,0.008576,1.3736,2.1233
restart-progressive-packed-bgra,restart-progressive,progressive_restart_420.jpg,packed-bgra,zune-scalar,raw_plane_copy,0.000000,0.0000,0.0000
restart-progressive-packed-bgra,restart-progressive,progressive_restart_420.jpg,packed-bgra,zune-scalar,reconstruction_other,0.001493,0.2378,9.0579
restart-progressive-packed-bgra,restart-progressive,progressive_restart_420.jpg,packed-bgra,zune-scalar,scan_acfirst_c0,0.036566,5.8565,2.6735
restart-progressive-packed-bgra,restart-progressive,progressive_restart_420.jpg,packed-bgra,zune-scalar,scan_acfirst_c1,0.012904,2.0708,2.8056
restart-progressive-packed-bgra,restart-progressive,progressive_restart_420.jpg,packed-bgra,zune-scalar,scan_acfirst_c2,0.008726,1.3972,2.7354
restart-progressive-packed-bgra,restart-progressive,progressive_restart_420.jpg,packed-bgra,zune-scalar,scan_acrefine_c0,0.254673,40.5792,5.6543
restart-progressive-packed-bgra,restart-progressive,progressive_restart_420.jpg,packed-bgra,zune-scalar,scan_acrefine_c1,0.044693,7.1116,10.5401
restart-progressive-packed-bgra,restart-progressive,progressive_restart_420.jpg,packed-bgra,zune-scalar,scan_acrefine_c2,0.029844,4.7371,19.0220
restart-progressive-packed-bgra,restart-progressive,progressive_restart_420.jpg,packed-bgra,zune-scalar,scan_dcfirst_c-1,0.018353,2.9326,0.8709
restart-progressive-packed-bgra,restart-progressive,progressive_restart_420.jpg,packed-bgra,zune-scalar,scan_dcrefine_c-1,0.012954,2.0598,9.9258
restart-progressive-packed-bgra,restart-progressive,progressive_restart_420.jpg,packed-bgra,zune-scalar,session_orchestration,0.049272,7.8401,3.0903
restart-progressive-packed-bgra,restart-progressive,progressive_restart_420.jpg,packed-bgra,zune-scalar,upsampling,0.013094,2.0721,3.6974
restart-progressive-packed-bgra,restart-progressive,progressive_restart_420.jpg,packed-bgra,zune-simd,final_dequant,0.026290,4.1598,8.5325
restart-progressive-packed-bgra,restart-progressive,progressive_restart_420.jpg,packed-bgra,zune-simd,final_idct_8x8,0.063888,10.6049,5.1324
restart-progressive-packed-bgra,restart-progressive,progressive_restart_420.jpg,packed-bgra,zune-simd,final_transform_traversal,0.006460,1.0638,98.6799
restart-progressive-packed-bgra,restart-progressive,progressive_restart_420.jpg,packed-bgra,zune-simd,packed_conversion,0.035335,5.8599,3.7171
restart-progressive-packed-bgra,restart-progressive,progressive_restart_420.jpg,packed-bgra,zune-simd,post_output_copy,0.008436,1.4001,1.7379
restart-progressive-packed-bgra,restart-progressive,progressive_restart_420.jpg,packed-bgra,zune-simd,raw_plane_copy,0.000000,0.0000,0.0000
restart-progressive-packed-bgra,restart-progressive,progressive_restart_420.jpg,packed-bgra,zune-simd,reconstruction_other,0.001412,0.2332,6.2707
restart-progressive-packed-bgra,restart-progressive,progressive_restart_420.jpg,packed-bgra,zune-simd,scan_acfirst_c0,0.037489,6.1495,17.9891
restart-progressive-packed-bgra,restart-progressive,progressive_restart_420.jpg,packed-bgra,zune-simd,scan_acfirst_c1,0.013245,2.1651,4.1255
restart-progressive-packed-bgra,restart-progressive,progressive_restart_420.jpg,packed-bgra,zune-simd,scan_acfirst_c2,0.009037,1.4685,10.5245
restart-progressive-packed-bgra,restart-progressive,progressive_restart_420.jpg,packed-bgra,zune-simd,scan_acrefine_c0,0.232534,38.4913,0.6953
restart-progressive-packed-bgra,restart-progressive,progressive_restart_420.jpg,packed-bgra,zune-simd,scan_acrefine_c1,0.044804,7.4352,2.1856
restart-progressive-packed-bgra,restart-progressive,progressive_restart_420.jpg,packed-bgra,zune-simd,scan_acrefine_c2,0.029905,4.9396,1.2102
restart-progressive-packed-bgra,restart-progressive,progressive_restart_420.jpg,packed-bgra,zune-simd,scan_dcfirst_c-1,0.018484,3.0676,48.5557
restart-progressive-packed-bgra,restart-progressive,progressive_restart_420.jpg,packed-bgra,zune-simd,scan_dcrefine_c-1,0.013124,2.1580,3.4629
restart-progressive-packed-bgra,restart-progressive,progressive_restart_420.jpg,packed-bgra,zune-simd,session_orchestration,0.049443,8.1896,2.6036
restart-progressive-packed-bgra,restart-progressive,progressive_restart_420.jpg,packed-bgra,zune-simd,upsampling,0.013054,2.1072,4.8565
restart-progressive-raw,restart-progressive,progressive_restart_420.jpg,raw,zune-scalar,final_dequant,0.027951,3.3763,9.6436
restart-progressive-raw,restart-progressive,progressive_restart_420.jpg,raw,zune-scalar,final_idct_8x8,0.071658,8.7307,4.5654
restart-progressive-raw,restart-progressive,progressive_restart_420.jpg,raw,zune-scalar,final_transform_traversal,0.000000,0.0000,140.7841
restart-progressive-raw,restart-progressive,progressive_restart_420.jpg,raw,zune-scalar,packed_conversion,0.000000,0.0000,0.0000
restart-progressive-raw,restart-progressive,progressive_restart_420.jpg,raw,zune-scalar,post_output_copy,0.000000,0.0000,0.0000
restart-progressive-raw,restart-progressive,progressive_restart_420.jpg,raw,zune-scalar,raw_plane_copy,0.008476,1.0449,0.8418
restart-progressive-raw,restart-progressive,progressive_restart_420.jpg,raw,zune-scalar,reconstruction_other,0.010468,1.2798,36.2165
restart-progressive-raw,restart-progressive,progressive_restart_420.jpg,raw,zune-scalar,scan_acfirst_c0,0.089216,10.9328,0.7368
restart-progressive-raw,restart-progressive,progressive_restart_420.jpg,raw,zune-scalar,scan_acfirst_c1,0.016961,2.0651,1.8253
restart-progressive-raw,restart-progressive,progressive_restart_420.jpg,raw,zune-scalar,scan_acfirst_c2,0.012423,1.5206,2.2892
restart-progressive-raw,restart-progressive,progressive_restart_420.jpg,raw,zune-scalar,scan_acrefine_c0,0.247580,30.2842,4.9064
restart-progressive-raw,restart-progressive,progressive_restart_420.jpg,raw,zune-scalar,scan_acrefine_c1,0.048219,5.9744,16.2099
restart-progressive-raw,restart-progressive,progressive_restart_420.jpg,raw,zune-scalar,scan_acrefine_c2,0.033081,4.0643,4.2755
restart-progressive-raw,restart-progressive,progressive_restart_420.jpg,raw,zune-scalar,scan_dcfirst_c-1,0.100527,12.0769,10.5108
restart-progressive-raw,restart-progressive,progressive_restart_420.jpg,raw,zune-scalar,scan_dcrefine_c-1,0.061043,7.5205,17.0331
restart-progressive-raw,restart-progressive,progressive_restart_420.jpg,raw,zune-scalar,session_orchestration,0.066364,7.9903,14.8189
restart-progressive-raw,restart-progressive,progressive_restart_420.jpg,raw,zune-scalar,upsampling,0.000000,0.0000,0.0000
restart-progressive-raw,restart-progressive,progressive_restart_420.jpg,raw,zune-simd,final_dequant,0.028530,3.4029,21.0184
restart-progressive-raw,restart-progressive,progressive_restart_420.jpg,raw,zune-simd,final_idct_8x8,0.071491,8.6299,4.2381
restart-progressive-raw,restart-progressive,progressive_restart_420.jpg,raw,zune-simd,final_transform_traversal,0.003991,0.5096,118.8259
restart-progressive-raw,restart-progressive,progressive_restart_420.jpg,raw,zune-simd,packed_conversion,0.000000,0.0000,0.0000
restart-progressive-raw,restart-progressive,progressive_restart_420.jpg,raw,zune-simd,post_output_copy,0.000000,0.0000,0.0000
restart-progressive-raw,restart-progressive,progressive_restart_420.jpg,raw,zune-simd,raw_plane_copy,0.008507,1.0454,62.3350
restart-progressive-raw,restart-progressive,progressive_restart_420.jpg,raw,zune-simd,reconstruction_other,0.010550,1.2962,5.0360
restart-progressive-raw,restart-progressive,progressive_restart_420.jpg,raw,zune-simd,scan_acfirst_c0,0.089116,11.1176,12.2256
restart-progressive-raw,restart-progressive,progressive_restart_420.jpg,raw,zune-simd,scan_acfirst_c1,0.017072,2.1119,4.9458
restart-progressive-raw,restart-progressive,progressive_restart_420.jpg,raw,zune-simd,scan_acfirst_c2,0.012573,1.5521,13.3269
restart-progressive-raw,restart-progressive,progressive_restart_420.jpg,raw,zune-simd,scan_acrefine_c0,0.249233,30.4728,3.9759
restart-progressive-raw,restart-progressive,progressive_restart_420.jpg,raw,zune-simd,scan_acrefine_c1,0.048341,5.9087,8.1400
restart-progressive-raw,restart-progressive,progressive_restart_420.jpg,raw,zune-simd,scan_acrefine_c2,0.032931,4.0464,19.7403
restart-progressive-raw,restart-progressive,progressive_restart_420.jpg,raw,zune-simd,scan_dcfirst_c-1,0.098443,12.0532,8.9387
restart-progressive-raw,restart-progressive,progressive_restart_420.jpg,raw,zune-simd,scan_dcrefine_c-1,0.061355,7.5215,9.6964
restart-progressive-raw,restart-progressive,progressive_restart_420.jpg,raw,zune-simd,session_orchestration,0.065219,8.0776,6.4479
restart-progressive-raw,restart-progressive,progressive_restart_420.jpg,raw,zune-simd,upsampling,0.000000,0.0000,0.0000
restart-progressive-scanlines-bgra,restart-progressive,progressive_restart_420.jpg,scanlines-bgra,zune-scalar,final_dequant,0.031460,4.4727,7.6772
restart-progressive-scanlines-bgra,restart-progressive,progressive_restart_420.jpg,scanlines-bgra,zune-scalar,final_idct_8x8,0.066525,9.2592,4.9261
restart-progressive-scanlines-bgra,restart-progressive,progressive_restart_420.jpg,scanlines-bgra,zune-scalar,final_transform_traversal,0.000000,0.0000,387.2983
restart-progressive-scanlines-bgra,restart-progressive,progressive_restart_420.jpg,scanlines-bgra,zune-scalar,packed_conversion,0.034916,4.8532,8.9901
restart-progressive-scanlines-bgra,restart-progressive,progressive_restart_420.jpg,scanlines-bgra,zune-scalar,post_output_copy,0.008758,1.2238,6.7117
restart-progressive-scanlines-bgra,restart-progressive,progressive_restart_420.jpg,scanlines-bgra,zune-scalar,raw_plane_copy,0.000000,0.0000,0.0000
restart-progressive-scanlines-bgra,restart-progressive,progressive_restart_420.jpg,scanlines-bgra,zune-scalar,reconstruction_other,0.010037,1.3835,55.0798
restart-progressive-scanlines-bgra,restart-progressive,progressive_restart_420.jpg,scanlines-bgra,zune-scalar,scan_acfirst_c0,0.049079,6.8744,23.0207
restart-progressive-scanlines-bgra,restart-progressive,progressive_restart_420.jpg,scanlines-bgra,zune-scalar,scan_acfirst_c1,0.017131,2.3649,1.5254
restart-progressive-scanlines-bgra,restart-progressive,progressive_restart_420.jpg,scanlines-bgra,zune-scalar,scan_acfirst_c2,0.012593,1.7435,13.4450
restart-progressive-scanlines-bgra,restart-progressive,progressive_restart_420.jpg,scanlines-bgra,zune-scalar,scan_acrefine_c0,0.246324,35.0363,9.1244
restart-progressive-scanlines-bgra,restart-progressive,progressive_restart_420.jpg,scanlines-bgra,zune-scalar,scan_acrefine_c1,0.048751,6.7451,1.7125
restart-progressive-scanlines-bgra,restart-progressive,progressive_restart_420.jpg,scanlines-bgra,zune-scalar,scan_acrefine_c2,0.033021,4.5439,0.7934
restart-progressive-scanlines-bgra,restart-progressive,progressive_restart_420.jpg,scanlines-bgra,zune-scalar,scan_dcfirst_c-1,0.045062,6.4335,18.2241
restart-progressive-scanlines-bgra,restart-progressive,progressive_restart_420.jpg,scanlines-bgra,zune-scalar,scan_dcrefine_c-1,0.021329,3.0135,5.6839
restart-progressive-scanlines-bgra,restart-progressive,progressive_restart_420.jpg,scanlines-bgra,zune-scalar,session_orchestration,0.063265,8.8525,10.0155
restart-progressive-scanlines-bgra,restart-progressive,progressive_restart_420.jpg,scanlines-bgra,zune-scalar,upsampling,0.013395,1.8578,17.5790
restart-progressive-scanlines-bgra,restart-progressive,progressive_restart_420.jpg,scanlines-bgra,zune-simd,final_dequant,0.031172,4.2708,11.1308
restart-progressive-scanlines-bgra,restart-progressive,progressive_restart_420.jpg,scanlines-bgra,zune-simd,final_idct_8x8,0.066058,9.1943,5.0281
restart-progressive-scanlines-bgra,restart-progressive,progressive_restart_420.jpg,scanlines-bgra,zune-simd,final_transform_traversal,0.000000,0.0000,277.8238
restart-progressive-scanlines-bgra,restart-progressive,progressive_restart_420.jpg,scanlines-bgra,zune-simd,packed_conversion,0.035011,4.8258,0.8809
restart-progressive-scanlines-bgra,restart-progressive,progressive_restart_420.jpg,scanlines-bgra,zune-simd,post_output_copy,0.008727,1.2014,72.8436
restart-progressive-scanlines-bgra,restart-progressive,progressive_restart_420.jpg,scanlines-bgra,zune-simd,raw_plane_copy,0.000000,0.0000,0.0000
restart-progressive-scanlines-bgra,restart-progressive,progressive_restart_420.jpg,scanlines-bgra,zune-simd,reconstruction_other,0.009708,1.3574,5.1045
restart-progressive-scanlines-bgra,restart-progressive,progressive_restart_420.jpg,scanlines-bgra,zune-simd,scan_acfirst_c0,0.049410,6.7894,6.3761
restart-progressive-scanlines-bgra,restart-progressive,progressive_restart_420.jpg,scanlines-bgra,zune-simd,scan_acfirst_c1,0.017211,2.3530,1.7662
restart-progressive-scanlines-bgra,restart-progressive,progressive_restart_420.jpg,scanlines-bgra,zune-simd,scan_acfirst_c2,0.012613,1.7294,1.8338
restart-progressive-scanlines-bgra,restart-progressive,progressive_restart_420.jpg,scanlines-bgra,zune-simd,scan_acrefine_c0,0.245830,33.7399,5.6264
restart-progressive-scanlines-bgra,restart-progressive,progressive_restart_420.jpg,scanlines-bgra,zune-simd,scan_acrefine_c1,0.048308,6.6714,20.3817
restart-progressive-scanlines-bgra,restart-progressive,progressive_restart_420.jpg,scanlines-bgra,zune-simd,scan_acrefine_c2,0.032961,4.5166,0.6816
restart-progressive-scanlines-bgra,restart-progressive,progressive_restart_420.jpg,scanlines-bgra,zune-simd,scan_dcfirst_c-1,0.044843,6.3483,16.8306
restart-progressive-scanlines-bgra,restart-progressive,progressive_restart_420.jpg,scanlines-bgra,zune-simd,scan_dcrefine_c-1,0.021459,2.9308,4.3923
restart-progressive-scanlines-bgra,restart-progressive,progressive_restart_420.jpg,scanlines-bgra,zune-simd,session_orchestration,0.063056,8.6119,15.2077
restart-progressive-scanlines-bgra,restart-progressive,progressive_restart_420.jpg,scanlines-bgra,zune-simd,upsampling,0.013335,1.8267,2.6574
