sample_id,workload,fixture,mode,variant,repetition,elapsed_nanos,profile_total_nanos,profile_total_ticks,timer_overhead_ticks,width,height,components,mcu_rows,mcus,idct_1x1_calls,idct_4x4_calls,idct_8x8_calls,idct_1x1_samples,idct_4x4_samples,idct_8x8_samples,idct_1x1_ticks,idct_4x4_ticks,idct_8x8_ticks,entropy_samples,entropy_ticks,baseline_mcu_ticks,sampled_nonzero_coefficients,dequant_samples,dequant_ticks,upsample_none_calls,upsample_horizontal_calls,upsample_vertical_calls,upsample_hv_calls,upsample_ticks,color_convert_calls,color_convert_ticks,post_process_ticks,progressive_reconstruct_ticks,progressive_transform_ticks,checkpoint_creates,checkpoint_restores,checkpoint_ticks,restart_markers,cancellation_polls,raw_coeff_bytes,raw_output_bytes,raw_copy_ticks,upsample_scratch_bytes,upsample_destination_bytes,color_input_bytes,packed_output_bytes,progressive_init_bytes,progressive_copy_bytes,capacity_growths,idct_pointer_calls,upsample_pointer_calls,color_pointer_calls,pull_calls,scan_count
0,baseline-444,speed_bench.jpg,packed-bgra,zune-simd,0,100436258,99845502,244163815,49,7680,4320,3,540,518400,1104875,409165,41160,3165,1597,158,124656,147253,18257,6076,319750,197946232,9630,9804,46041,0,0,0,0,0,4320,45280282,45662160,0,0,0,0,0,0,1080,199065600,0,0,0,0,199065600,132710400,368640,0,3,1555200,0,4320,0,0
1,baseline-444,speed_bench.jpg,packed-bgra,zune-simd,0,100502621,99889695,244271835,49,7680,4320,3,540,518400,1104875,409165,41160,3161,1597,158,78790,144598,18471,6076,330306,198098107,9630,9804,82732,0,0,0,0,0,4320,45168401,45548462,0,0,0,0,0,0,1080,199065600,0,0,0,0,199065600,132710400,368640,0,3,1555200,0,4320,0,0
2,baseline-444,speed_bench.jpg,packed-bgra,zune-simd,0,100843980,100226855,245096408,49,7680,4320,3,540,518400,1104875,409165,41160,3188,1597,158,80276,146400,18497,6076,294030,198544354,9630,9804,45233,0,0,0,0,0,4320,45611463,45994636,0,0,0,0,0,0,1080,199065600,0,0,0,0,199065600,132710400,368640,0,3,1555200,0,4320,0,0
3,baseline-444,speed_bench.jpg,packed-bgra,zune-scalar,0,100611104,99996063,244532001,49,7680,4320,3,540,518400,1104875,409165,41160,3183,1597,158,79607,146902,18500,6076,296898,198107026,9630,9804,74511,0,0,0,0,0,4320,45485560,45870222,0,0,0,0,0,0,1080,199065600,0,0,0,0,199065600,132710400,368640,0,3,1555200,0,4320,0,0
4,baseline-444,speed_bench.jpg,packed-bgra,zune-scalar,0,100613699,100013015,244573430,49,7680,4320,3,540,518400,1104875,409165,41160,3191,1597,158,79713,146185,18499,6076,293660,198227073,9630,9804,46566,0,0,0,0,0,4320,45406260,45787919,0,0,0,0,0,0,1080,199065600,0,0,0,0,199065600,132710400,368640,0,3,1555200,0,4320,0,0
5,baseline-444,speed_bench.jpg,packed-bgra,zune-scalar,0,100574065,99966537,244459800,49,7680,4320,3,540,518400,1104875,409165,41160,3199,1597,158,79859,145436,18132,6076,294561,197914341,9630,9804,46714,0,0,0,0,0,4320,45605950,45987359,0,0,0,0,0,0,1080,199065600,0,0,0,0,199065600,132710400,368640,0,3,1555200,0,4320,0,0
6,baseline-444,speed_bench.jpg,packed-bgra,zune-scalar,1,100630451,100017934,244585460,49,7680,4320,3,540,518400,1104875,409165,41160,3205,1597,158,80173,146417,18417,6076,294790,198327479,9630,9804,71877,0,0,0,0,0,4320,45323343,45705960,0,0,0,0,0,0,1080,199065600,0,0,0,0,199065600,132710400,368640,0,3,1555200,0,4320,0,0
7,baseline-444,speed_bench.jpg,packed-bgra,zune-scalar,1,100472995,99930010,244370742,49,7680,4320,3,540,518400,1104875,409165,41160,3125,1597,158,78599,145961,18401,6076,295710,197942622,9630,9804,46912,0,0,0,0,0,4320,45483005,45864782,0,0,0,0,0,0,1080,199065600,0,0,0,0,199065600,132710400,368640,0,3,1555200,0,4320,0,0
8,baseline-444,speed_bench.jpg,packed-bgra,zune-scalar,1,100541864,99926453,244361726,49,7680,4320,3,540,518400,1104875,409165,41160,3149,1597,158,78410,145937,18297,6076,348860,198113967,9630,9804,45921,0,0,0,0,0,4320,45242806,45620361,0,0,0,0,0,0,1080,199065600,0,0,0,0,199065600,132710400,368640,0,3,1555200,0,4320,0,0
9,baseline-444,speed_bench.jpg,packed-bgra,zune-simd,1,99962019,99366475,242992323,49,7680,4320,3,540,518400,1104875,409165,41160,3192,1597,158,85436,169839,18108,6076,320927,196308659,9630,9804,72857,0,0,0,0,0,4320,45744764,46124806,0,0,0,0,0,0,1080,199065600,0,0,0,0,199065600,132710400,368640,0,3,1555200,0,4320,0,0
10,baseline-444,speed_bench.jpg,packed-bgra,zune-simd,1,100668432,100050285,244664644,49,7680,4320,3,540,518400,1104875,409165,41160,3203,1597,158,80522,146434,18473,6076,296907,198180784,9630,9804,46019,0,0,0,0,0,4320,45452717,45864113,0,0,0,0,0,0,1080,199065600,0,0,0,0,199065600,132710400,368640,0,3,1555200,0,4320,0,0
11,baseline-444,speed_bench.jpg,packed-bgra,zune-simd,1,100443570,99821777,244105750,49,7680,4320,3,540,518400,1104875,409165,41160,3157,1597,158,85079,146951,18569,6076,293093,198096433,9630,9804,46212,0,0,0,0,0,4320,45074559,45457038,0,0,0,0,0,0,1080,199065600,0,0,0,0,199065600,132710400,368640,0,3,1555200,0,4320,0,0
12,baseline-444,speed_bench.jpg,packed-bgra,zune-simd,2,101481674,100886759,246710174,49,7680,4320,3,540,518400,1104875,409165,41160,3141,1597,158,84813,146488,18331,6076,295050,199866699,9630,9804,43770,0,0,0,0,0,4320,45899111,46286336,0,0,0,0,0,0,1080,199065600,0,0,0,0,199065600,132710400,368640,0,3,1555200,0,4320,0,0
13,baseline-444,speed_bench.jpg,packed-bgra,zune-simd,2,100597508,100006303,244557040,49,7680,4320,3,540,518400,1104875,409165,41160,3161,1597,158,78617,145709,18496,6076,295470,198043045,9630,9804,45884,0,0,0,0,0,4320,45580565,45962126,0,0,0,0,0,0,1080,199065600,0,0,0,0,199065600,132710400,368640,0,3,1555200,0,4320,0,0
14,baseline-444,speed_bench.jpg,packed-bgra,zune-simd,2,100674844,100119414,244833670,49,7680,4320,3,540,518400,1104875,409165,41160,3136,1597,158,78152,147898,18247,6076,323315,198399430,9630,9804,46078,0,0,0,0,0,4320,45475733,45860237,0,0,0,0,0,0,1080,199065600,0,0,0,0,199065600,132710400,368640,0,3,1555200,0,4320,0,0
15,baseline-444,speed_bench.jpg,packed-bgra,zune-scalar,2,100661148,100044394,244650238,49,7680,4320,3,540,518400,1104875,409165,41160,3180,1597,158,79642,146373,18355,6076,295688,198195834,9630,9804,46551,0,0,0,0,0,4320,45389336,45796213,0,0,0,0,0,0,1080,199065600,0,0,0,0,199065600,132710400,368640,0,3,1555200,0,4320,0,0
16,baseline-444,speed_bench.jpg,packed-bgra,zune-scalar,2,100759692,100132067,244864564,49,7680,4320,3,540,518400,1104875,409165,41160,3183,1597,158,79846,146178,18367,6076,296159,198328899,9630,9804,46688,0,0,0,0,0,4320,45536924,45927038,0,0,0,0,0,0,1080,199065600,0,0,0,0,199065600,132710400,368640,0,3,1555200,0,4320,0,0
17,baseline-444,speed_bench.jpg,packed-bgra,zune-scalar,2,102634300,102014801,249468677,49,7680,4320,3,540,518400,1104875,409165,41160,3237,1597,158,80921,147483,18419,6076,298471,202344296,9630,9804,45910,0,0,0,0,0,4320,46150358,46572961,0,0,0,0,0,0,1080,199065600,0,0,0,0,199065600,132710400,368640,0,3,1555200,0,4320,0,0
18,baseline-444,speed_bench.jpg,packed-bgra,zune-scalar,3,100654616,100023796,244600038,49,7680,4320,3,540,518400,1104875,409165,41160,3176,1597,158,79102,201636,18225,6076,295200,198166719,9630,9804,43722,0,0,0,0,0,4320,45490085,45872337,0,0,0,0,0,0,1080,199065600,0,0,0,0,199065600,132710400,368640,0,3,1555200,0,4320,0,0
19,baseline-444,speed_bench.jpg,packed-bgra,zune-scalar,3,100520334,99915483,244334898,24,7680,4320,3,540,518400,1104875,409165,41160,4321,1597,158,187497,185568,22859,6076,446431,197845814,9630,9804,318606,0,0,0,0,0,4320,45557375,45939791,0,0,0,0,0,0,1080,199065600,0,0,0,0,199065600,132710400,368640,0,3,1555200,0,4320,0,0
20,baseline-444,speed_bench.jpg,packed-bgra,zune-scalar,3,100559928,99968061,244463499,49,7680,4320,3,540,518400,1104875,409165,41160,3214,1597,158,80304,147035,18357,6076,297550,197841761,9630,9804,70362,0,0,0,0,0,4320,45691938,46074691,0,0,0,0,0,0,1080,199065600,0,0,0,0,199065600,132710400,368640,0,3,1555200,0,4320,0,0
21,baseline-444,speed_bench.jpg,packed-bgra,zune-simd,3,100849667,100256898,245169883,49,7680,4320,3,540,518400,1104875,409165,41160,3125,1597,158,77630,147014,18276,6076,294317,198222500,9630,9804,73872,0,0,0,0,0,4320,46013477,46395913,0,0,0,0,0,0,1080,199065600,0,0,0,0,199065600,132710400,368640,0,3,1555200,0,4320,0,0
22,baseline-444,speed_bench.jpg,packed-bgra,zune-simd,3,100597634,100004784,244553389,49,7680,4320,3,540,518400,1104875,409165,41160,3174,1597,158,79032,146293,18304,6076,294457,198070247,9630,9804,45409,0,0,0,0,0,4320,45544504,45929920,0,0,0,0,0,0,1080,199065600,0,0,0,0,199065600,132710400,368640,0,3,1555200,0,4320,0,0
23,baseline-444,speed_bench.jpg,packed-bgra,zune-simd,3,100551878,99955322,244432408,49,7680,4320,3,540,518400,1104875,409165,41160,3170,1597,158,85008,147212,18107,6076,295892,198128917,9630,9804,47010,0,0,0,0,0,4320,45328278,45720430,0,0,0,0,0,0,1080,199065600,0,0,0,0,199065600,132710400,368640,0,3,1555200,0,4320,0,0
24,baseline-444,speed_bench.jpg,packed-bgra,zune-simd,4,101059116,100464975,245678797,49,7680,4320,3,540,518400,1104875,409165,41160,3140,1597,158,113580,146630,18483,6076,295054,198739099,9630,9804,46807,0,0,0,0,0,4320,45937615,46325579,0,0,0,0,0,0,1080,199065600,0,0,0,0,199065600,132710400,368640,0,3,1555200,0,4320,0,0
25,baseline-444,speed_bench.jpg,packed-bgra,zune-simd,4,100407978,99817323,244094896,49,7680,4320,3,540,518400,1104875,409165,41160,3143,1597,158,84397,146714,18824,6076,293932,197539459,9630,9804,44924,0,0,0,0,0,4320,45598450,45978963,0,0,0,0,0,0,1080,199065600,0,0,0,0,199065600,132710400,368640,0,3,1555200,0,4320,0,0
26,baseline-444,speed_bench.jpg,packed-bgra,zune-simd,4,100759105,100164764,244944655,49,7680,4320,3,540,518400,1104875,409165,41160,3170,1597,158,79157,147228,18385,6076,327622,197958487,9630,9804,69989,0,0,0,0,0,4320,45964435,46351503,0,0,0,0,0,0,1080,199065600,0,0,0,0,199065600,132710400,368640,0,3,1555200,0,4320,0,0
27,baseline-444,speed_bench.jpg,packed-bgra,zune-scalar,4,100400284,99769754,243978595,49,7680,4320,3,540,518400,1104875,409165,41160,3168,1597,158,79382,148211,18514,6076,293067,197573885,9630,9804,45294,0,0,0,0,0,4320,45349065,45758919,0,0,0,0,0,0,1080,199065600,0,0,0,0,199065600,132710400,368640,0,3,1555200,0,4320,0,0
28,baseline-444,speed_bench.jpg,packed-bgra,zune-scalar,4,100153542,99553239,243449150,49,7680,4320,3,540,518400,1104875,409165,41160,3112,1597,158,77424,143451,18128,6076,294553,196449426,9630,9804,46525,0,0,0,0,0,4320,46055329,46441025,0,0,0,0,0,0,1080,199065600,0,0,0,0,199065600,132710400,368640,0,3,1555200,0,4320,0,0
29,baseline-444,speed_bench.jpg,packed-bgra,zune-scalar,4,100776909,100174051,244967366,49,7680,4320,3,540,518400,1104875,409165,41160,3221,1597,158,80238,188039,18327,6076,303405,198219713,9630,9804,45362,0,0,0,0,0,4320,45715097,46102314,0,0,0,0,0,0,1080,199065600,0,0,0,0,199065600,132710400,368640,0,3,1555200,0,4320,0,0
30,baseline-444,speed_bench.jpg,scanlines-bgra,zune-simd,0,96679773,96665987,236388617,49,7680,4320,3,540,518400,1104875,409165,41160,3019,1597,158,74922,139555,18219,6076,295132,195661408,9630,9804,45001,0,0,0,0,0,4320,28441296,28812799,0,0,541,540,57004,0,1080,199065600,0,0,0,0,199065600,132710400,645120,0,4,1555200,0,4320,540,0
31,baseline-444,speed_bench.jpg,scanlines-bgra,zune-simd,0,95926202,95911926,234545115,24,7680,4320,3,540,518400,1104875,409165,41160,4321,1597,158,181759,181433,22298,6076,451468,195164182,9630,9804,289673,0,0,0,0,0,4320,28319501,28685258,0,0,541,540,57120,0,1080,199065600,0,0,0,0,199065600,132710400,645120,0,4,1555200,0,4320,540,0
32,baseline-444,speed_bench.jpg,scanlines-bgra,zune-simd,0,95858817,95844209,234379078,49,7680,4320,3,540,518400,1104875,409165,41160,3027,1597,158,76027,183900,18404,6076,293680,195183094,9630,9804,43580,0,0,0,0,0,4320,28246732,28612254,0,0,541,540,56516,0,1080,199065600,0,0,0,0,199065600,132710400,645120,0,4,1555200,0,4320,540,0
33,baseline-444,speed_bench.jpg,scanlines-bgra,zune-scalar,0,95888803,95874466,234453093,49,7680,4320,3,540,518400,1104875,409165,41160,3047,1597,158,75247,140094,18107,6076,291077,195303883,9630,9804,42987,0,0,0,0,0,4320,28289251,28654870,0,0,541,540,57896,0,1080,199065600,0,0,0,0,199065600,132710400,645120,0,4,1555200,0,4320,540,0
34,baseline-444,speed_bench.jpg,scanlines-bgra,zune-scalar,0,95807521,95793345,234254741,49,7680,4320,3,540,518400,1104875,409165,41160,2970,1597,158,73941,140208,18491,6076,343979,195329971,9630,9804,43663,0,0,0,0,0,4320,28345393,28711051,0,0,541,540,56798,0,1080,199065600,0,0,0,0,199065600,132710400,645120,0,4,1555200,0,4320,540,0
35,baseline-444,speed_bench.jpg,scanlines-bgra,zune-scalar,0,95968852,95954396,234648505,49,7680,4320,3,540,518400,1104875,409165,41160,3024,1597,158,75587,145699,18348,6076,291410,195697985,9630,9804,45167,0,0,0,0,0,4320,28190548,28557439,0,0,541,540,57972,0,1080,199065600,0,0,0,0,199065600,132710400,645120,0,4,1555200,0,4320,540,0
36,baseline-444,speed_bench.jpg,scanlines-bgra,zune-scalar,1,96373680,96359123,235638329,49,7680,4320,3,540,518400,1104875,409165,41160,3075,1597,158,76673,139559,18383,6076,293038,196366099,9630,9804,42380,0,0,0,0,0,4320,28408523,28842146,0,0,541,540,59948,0,1080,199065600,0,0,0,0,199065600,132710400,645120,0,4,1555200,0,4320,540,0
37,baseline-444,speed_bench.jpg,scanlines-bgra,zune-scalar,1,96168877,96153938,235136765,49,7680,4320,3,540,518400,1104875,409165,41160,3057,1597,158,76529,140661,18424,6076,296366,196105486,9630,9804,43805,0,0,0,0,0,4320,28404301,28771610,0,0,541,540,58171,0,1080,199065600,0,0,0,0,199065600,132710400,645120,0,4,1555200,0,4320,540,0
38,baseline-444,speed_bench.jpg,scanlines-bgra,zune-scalar,1,96431388,96417392,235780723,49,7680,4320,3,540,518400,1104875,409165,41160,3033,1597,158,75481,142117,18037,6076,294548,196468288,9630,9804,43622,0,0,0,0,0,4320,28586591,28955916,0,0,541,540,56735,0,1080,199065600,0,0,0,0,199065600,132710400,645120,0,4,1555200,0,4320,540,0
39,baseline-444,speed_bench.jpg,scanlines-bgra,zune-simd,1,96334977,96320831,235544592,49,7680,4320,3,540,518400,1104875,409165,41160,3060,1597,158,116244,140906,18504,6076,296509,196360983,9630,9804,46525,0,0,0,0,0,4320,28441202,28812714,0,0,541,540,59229,0,1080,199065600,0,0,0,0,199065600,132710400,645120,0,4,1555200,0,4320,540,0
40,baseline-444,speed_bench.jpg,scanlines-bgra,zune-simd,1,95923107,95908720,234536834,49,7680,4320,3,540,518400,1104875,409165,41160,3074,1597,158,76919,140692,18204,6076,292499,195460984,9630,9804,75437,0,0,0,0,0,4320,28451802,28824375,0,0,541,540,58553,0,1080,199065600,0,0,0,0,199065600,132710400,645120,0,4,1555200,0,4320,540,0
41,baseline-444,speed_bench.jpg,scanlines-bgra,zune-simd,1,96117851,96103655,235013555,49,7680,4320,3,540,518400,1104875,409165,41160,3064,1597,158,76323,140609,18573,6076,297630,195677966,9630,9804,45128,0,0,0,0,0,4320,28398762,28767365,0,0,541,540,57347,0,1080,199065600,0,0,0,0,199065600,132710400,645120,0,4,1555200,0,4320,540,0
42,baseline-444,speed_bench.jpg,scanlines-bgra,zune-simd,2,96363652,96348182,235611527,49,7680,4320,3,540,518400,1104875,409165,41160,3077,1597,158,76836,141623,18130,6076,322918,196176839,9630,9804,43519,0,0,0,0,0,4320,28525847,28894163,0,0,541,540,58206,0,1080,199065600,0,0,0,0,199065600,132710400,645120,0,4,1555200,0,4320,540,0
43,baseline-444,speed_bench.jpg,scanlines-bgra,zune-simd,2,96132970,96118252,235049227,49,7680,4320,3,540,518400,1104875,409165,41160,3045,1597,158,75731,140346,18125,6076,292522,195869660,9630,9804,83132,0,0,0,0,0,4320,28493358,28866946,0,0,541,540,58133,0,1080,199065600,0,0,0,0,199065600,132710400,645120,0,4,1555200,0,4320,540,0
44,baseline-444,speed_bench.jpg,scanlines-bgra,zune-simd,2,96814876,96789618,236690997,49,7680,4320,3,540,518400,1104875,409165,41160,3070,1597,158,76630,140560,18385,6076,299798,197290855,9630,9804,44476,0,0,0,0,0,4320,28574370,28949462,0,0,541,540,61792,0,1080,199065600,0,0,0,0,199065600,132710400,645120,0,4,1555200,0,4320,540,0
45,baseline-444,speed_bench.jpg,scanlines-bgra,zune-scalar,2,95972159,95957450,234655953,49,7680,4320,3,540,518400,1104875,409165,41160,3048,1597,158,76620,141544,18231,6076,294504,195622260,9630,9804,42638,0,0,0,0,0,4320,28489277,28856579,0,0,541,540,58751,0,1080,199065600,0,0,0,0,199065600,132710400,645120,0,4,1555200,0,4320,540,0
46,baseline-444,speed_bench.jpg,scanlines-bgra,zune-scalar,2,95911735,95897829,234510203,49,7680,4320,3,540,518400,1104875,409165,41160,3022,1597,158,75190,140742,18183,6076,292057,195531541,9630,9804,42906,0,0,0,0,0,4320,28394153,28762555,0,0,541,540,56925,0,1080,199065600,0,0,0,0,199065600,132710400,645120,0,4,1555200,0,4320,540,0
47,baseline-444,speed_bench.jpg,scanlines-bgra,zune-scalar,2,95713113,95698847,234024098,49,7680,4320,3,540,518400,1104875,409165,41160,3038,1597,158,75759,167881,18560,6076,290634,195073452,9630,9804,45309,0,0,0,0,0,4320,28330043,28698486,0,0,541,540,59052,0,1080,199065600,0,0,0,0,199065600,132710400,645120,0,4,1555200,0,4320,540,0
48,baseline-444,speed_bench.jpg,scanlines-bgra,zune-scalar,3,96139361,96124404,235064270,49,7680,4320,3,540,518400,1104875,409165,41160,2997,1597,158,74620,142039,18467,6076,321076,195958107,9630,9804,43283,0,0,0,0,0,4320,28481167,28853502,0,0,541,540,58033,0,1080,199065600,0,0,0,0,199065600,132710400,645120,0,4,1555200,0,4320,540,0
49,baseline-444,speed_bench.jpg,scanlines-bgra,zune-scalar,3,95814403,95800347,234272773,49,7680,4320,3,540,518400,1104875,409165,41160,3065,1597,158,76758,140267,18813,6076,291389,195002161,9630,9804,49025,0,0,0,0,0,4320,28596059,28966153,0,0,541,540,59922,0,1080,199065600,0,0,0,0,199065600,132710400,645120,0,4,1555200,0,4320,540,0
50,baseline-444,speed_bench.jpg,scanlines-bgra,zune-scalar,3,96094618,96080973,234958087,49,7680,4320,3,540,518400,1104875,409165,41160,3067,1597,158,76678,141046,18174,6076,293727,195870207,9630,9804,44220,0,0,0,0,0,4320,28388338,28756200,0,0,541,540,60212,0,1080,199065600,0,0,0,0,199065600,132710400,645120,0,4,1555200,0,4320,540,0
51,baseline-444,speed_bench.jpg,scanlines-bgra,zune-simd,3,96701964,96688369,236443424,24,7680,4320,3,540,518400,1104875,409165,41160,4321,1597,158,185887,181285,22409,6076,449766,196993528,9630,9804,289111,0,0,0,0,0,4320,28747738,29117905,0,0,541,540,60694,0,1080,199065600,0,0,0,0,199065600,132710400,645120,0,4,1555200,0,4320,540,0
52,baseline-444,speed_bench.jpg,scanlines-bgra,zune-simd,3,96233277,96219382,235296505,49,7680,4320,3,540,518400,1104875,409165,41160,3006,1597,158,74800,166966,18423,6076,295382,196078087,9630,9804,68260,0,0,0,0,0,4320,28509116,28881141,0,0,541,540,59254,0,1080,199065600,0,0,0,0,199065600,132710400,645120,0,4,1555200,0,4320,540,0
53,baseline-444,speed_bench.jpg,scanlines-bgra,zune-simd,3,95809604,95795568,234260082,49,7680,4320,3,540,518400,1104875,409165,41160,3065,1597,158,76356,141147,18253,6076,293385,195214748,9630,9804,71259,0,0,0,0,0,4320,28417223,28781586,0,0,541,540,55981,0,1080,199065600,0,0,0,0,199065600,132710400,645120,0,4,1555200,0,4320,540,0
54,baseline-444,speed_bench.jpg,scanlines-bgra,zune-simd,4,95853457,95839731,234368127,49,7680,4320,3,540,518400,1104875,409165,41160,3011,1597,158,74860,140257,18358,6076,317159,195343614,9630,9804,45883,0,0,0,0,0,4320,28372142,28740949,0,0,541,540,58230,0,1080,199065600,0,0,0,0,199065600,132710400,645120,0,4,1555200,0,4320,540,0
55,baseline-444,speed_bench.jpg,scanlines-bgra,zune-simd,4,95698387,95685222,233990165,49,7680,4320,3,540,518400,1104875,409165,41160,3059,1597,158,76275,173765,18156,6076,298476,195062724,9630,9804,44656,0,0,0,0,0,4320,28349247,28739897,0,0,541,540,57931,0,1080,199065600,0,0,0,0,199065600,132710400,645120,0,4,1555200,0,4320,540,0
56,baseline-444,speed_bench.jpg,scanlines-bgra,zune-simd,4,97848319,97834814,239246934,49,7680,4320,3,540,518400,1104875,409165,41160,3093,1597,158,108783,140123,18814,6076,311338,199038934,9630,9804,47684,0,0,0,0,0,4320,29102785,29486851,0,0,541,540,62858,0,1080,199065600,0,0,0,0,199065600,132710400,645120,0,4,1555200,0,4320,540,0
57,baseline-444,speed_bench.jpg,scanlines-bgra,zune-scalar,4,93801718,93788212,229351286,49,7680,4320,3,540,518400,1104875,409165,41160,2995,1597,158,74635,138092,18319,6076,319800,190294276,9630,9804,44475,0,0,0,0,0,4320,28476125,28840325,0,0,541,540,56260,0,1080,199065600,0,0,0,0,199065600,132710400,645120,0,4,1555200,0,4320,540,0
58,baseline-444,speed_bench.jpg,scanlines-bgra,zune-scalar,4,93631459,93618414,228936085,24,7680,4320,3,540,518400,1104875,409165,41160,4321,1597,158,182022,175813,22175,6076,442306,190205249,9630,9804,288638,0,0,0,0,0,4320,28268891,28631878,0,0,541,540,56527,0,1080,199065600,0,0,0,0,199065600,132710400,645120,0,4,1555200,0,4320,540,0
59,baseline-444,speed_bench.jpg,scanlines-bgra,zune-scalar,4,93701420,93688446,229107291,24,7680,4320,3,540,518400,1104875,409165,41160,4321,1597,158,184227,177490,22136,6076,472380,190569977,9630,9804,289833,0,0,0,0,0,4320,28146465,28514399,0,0,541,540,57756,0,1080,199065600,0,0,0,0,199065600,132710400,645120,0,4,1555200,0,4320,540,0
60,baseline-444,speed_bench.jpg,raw,zune-simd,0,86612076,86598771,211770185,49,7680,4320,3,540,518400,1104875,409165,41160,3035,1597,158,75888,137324,48590,6076,292515,191142070,9630,9804,70604,0,0,0,0,0,0,0,0,0,0,541,539,54835,0,1080,199065600,99532800,10754523,0,0,0,0,368640,0,3,1555200,0,0,541,0
61,baseline-444,speed_bench.jpg,raw,zune-simd,0,86904562,86891568,212486173,49,7680,4320,3,540,518400,1104875,409165,41160,3010,1597,158,75299,140392,18076,6076,294524,191830599,9630,9804,46476,0,0,0,0,0,0,0,0,0,0,541,539,54792,0,1080,199065600,99532800,10775444,0,0,0,0,368640,0,3,1555200,0,0,541,0
62,baseline-444,speed_bench.jpg,raw,zune-simd,0,87030689,87017495,212794088,49,7680,4320,3,540,518400,1104875,409165,41160,3095,1597,158,78106,137629,18665,6076,297515,191534954,9630,9804,45822,0,0,0,0,0,0,0,0,0,0,541,539,55026,0,1080,199065600,99532800,11091224,0,0,0,0,368640,0,3,1555200,0,0,541,0
63,baseline-444,speed_bench.jpg,raw,zune-scalar,0,86981257,86967551,212671980,49,7680,4320,3,540,518400,1104875,409165,41160,3063,1597,158,76464,138675,18112,6076,294892,191736785,9630,9804,46784,0,0,0,0,0,0,0,0,0,0,541,539,54753,0,1080,199065600,99532800,10921606,0,0,0,0,368640,0,3,1555200,0,0,541,0
64,baseline-444,speed_bench.jpg,raw,zune-scalar,0,88619021,88605325,216676995,49,7680,4320,3,540,518400,1104875,409165,41160,2910,1597,158,72250,222371,18328,6076,328045,195589780,9630,9804,43948,0,0,0,0,0,0,0,0,0,0,541,539,54594,0,1080,199065600,99532800,11011937,0,0,0,0,368640,0,3,1555200,0,0,541,0
65,baseline-444,speed_bench.jpg,raw,zune-scalar,0,87811540,87798025,214702810,49,7680,4320,3,540,518400,1104875,409165,41160,2907,1597,158,71643,135373,18278,6076,294959,193800552,9630,9804,48770,0,0,0,0,0,0,0,0,0,0,541,539,53145,0,1080,199065600,99532800,10859229,0,0,0,0,368640,0,3,1555200,0,0,541,0
66,baseline-444,speed_bench.jpg,raw,zune-scalar,1,87791512,87778087,214654104,49,7680,4320,3,540,518400,1104875,409165,41160,3030,1597,158,75071,134390,18648,6076,292431,193791731,9630,9804,46847,0,0,0,0,0,0,0,0,0,0,541,539,53272,0,1080,199065600,99532800,10814418,0,0,0,0,368640,0,3,1555200,0,0,541,0
67,baseline-444,speed_bench.jpg,raw,zune-scalar,1,87900957,87887892,214922575,49,7680,4320,3,540,518400,1104875,409165,41160,2869,1597,158,71144,135366,18457,6076,296595,194122710,9630,9804,73306,0,0,0,0,0,0,0,0,0,0,541,539,54317,0,1080,199065600,99532800,10823801,0,0,0,0,368640,0,3,1555200,0,0,541,0
68,baseline-444,speed_bench.jpg,raw,zune-scalar,1,88060165,88047040,215311782,49,7680,4320,3,540,518400,1104875,409165,41160,2984,1597,158,73775,135000,18516,6076,302624,194392484,9630,9804,46820,0,0,0,0,0,0,0,0,0,0,541,539,55059,0,1080,199065600,99532800,10946040,0,0,0,0,368640,0,3,1555200,0,0,541,0
69,baseline-444,speed_bench.jpg,raw,zune-simd,1,88434966,88421962,216228548,49,7680,4320,3,540,518400,1104875,409165,41160,3011,1597,158,75059,142225,18598,6076,322587,195362963,9630,9804,46867,0,0,0,0,0,0,0,0,0,0,541,539,52844,0,1080,199065600,99532800,10819436,0,0,0,0,368640,0,3,1555200,0,0,541,0
70,baseline-444,speed_bench.jpg,raw,zune-simd,1,88578735,88565391,216579339,49,7680,4320,3,540,518400,1104875,409165,41160,2944,1597,158,73204,143401,18457,6076,291051,195832878,9630,9804,49934,0,0,0,0,0,0,0,0,0,0,541,539,53400,0,1080,199065600,99532800,10744422,0,0,0,0,368640,0,3,1555200,0,0,541,0
71,baseline-444,speed_bench.jpg,raw,zune-simd,1,88752360,88739336,217004756,49,7680,4320,3,540,518400,1104875,409165,41160,2955,1597,158,73954,174508,18498,6076,292626,196284649,9630,9804,46918,0,0,0,0,0,0,0,0,0,0,541,539,53296,0,1080,199065600,99532800,10897778,0,0,0,0,368640,0,3,1555200,0,0,541,0
72,baseline-444,speed_bench.jpg,raw,zune-simd,2,88670877,88657803,216805351,49,7680,4320,3,540,518400,1104875,409165,41160,2938,1597,158,73478,143871,18235,6076,320825,196057412,9630,9804,73104,0,0,0,0,0,0,0,0,0,0,541,539,52939,0,1080,199065600,99532800,10877341,0,0,0,0,368640,0,3,1555200,0,0,541,0
73,baseline-444,speed_bench.jpg,raw,zune-simd,2,88845665,88832119,217231578,49,7680,4320,3,540,518400,1104875,409165,41160,2970,1597,158,73327,143977,18443,6076,319086,195998057,9630,9804,44413,0,0,0,0,0,0,0,0,0,0,541,539,53008,0,1080,199065600,99532800,11122272,0,0,0,0,368640,0,3,1555200,0,0,541,0
74,baseline-444,speed_bench.jpg,raw,zune-simd,2,87822190,87807803,214726673,49,7680,4320,3,540,518400,1104875,409165,41160,2963,1597,158,73780,135861,18348,6076,294981,193886591,9630,9804,51153,0,0,0,0,0,0,0,0,0,0,541,539,52467,0,1080,199065600,99532800,10773386,0,0,0,0,368640,0,3,1555200,0,0,541,0
75,baseline-444,speed_bench.jpg,raw,zune-scalar,2,87788697,87772416,214640212,49,7680,4320,3,540,518400,1104875,409165,41160,2951,1597,158,74709,135046,18304,6076,294354,193742049,9630,9804,46010,0,0,0,0,0,0,0,0,0,0,541,539,52476,0,1080,199065600,99532800,10924520,0,0,0,0,368640,0,3,1555200,0,0,541,0
76,baseline-444,speed_bench.jpg,raw,zune-scalar,2,87656389,87642844,214323280,25,7680,4320,3,540,518400,1104875,409165,41160,4321,1597,158,177632,173359,22231,6076,466491,193533124,9630,9804,310347,0,0,0,0,0,0,0,0,0,0,541,539,53339,0,1080,199065600,99532800,10796871,0,0,0,0,368640,0,3,1555200,0,0,541,0
77,baseline-444,speed_bench.jpg,raw,zune-scalar,2,87679162,87665937,214379827,49,7680,4320,3,540,518400,1104875,409165,41160,2935,1597,158,72680,161239,18173,6076,296526,193662938,9630,9804,46432,0,0,0,0,0,0,0,0,0,0,541,539,53029,0,1080,199065600,99532800,10739123,0,0,0,0,368640,0,3,1555200,0,0,541,0
78,baseline-444,speed_bench.jpg,raw,zune-scalar,3,87742631,87729536,214535279,49,7680,4320,3,540,518400,1104875,409165,41160,2953,1597,158,73223,135951,18182,6076,294354,193716123,9630,9804,49873,0,0,0,0,0,0,0,0,0,0,541,539,52392,0,1080,199065600,99532800,10902365,0,0,0,0,368640,0,3,1555200,0,0,541,0
79,baseline-444,speed_bench.jpg,raw,zune-scalar,3,87744625,87731389,214539861,49,7680,4320,3,540,518400,1104875,409165,41160,2984,1597,158,74187,134700,18542,6076,294429,193696710,9630,9804,45933,0,0,0,0,0,0,0,0,0,0,541,539,53659,0,1080,199065600,99532800,10871739,0,0,0,0,368640,0,3,1555200,0,0,541,0
80,baseline-444,speed_bench.jpg,raw,zune-scalar,3,87734957,87721852,214516512,24,7680,4320,3,540,518400,1104875,409165,41160,4321,1597,158,180626,176992,22251,6076,453507,193814309,9630,9804,293040,0,0,0,0,0,0,0,0,0,0,541,539,52670,0,1080,199065600,99532800,10825450,0,0,0,0,368640,0,3,1555200,0,0,541,0
81,baseline-444,speed_bench.jpg,raw,zune-simd,3,88649257,88635932,216751818,24,7680,4320,3,540,518400,1104875,409165,41160,4321,1597,158,180670,182788,22256,6076,446273,196070101,9630,9804,293109,0,0,0,0,0,0,0,0,0,0,541,539,53456,0,1080,199065600,99532800,10820766,0,0,0,0,368640,0,3,1555200,0,0,541,0
82,baseline-444,speed_bench.jpg,raw,zune-simd,3,87823622,87810448,214733141,49,7680,4320,3,540,518400,1104875,409165,41160,2951,1597,158,73074,136679,18399,6076,294377,193991255,9630,9804,47669,0,0,0,0,0,0,0,0,0,0,541,539,53364,0,1080,199065600,99532800,10854100,0,0,0,0,368640,0,3,1555200,0,0,541,0
83,baseline-444,speed_bench.jpg,raw,zune-simd,3,87633487,87620272,214268082,49,7680,4320,3,540,518400,1104875,409165,41160,2950,1597,158,73458,134665,18296,6076,295969,193681814,9630,9804,73394,0,0,0,0,0,0,0,0,0,0,541,539,52833,0,1080,199065600,99532800,10740351,0,0,0,0,368640,0,3,1555200,0,0,541,0
84,baseline-444,speed_bench.jpg,raw,zune-simd,4,88261802,88248507,215804428,49,7680,4320,3,540,518400,1104875,409165,41160,2895,1597,158,71355,135792,18447,6076,295261,194701549,9630,9804,47642,0,0,0,0,0,0,0,0,0,0,541,539,54570,0,1080,199065600,99532800,10956136,0,0,0,0,368640,0,3,1555200,0,0,541,0
85,baseline-444,speed_bench.jpg,raw,zune-simd,4,88630352,88616997,216705538,49,7680,4320,3,540,518400,1104875,409165,41160,2962,1597,158,72785,141489,18129,6076,296437,196029923,9630,9804,45867,0,0,0,0,0,0,0,0,0,0,541,539,54772,0,1080,199065600,99532800,10837003,0,0,0,0,368640,0,3,1555200,0,0,541,0
86,baseline-444,speed_bench.jpg,raw,zune-simd,4,88649728,88635701,216751353,49,7680,4320,3,540,518400,1104875,409165,41160,3017,1597,158,74679,144191,18480,6076,356002,195919225,9630,9804,73034,0,0,0,0,0,0,0,0,0,0,541,539,52924,0,1080,199065600,99532800,10871842,0,0,0,0,368640,0,3,1555200,0,0,541,0
87,baseline-444,speed_bench.jpg,raw,zune-scalar,4,88310463,88297238,215923621,49,7680,4320,3,540,518400,1104875,409165,41160,2949,1597,158,73132,139416,19004,6076,320301,195153410,9630,9804,47020,0,0,0,0,0,0,0,0,0,0,541,539,52829,0,1080,199065600,99532800,10898167,0,0,0,0,368640,0,3,1555200,0,0,541,0
88,baseline-444,speed_bench.jpg,raw,zune-scalar,4,87947464,87933949,215035128,49,7680,4320,3,540,518400,1104875,409165,41160,2947,1597,158,72693,190910,18454,6076,322408,194217640,9630,9804,49139,0,0,0,0,0,0,0,0,0,0,541,539,79011,0,1080,199065600,99532800,10832652,0,0,0,0,368640,0,3,1555200,0,0,541,0
89,baseline-444,speed_bench.jpg,raw,zune-scalar,4,88658234,88643706,216770855,49,7680,4320,3,540,518400,1104875,409165,41160,2985,1597,158,73802,144248,18626,6076,318416,195993779,9630,9804,47404,0,0,0,0,0,0,0,0,0,0,541,539,52561,0,1080,199065600,99532800,10734788,0,0,0,0,368640,0,3,1555200,0,0,541,0
90,baseline-422,speed_bench_horizontal_subsampling.jpg,packed-bgra,zune-simd,0,86558676,85924880,210122216,49,7680,4320,3,540,259200,616674,378200,41926,1653,1484,131,40760,120061,15216,4050,242773,154624329,7434,7729,41640,540,1080,0,0,8624315,4320,46055684,55137977,0,0,0,0,0,0,1080,132710400,0,0,122880,199065600,199065600,132710400,245760,0,4,1036800,1620,4320,0,0
91,baseline-422,speed_bench_horizontal_subsampling.jpg,packed-bgra,zune-simd,0,86261199,85689158,209545756,49,7680,4320,3,540,259200,616674,378200,41926,1628,1484,131,40035,116071,15116,4050,242828,154487413,7434,7729,42380,540,1080,0,0,8720004,4320,45451355,54631888,0,0,0,0,0,0,1080,132710400,0,0,122880,199065600,199065600,132710400,245760,0,4,1036800,1620,4320,0,0
92,baseline-422,speed_bench_horizontal_subsampling.jpg,packed-bgra,zune-simd,0,86355375,85797141,209809866,49,7680,4320,3,540,259200,616674,378200,41926,1680,1484,131,41343,140938,15146,4050,241566,153959126,7434,7729,42052,540,1080,0,0,8775797,4320,46215048,55454615,0,0,0,0,0,0,1080,132710400,0,0,122880,199065600,199065600,132710400,245760,0,4,1036800,1620,4320,0,0
93,baseline-422,speed_bench_horizontal_subsampling.jpg,packed-bgra,zune-scalar,0,86151424,85478514,209030643,49,7680,4320,3,540,259200,616674,378200,41926,1654,1484,131,40854,113460,15118,4050,239901,154183721,7434,7729,41415,540,1080,0,0,8742117,4320,45262449,54464301,0,0,0,0,0,0,1080,132710400,0,0,122880,199065600,199065600,132710400,245760,0,4,1036800,1620,4320,0,0
94,baseline-422,speed_bench_horizontal_subsampling.jpg,packed-bgra,zune-scalar,0,85990001,85394377,208824868,49,7680,4320,3,540,259200,616674,378200,41926,1649,1484,131,40815,113756,14893,4050,241425,154174456,7434,7729,49029,540,1080,0,0,8684607,4320,45139621,54275507,0,0,0,0,0,0,1080,132710400,0,0,122880,199065600,199065600,132710400,245760,0,4,1036800,1620,4320,0,0
95,baseline-422,speed_bench_horizontal_subsampling.jpg,packed-bgra,zune-scalar,0,85809574,85219760,208397906,49,7680,4320,3,540,259200,616674,378200,41926,1665,1484,131,41045,112814,15142,4050,240358,153680628,7434,7729,41255,540,1080,0,0,8685783,4320,45226082,54357743,0,0,0,0,0,0,1080,132710400,0,0,122880,199065600,199065600,132710400,245760,0,4,1036800,1620,4320,0,0
96,baseline-422,speed_bench_horizontal_subsampling.jpg,packed-bgra,zune-scalar,1,85683007,85113712,208138476,49,7680,4320,3,540,259200,616674,378200,41926,1611,1484,131,39693,140684,15143,4050,240715,153333403,7434,7729,72300,540,1080,0,0,8615929,4320,45380856,54445884,0,0,0,0,0,0,1080,132710400,0,0,122880,199065600,199065600,132710400,245760,0,4,1036800,1620,4320,0,0
97,baseline-422,speed_bench_horizontal_subsampling.jpg,packed-bgra,zune-scalar,1,85857413,85281076,208547822,49,7680,4320,3,540,259200,616674,378200,41926,1658,1484,131,40855,113505,14991,4050,241409,154018497,7434,7729,42942,540,1080,0,0,8724421,4320,44999112,54171892,0,0,0,0,0,0,1080,132710400,0,0,122880,199065600,199065600,132710400,245760,0,4,1036800,1620,4320,0,0
98,baseline-422,speed_bench_horizontal_subsampling.jpg,packed-bgra,zune-scalar,1,85799395,85248233,208468442,49,7680,4320,3,540,259200,616674,378200,41926,1648,1484,131,41132,113934,14827,4050,240643,153442982,7434,7729,41126,540,1080,0,0,8760144,4320,45441754,54660763,0,0,0,0,0,0,1080,132710400,0,0,122880,199065600,199065600,132710400,245760,0,4,1036800,1620,4320,0,0
99,baseline-422,speed_bench_horizontal_subsampling.jpg,packed-bgra,zune-simd,1,85866330,85316542,208634577,49,7680,4320,3,540,259200,616674,378200,41926,1656,1484,131,41061,113991,15215,4050,239649,153395856,7434,7729,40864,540,1080,0,0,8726528,4320,45709419,54880687,0,0,0,0,0,0,1080,132710400,0,0,122880,199065600,199065600,132710400,245760,0,4,1036800,1620,4320,0,0
100,baseline-422,speed_bench_horizontal_subsampling.jpg,packed-bgra,zune-simd,1,85791580,85238996,208444971,49,7680,4320,3,540,259200,616674,378200,41926,1661,1484,131,40734,115962,15023,4050,247400,153264185,7434,7729,41043,540,1080,0,0,8712463,4320,45595442,54782676,0,0,0,0,0,0,1080,132710400,0,0,122880,199065600,199065600,132710400,245760,0,4,1036800,1620,4320,0,0
101,baseline-422,speed_bench_horizontal_subsampling.jpg,packed-bgra,zune-simd,1,85582017,85009977,207884852,49,7680,4320,3,540,259200,616674,378200,41926,1665,1484,131,41085,113800,14764,4050,266226,153333281,7434,7729,79415,540,1080,0,0,8646114,4320,45048084,54140495,0,0,0,0,0,0,1080,132710400,0,0,122880,199065600,199065600,132710400,245760,0,4,1036800,1620,4320,0,0
102,baseline-422,speed_bench_horizontal_subsampling.jpg,packed-bgra,zune-simd,2,85931080,85383880,208798261,49,7680,4320,3,540,259200,616674,378200,41926,1639,1484,131,40628,113858,14695,4050,269351,153788476,7434,7729,42527,540,1080,0,0,8700921,4320,45499017,54652333,0,0,0,0,0,0,1080,132710400,0,0,122880,199065600,199065600,132710400,245760,0,4,1036800,1620,4320,0,0
103,baseline-422,speed_bench_horizontal_subsampling.jpg,packed-bgra,zune-simd,2,85659287,85104921,208083571,49,7680,4320,3,540,259200,616674,378200,41926,1602,1484,131,66603,140264,14796,4050,238534,153154147,7434,7729,41340,540,1080,0,0,8615233,4320,45457528,54520030,0,0,0,0,0,0,1080,132710400,0,0,122880,199065600,199065600,132710400,245760,0,4,1036800,1620,4320,0,0
104,baseline-422,speed_bench_horizontal_subsampling.jpg,packed-bgra,zune-simd,2,85837690,85282121,208516878,49,7680,4320,3,540,259200,616674,378200,41926,1625,1484,131,40399,143526,15088,4050,238721,154038266,7434,7729,42123,540,1080,0,0,8690664,4320,44971831,54117587,0,0,0,0,0,0,1080,132710400,0,0,122880,199065600,199065600,132710400,245760,0,4,1036800,1620,4320,0,0
105,baseline-422,speed_bench_horizontal_subsampling.jpg,packed-bgra,zune-scalar,2,86256600,85691813,209518586,49,7680,4320,3,540,259200,616674,378200,41926,1623,1484,131,39916,113700,14844,4050,282117,154320706,7434,7729,42015,540,1080,0,0,8635193,4320,45692761,54837994,0,0,0,0,0,0,1080,132710400,0,0,122880,199065600,199065600,132710400,245760,0,4,1036800,1620,4320,0,0
106,baseline-422,speed_bench_horizontal_subsampling.jpg,packed-bgra,zune-scalar,2,85725602,85157829,208213176,49,7680,4320,3,540,259200,616674,378200,41926,1642,1484,131,42050,113774,16485,4050,244156,153570702,7434,7729,43643,540,1080,0,0,8758305,4320,45072872,54278726,0,0,0,0,0,0,1080,132710400,0,0,122880,199065600,199065600,132710400,245760,0,4,1036800,1620,4320,0,0
107,baseline-422,speed_bench_horizontal_subsampling.jpg,packed-bgra,zune-scalar,2,85832399,85260146,208463101,49,7680,4320,3,540,259200,616674,378200,41926,1593,1484,131,39556,149700,15047,4050,267350,153661119,7434,7729,42637,540,1080,0,0,8840766,4320,45152345,54438048,0,0,0,0,0,0,1080,132710400,0,0,122880,199065600,199065600,132710400,245760,0,4,1036800,1620,4320,0,0
108,baseline-422,speed_bench_horizontal_subsampling.jpg,packed-bgra,zune-scalar,3,85727606,85161627,208222242,49,7680,4320,3,540,259200,616674,378200,41926,1659,1484,131,40767,113514,15201,4050,266367,153298296,7434,7729,49399,540,1080,0,0,8821838,4320,45262893,54562385,0,0,0,0,0,0,1080,132710400,0,0,122880,199065600,199065600,132710400,245760,0,4,1036800,1620,4320,0,0
109,baseline-422,speed_bench_horizontal_subsampling.jpg,packed-bgra,zune-scalar,3,85718317,85150653,208195390,24,7680,4320,3,540,259200,616674,378200,41926,2435,1484,131,101335,150175,18409,4050,340837,153445182,7434,7729,235979,540,1080,0,0,8887405,4320,45038905,54386833,0,0,0,0,0,0,1080,132710400,0,0,122880,199065600,199065600,132710400,245760,0,4,1036800,1620,4320,0,0
110,baseline-422,speed_bench_horizontal_subsampling.jpg,packed-bgra,zune-scalar,3,85742035,85174642,208254042,49,7680,4320,3,540,259200,616674,378200,41926,1616,1484,131,39907,113711,14817,4050,240697,153386374,7434,7729,42193,540,1080,0,0,8827594,4320,45231574,54512318,0,0,0,0,0,0,1080,132710400,0,0,122880,199065600,199065600,132710400,245760,0,4,1036800,1620,4320,0,0
111,baseline-422,speed_bench_horizontal_subsampling.jpg,packed-bgra,zune-simd,3,85966070,85390822,208782655,49,7680,4320,3,540,259200,616674,378200,41926,1628,1484,131,40149,113493,14772,4050,243266,153733653,7434,7729,41703,540,1080,0,0,8702635,4320,45531421,54686737,0,0,0,0,0,0,1080,132710400,0,0,122880,199065600,199065600,132710400,245760,0,4,1036800,1620,4320,0,0
112,baseline-422,speed_bench_horizontal_subsampling.jpg,packed-bgra,zune-simd,3,85900197,85325900,208623919,49,7680,4320,3,540,259200,616674,378200,41926,1654,1484,131,41064,113837,15336,4050,241850,153786999,7434,7729,39439,540,1080,0,0,8778103,4320,45243342,54473528,0,0,0,0,0,0,1080,132710400,0,0,122880,199065600,199065600,132710400,245760,0,4,1036800,1620,4320,0,0
113,baseline-422,speed_bench_horizontal_subsampling.jpg,packed-bgra,zune-simd,3,85810475,85235166,208402023,49,7680,4320,3,540,259200,616674,378200,41926,1663,1484,131,40905,113279,14873,4050,242181,153648721,7434,7729,42707,540,1080,0,0,8619601,4320,45288299,54390828,0,0,0,0,0,0,1080,132710400,0,0,122880,199065600,199065600,132710400,245760,0,4,1036800,1620,4320,0,0
114,baseline-422,speed_bench_horizontal_subsampling.jpg,packed-bgra,zune-simd,4,85864908,85301181,208577148,49,7680,4320,3,540,259200,616674,378200,41926,1634,1484,131,40134,113774,14912,4050,239717,153605708,7434,7729,40878,540,1080,0,0,8782291,4320,45348323,54604362,0,0,0,0,0,0,1080,132710400,0,0,122880,199065600,199065600,132710400,245760,0,4,1036800,1620,4320,0,0
115,baseline-422,speed_bench_horizontal_subsampling.jpg,packed-bgra,zune-simd,4,85742875,85166938,208268694,49,7680,4320,3,540,259200,616674,378200,41926,1635,1484,131,40168,114422,14794,4050,237741,153474015,7434,7729,41123,540,1080,0,0,8746501,4320,45236795,54428946,0,0,0,0,0,0,1080,132710400,0,0,122880,199065600,199065600,132710400,245760,0,4,1036800,1620,4320,0,0
116,baseline-422,speed_bench_horizontal_subsampling.jpg,packed-bgra,zune-simd,4,85672474,85098370,208100991,49,7680,4320,3,540,259200,616674,378200,41926,1630,1484,131,40091,140396,14800,4050,240262,153447208,7434,7729,41832,540,1080,0,0,8616766,4320,45238418,54297299,0,0,0,0,0,0,1080,132710400,0,0,122880,199065600,199065600,132710400,245760,0,4,1036800,1620,4320,0,0
117,baseline-422,speed_bench_horizontal_subsampling.jpg,packed-bgra,zune-scalar,4,85780346,85195722,208339156,49,7680,4320,3,540,259200,616674,378200,41926,1646,1484,131,40730,114165,14699,4050,244583,153398240,7434,7729,69374,540,1080,0,0,8781825,4320,45357901,54585390,0,0,0,0,0,0,1080,132710400,0,0,122880,199065600,199065600,132710400,245760,0,4,1036800,1620,4320,0,0
118,baseline-422,speed_bench_horizontal_subsampling.jpg,packed-bgra,zune-scalar,4,85720263,85146770,208219400,49,7680,4320,3,540,259200,616674,378200,41926,1660,1484,131,40687,114035,14894,4050,243830,153624244,7434,7729,41522,540,1080,0,0,8660820,4320,45103295,54236364,0,0,0,0,0,0,1080,132710400,0,0,122880,199065600,199065600,132710400,245760,0,4,1036800,1620,4320,0,0
119,baseline-422,speed_bench_horizontal_subsampling.jpg,packed-bgra,zune-scalar,4,85742605,85166497,208267885,49,7680,4320,3,540,259200,616674,378200,41926,1624,1484,131,39968,114383,15033,4050,266556,153738394,7434,7729,42819,540,1080,0,0,8744911,4320,44974206,54165302,0,0,0,0,0,0,1080,132710400,0,0,122880,199065600,199065600,132710400,245760,0,4,1036800,1620,4320,0,0
120,baseline-422,speed_bench_horizontal_subsampling.jpg,scanlines-bgra,zune-simd,0,82354766,82340600,201357194,49,7680,4320,3,540,259200,616674,378200,41926,1685,1484,131,41739,109337,14848,4050,270611,153416327,7434,7729,41799,540,1080,0,0,8845450,4320,28084139,37380928,0,0,541,540,51748,0,1080,132710400,0,0,66478080,199065600,199065600,132710400,522240,0,5,1036800,1620,4320,540,0
121,baseline-422,speed_bench_horizontal_subsampling.jpg,scanlines-bgra,zune-simd,0,82696105,82681478,202190758,49,7680,4320,3,540,259200,616674,378200,41926,1674,1484,131,41498,112113,14815,4050,241407,154262863,7434,7729,43115,540,1080,0,0,8593350,4320,28262378,37311483,0,0,541,540,51105,0,1080,132710400,0,0,66478080,199065600,199065600,132710400,522240,0,5,1036800,1620,4320,540,0
122,baseline-422,speed_bench_horizontal_subsampling.jpg,scanlines-bgra,zune-simd,0,82104017,82090061,200744449,49,7680,4320,3,540,259200,616674,378200,41926,1619,1484,131,39890,113211,14894,4050,240294,153118863,7434,7729,41878,540,1080,0,0,8614665,4320,28026834,37091037,0,0,541,540,51270,0,1080,132710400,0,0,66478080,199065600,199065600,132710400,522240,0,5,1036800,1620,4320,540,0
123,baseline-422,speed_bench_horizontal_subsampling.jpg,scanlines-bgra,zune-scalar,0,82085472,82071536,200699198,49,7680,4320,3,540,259200,616674,378200,41926,1639,1484,131,40559,109937,14698,4050,244147,153220603,7434,7729,42204,540,1080,0,0,8610183,4320,28033598,37091153,0,0,541,540,51923,0,1080,132710400,0,0,66478080,199065600,199065600,132710400,522240,0,5,1036800,1620,4320,540,0
124,baseline-422,speed_bench_horizontal_subsampling.jpg,scanlines-bgra,zune-scalar,0,82266431,82252575,201141913,49,7680,4320,3,540,259200,616674,378200,41926,1613,1484,131,39756,109919,14817,4050,239924,153467080,7434,7729,41048,540,1080,0,0,8694125,4320,28142455,37287346,0,0,541,540,52000,0,1080,132710400,0,0,66478080,199065600,199065600,132710400,522240,0,5,1036800,1620,4320,540,0
125,baseline-422,speed_bench_horizontal_subsampling.jpg,scanlines-bgra,zune-scalar,0,82043454,82029658,200596788,49,7680,4320,3,540,259200,616674,378200,41926,1633,1484,131,40342,110684,14875,4050,238675,153164543,7434,7729,42615,540,1080,0,0,8721820,4320,27889795,37062282,0,0,541,540,51340,0,1080,132710400,0,0,66478080,199065600,199065600,132710400,522240,0,5,1036800,1620,4320,540,0
126,baseline-422,speed_bench_horizontal_subsampling.jpg,scanlines-bgra,zune-scalar,1,82002147,81988270,200495603,49,7680,4320,3,540,259200,616674,378200,41926,1615,1484,131,39892,109612,14920,4050,238826,152940882,7434,7729,42177,540,1080,0,0,8806488,4320,27765488,37018883,0,0,541,540,51171,0,1080,132710400,0,0,66478080,199065600,199065600,132710400,522240,0,5,1036800,1620,4320,540,0
127,baseline-422,speed_bench_horizontal_subsampling.jpg,scanlines-bgra,zune-scalar,1,81831557,81817942,200079030,49,7680,4320,3,540,259200,616674,378200,41926,1636,1484,131,40293,110528,14820,4050,237543,152804115,7434,7729,43057,540,1080,0,0,8721774,4320,27782662,36949458,0,0,541,540,51681,0,1080,132710400,0,0,66478080,199065600,199065600,132710400,522240,0,5,1036800,1620,4320,540,0
128,baseline-422,speed_bench_horizontal_subsampling.jpg,scanlines-bgra,zune-scalar,1,82093608,82079221,200717965,49,7680,4320,3,540,259200,616674,378200,41926,1623,1484,131,39809,109778,14775,4050,237466,153063751,7434,7729,71214,540,1080,0,0,8728197,4320,28154476,37329514,0,0,541,540,51381,0,1080,132710400,0,0,66478080,199065600,199065600,132710400,522240,0,5,1036800,1620,4320,540,0
129,baseline-422,speed_bench_horizontal_subsampling.jpg,scanlines-bgra,zune-simd,1,82010602,81996757,200516208,49,7680,4320,3,540,259200,616674,378200,41926,1618,1484,131,39820,109878,14680,4050,241026,153001352,7434,7729,42557,540,1080,0,0,8679251,4320,27926155,37079274,0,0,541,540,50958,0,1080,132710400,0,0,66478080,199065600,199065600,132710400,522240,0,5,1036800,1620,4320,540,0
130,baseline-422,speed_bench_horizontal_subsampling.jpg,scanlines-bgra,zune-simd,1,81980757,81967321,200444398,24,7680,4320,3,540,259200,616674,378200,41926,2435,1484,131,100525,148497,18338,4050,367060,152972709,7434,7729,263008,540,1080,0,0,8768823,4320,27811931,37025461,0,0,541,540,51360,0,1080,132710400,0,0,66478080,199065600,199065600,132710400,522240,0,5,1036800,1620,4320,540,0
131,baseline-422,speed_bench_horizontal_subsampling.jpg,scanlines-bgra,zune-simd,1,82114997,82099538,200767651,49,7680,4320,3,540,259200,616674,378200,41926,1613,1484,131,39742,109599,15031,4050,237650,153197784,7434,7729,42917,540,1080,0,0,8736107,4320,28011252,37203867,0,0,541,540,51630,0,1080,132710400,0,0,66478080,199065600,199065600,132710400,522240,0,5,1036800,1620,4320,540,0
132,baseline-422,speed_bench_horizontal_subsampling.jpg,scanlines-bgra,zune-simd,2,82093718,82079080,200717622,49,7680,4320,3,540,259200,616674,378200,41926,1631,1484,131,40484,109863,15019,4050,237948,153186494,7434,7729,42973,540,1080,0,0,8666736,4320,28020655,37132096,0,0,541,540,51425,0,1080,132710400,0,0,66478080,199065600,199065600,132710400,522240,0,5,1036800,1620,4320,540,0
133,baseline-422,speed_bench_horizontal_subsampling.jpg,scanlines-bgra,zune-simd,2,82130697,82116701,200809644,24,7680,4320,3,540,259200,616674,378200,41926,2435,1484,131,100137,147078,18370,4050,342134,152981171,7434,7729,259735,540,1080,0,0,8824820,4320,28086386,37363902,0,0,541,540,51217,0,1080,132710400,0,0,66478080,199065600,199065600,132710400,522240,0,5,1036800,1620,4320,540,0
134,baseline-422,speed_bench_horizontal_subsampling.jpg,scanlines-bgra,zune-simd,2,81980306,81966630,200442659,49,7680,4320,3,540,259200,616674,378200,41926,1653,1484,131,40690,136097,14900,4050,238365,152871835,7434,7729,42809,540,1080,0,0,8642582,4320,27900580,36990743,0,0,541,540,50745,0,1080,132710400,0,0,66478080,199065600,199065600,132710400,522240,0,5,1036800,1620,4320,540,0
135,baseline-422,speed_bench_horizontal_subsampling.jpg,scanlines-bgra,zune-scalar,2,81979494,81965838,200440649,49,7680,4320,3,540,259200,616674,378200,41926,1648,1484,131,67916,110120,14798,4050,237826,153005805,7434,7729,41826,540,1080,0,0,8730644,4320,27825951,37005145,0,0,541,540,52112,0,1080,132710400,0,0,66478080,199065600,199065600,132710400,522240,0,5,1036800,1620,4320,540,0
136,baseline-422,speed_bench_horizontal_subsampling.jpg,scanlines-bgra,zune-scalar,2,82009370,81995604,200513488,49,7680,4320,3,540,259200,616674,378200,41926,1633,1484,131,40250,110683,15048,4050,238332,153201614,7434,7729,41665,540,1080,0,0,8588948,4320,28069807,37113030,0,0,541,540,50821,0,1080,132710400,0,0,66478080,199065600,199065600,132710400,522240,0,5,1036800,1620,4320,540,0
137,baseline-422,speed_bench_horizontal_subsampling.jpg,scanlines-bgra,zune-scalar,2,82037843,82024458,200584121,49,7680,4320,3,540,259200,616674,378200,41926,1597,1484,131,39439,110401,15235,4050,237379,153077072,7434,7729,41912,540,1080,0,0,8747276,4320,27906662,37099653,0,0,541,540,51413,0,1080,132710400,0,0,66478080,199065600,199065600,132710400,522240,0,5,1036800,1620,4320,540,0
138,baseline-422,speed_bench_horizontal_subsampling.jpg,scanlines-bgra,zune-scalar,3,81838260,81824284,200094538,49,7680,4320,3,540,259200,616674,378200,41926,1650,1484,131,40435,109967,14969,4050,238294,152816515,7434,7729,43979,540,1080,0,0,8634195,4320,27897135,36974963,0,0,541,540,50313,0,1080,132710400,0,0,66478080,199065600,199065600,132710400,522240,0,5,1036800,1620,4320,540,0
139,baseline-422,speed_bench_horizontal_subsampling.jpg,scanlines-bgra,zune-scalar,3,82129034,82114257,200803666,49,7680,4320,3,540,259200,616674,378200,41926,1629,1484,131,40289,109844,14897,4050,238945,152992398,7434,7729,41202,540,1080,0,0,8871916,4320,27935164,37264135,0,0,541,540,53135,0,1080,132710400,0,0,66478080,199065600,199065600,132710400,522240,0,5,1036800,1620,4320,540,0
140,baseline-422,speed_bench_horizontal_subsampling.jpg,scanlines-bgra,zune-scalar,3,82154903,82140636,200868199,49,7680,4320,3,540,259200,616674,378200,41926,1633,1484,131,40277,110167,14854,4050,237144,153002055,7434,7729,42214,540,1080,0,0,8673302,4320,28227603,37352415,0,0,541,540,51200,0,1080,132710400,0,0,66478080,199065600,199065600,132710400,522240,0,5,1036800,1620,4320,540,0
141,baseline-422,speed_bench_horizontal_subsampling.jpg,scanlines-bgra,zune-simd,3,82141568,82126910,200834634,49,7680,4320,3,540,259200,616674,378200,41926,1607,1484,131,39574,110245,14753,4050,238795,153075882,7434,7729,41574,540,1080,0,0,8784246,4320,27929277,37167446,0,0,541,540,51309,0,1080,132710400,0,0,66478080,199065600,199065600,132710400,522240,0,5,1036800,1620,4320,540,0
142,baseline-422,speed_bench_horizontal_subsampling.jpg,scanlines-bgra,zune-simd,3,82087617,82073480,200703927,49,7680,4320,3,540,259200,616674,378200,41926,1673,1484,131,70242,110724,14889,4050,240186,152961270,7434,7729,67849,540,1080,0,0,8734217,4320,28019806,37208524,0,0,541,540,51530,0,1080,132710400,0,0,66478080,199065600,199065600,132710400,522240,0,5,1036800,1620,4320,540,0
143,baseline-422,speed_bench_horizontal_subsampling.jpg,scanlines-bgra,zune-simd,3,82158930,82144112,200876627,49,7680,4320,3,540,259200,616674,378200,41926,1678,1484,131,41343,110579,14833,4050,239860,153085637,7434,7729,43632,540,1080,0,0,8856849,4320,27913152,37227033,0,0,541,540,50369,0,1080,132710400,0,0,66478080,199065600,199065600,132710400,522240,0,5,1036800,1620,4320,540,0
144,baseline-422,speed_bench_horizontal_subsampling.jpg,scanlines-bgra,zune-simd,4,82007416,81992298,200505403,49,7680,4320,3,540,259200,616674,378200,41926,1634,1484,131,40332,110327,14678,4050,236096,152765563,7434,7729,40798,540,1080,0,0,8854468,4320,27754405,37059336,0,0,541,540,51622,0,1080,132710400,0,0,66478080,199065600,199065600,132710400,522240,0,5,1036800,1620,4320,540,0
145,baseline-422,speed_bench_horizontal_subsampling.jpg,scanlines-bgra,zune-simd,4,81987590,81972661,200457432,49,7680,4320,3,540,259200,616674,378200,41926,1613,1484,131,39709,111229,14927,4050,236528,152928870,7434,7729,41348,540,1080,0,0,8696726,4320,27829265,36976823,0,0,541,540,51650,0,1080,132710400,0,0,66478080,199065600,199065600,132710400,522240,0,5,1036800,1620,4320,540,0
146,baseline-422,speed_bench_horizontal_subsampling.jpg,scanlines-bgra,zune-simd,4,82288412,82274175,201194710,49,7680,4320,3,540,259200,616674,378200,41926,1618,1484,131,39736,110482,14892,4050,239179,153290603,7434,7729,43443,540,1080,0,0,8721770,4320,27923047,37094548,0,0,541,540,51454,0,1080,132710400,0,0,66478080,199065600,199065600,132710400,522240,0,5,1036800,1620,4320,540,0
147,baseline-422,speed_bench_horizontal_subsampling.jpg,scanlines-bgra,zune-scalar,4,82133903,82119887,200817484,49,7680,4320,3,540,259200,616674,378200,41926,1594,1484,131,39067,109883,14684,4050,238147,153097234,7434,7729,43175,540,1080,0,0,8755313,4320,28037047,37241695,0,0,541,540,50951,0,1080,132710400,0,0,66478080,199065600,199065600,132710400,522240,0,5,1036800,1620,4320,540,0
148,baseline-422,speed_bench_horizontal_subsampling.jpg,scanlines-bgra,zune-scalar,4,82059644,82044997,200634248,49,7680,4320,3,540,259200,616674,378200,41926,1627,1484,131,66768,137153,15318,4050,237280,152953490,7434,7729,68678,540,1080,0,0,8862518,4320,27952013,37264590,0,0,541,540,51642,0,1080,132710400,0,0,66478080,199065600,199065600,132710400,522240,0,5,1036800,1620,4320,540,0
149,baseline-422,speed_bench_horizontal_subsampling.jpg,scanlines-bgra,zune-scalar,4,82071186,82057400,200664580,49,7680,4320,3,540,259200,616674,378200,41926,1654,1484,131,40719,108825,14847,4050,236748,153110472,7434,7729,40204,540,1080,0,0,8726682,4320,27959567,37132904,0,0,541,540,51304,0,1080,132710400,0,0,66478080,199065600,199065600,132710400,522240,0,5,1036800,1620,4320,540,0
150,baseline-422,speed_bench_horizontal_subsampling.jpg,raw,zune-simd,0,69934738,69920331,170984471,49,7680,4320,3,540,259200,616674,378200,41926,1652,1484,131,40652,110201,15067,4050,234886,153505979,7434,7729,42618,0,0,0,0,0,0,0,0,0,0,541,539,60690,0,1080,132710400,66355200,7289107,0,0,0,0,245760,0,3,1036800,0,0,541,0
151,baseline-422,speed_bench_horizontal_subsampling.jpg,raw,zune-simd,0,69596976,69582880,170159188,49,7680,4320,3,540,259200,616674,378200,41926,1683,1484,131,41313,104985,14896,4050,232588,152979259,7434,7729,42499,0,0,0,0,0,0,0,0,0,0,541,539,60173,0,1080,132710400,66355200,7136980,0,0,0,0,245760,0,3,1036800,0,0,541,0
152,baseline-422,speed_bench_horizontal_subsampling.jpg,raw,zune-simd,0,70665596,70650778,172770692,49,7680,4320,3,540,259200,616674,378200,41926,1648,1484,131,40661,105700,15077,4050,273738,155002443,7434,7729,43704,0,0,0,0,0,0,0,0,0,0,541,539,61250,0,1080,132710400,66355200,7498959,0,0,0,0,245760,0,3,1036800,0,0,541,0
153,baseline-422,speed_bench_horizontal_subsampling.jpg,raw,zune-scalar,0,69987467,69973230,171113758,49,7680,4320,3,540,259200,616674,378200,41926,1719,1484,131,42593,104876,14961,4050,283335,153795133,7434,7729,43360,0,0,0,0,0,0,0,0,0,0,541,539,61185,0,1080,132710400,66355200,7387851,0,0,0,0,245760,0,3,1036800,0,0,541,0
154,baseline-422,speed_bench_horizontal_subsampling.jpg,raw,zune-scalar,0,69511026,69497650,169950791,49,7680,4320,3,540,259200,616674,378200,41926,1655,1484,131,67843,104534,14939,4050,234520,152821283,7434,7729,44004,0,0,0,0,0,0,0,0,0,0,541,539,61841,0,1080,132710400,66355200,7215441,0,0,0,0,245760,0,3,1036800,0,0,541,0
155,baseline-422,speed_bench_horizontal_subsampling.jpg,raw,zune-scalar,0,69629787,69616533,170241508,49,7680,4320,3,540,259200,616674,378200,41926,1662,1484,131,46616,104001,14879,4050,262631,152953904,7434,7729,68652,0,0,0,0,0,0,0,0,0,0,541,539,61389,0,1080,132710400,66355200,7341795,0,0,0,0,245760,0,3,1036800,0,0,541,0
156,baseline-422,speed_bench_horizontal_subsampling.jpg,raw,zune-scalar,1,69475629,69462094,169863792,49,7680,4320,3,540,259200,616674,378200,41926,1677,1484,131,41298,143081,14924,4050,231948,152875531,7434,7729,42536,0,0,0,0,0,0,0,0,0,0,541,539,60689,0,1080,132710400,66355200,7171690,0,0,0,0,245760,0,3,1036800,0,0,541,0
157,baseline-422,speed_bench_horizontal_subsampling.jpg,raw,zune-scalar,1,69503742,69490186,169932588,25,7680,4320,3,540,259200,616674,378200,41926,2435,1484,131,97880,139514,18103,4050,328103,152832647,7434,7729,253394,0,0,0,0,0,0,0,0,0,0,541,539,60478,0,1080,132710400,66355200,7206320,0,0,0,0,245760,0,3,1036800,0,0,541,0
158,baseline-422,speed_bench_horizontal_subsampling.jpg,raw,zune-scalar,1,69462645,69449450,169832947,25,7680,4320,3,540,259200,616674,378200,41926,2435,1484,131,98482,139133,18109,4050,328741,152845392,7434,7729,229064,0,0,0,0,0,0,0,0,0,0,541,539,61363,0,1080,132710400,66355200,7179711,0,0,0,0,245760,0,3,1036800,0,0,541,0
159,baseline-422,speed_bench_horizontal_subsampling.jpg,raw,zune-simd,1,69703256,69689739,170420530,49,7680,4320,3,540,259200,616674,378200,41926,1671,1484,131,41243,103681,15074,4050,261833,153251536,7434,7729,43665,0,0,0,0,0,0,0,0,0,0,541,539,61009,0,1080,132710400,66355200,7293116,0,0,0,0,245760,0,3,1036800,0,0,541,0
160,baseline-422,speed_bench_horizontal_subsampling.jpg,raw,zune-simd,1,69669762,69655776,170337475,49,7680,4320,3,540,259200,616674,378200,41926,1685,1484,131,67766,104311,15240,4050,231410,153008535,7434,7729,43539,0,0,0,0,0,0,0,0,0,0,541,539,60834,0,1080,132710400,66355200,7251953,0,0,0,0,245760,0,3,1036800,0,0,541,0
161,baseline-422,speed_bench_horizontal_subsampling.jpg,raw,zune-simd,1,69426808,69413493,169745041,49,7680,4320,3,540,259200,616674,378200,41926,1635,1484,131,40294,104673,15434,4050,234858,152644194,7434,7729,43399,0,0,0,0,0,0,0,0,0,0,541,539,60685,0,1080,132710400,66355200,7164827,0,0,0,0,245760,0,3,1036800,0,0,541,0
162,baseline-422,speed_bench_horizontal_subsampling.jpg,raw,zune-simd,2,69539890,69526605,170021621,49,7680,4320,3,540,259200,616674,378200,41926,1642,1484,131,40832,104707,15093,4050,232603,152955561,7434,7729,72189,0,0,0,0,0,0,0,0,0,0,541,539,60409,0,1080,132710400,66355200,7260230,0,0,0,0,245760,0,3,1036800,0,0,541,0
163,baseline-422,speed_bench_horizontal_subsampling.jpg,raw,zune-simd,2,69499414,69485959,169922225,24,7680,4320,3,540,259200,616674,378200,41926,2435,1484,131,100916,141470,18064,4050,333274,153000827,7434,7729,262535,0,0,0,0,0,0,0,0,0,0,541,539,61321,0,1080,132710400,66355200,7092092,0,0,0,0,245760,0,3,1036800,0,0,541,0
164,baseline-422,speed_bench_horizontal_subsampling.jpg,raw,zune-simd,2,69455512,69442408,169815698,49,7680,4320,3,540,259200,616674,378200,41926,1640,1484,131,40651,136758,14965,4050,231074,152745071,7434,7729,42114,0,0,0,0,0,0,0,0,0,0,541,539,60042,0,1080,132710400,66355200,7259044,0,0,0,0,245760,0,3,1036800,0,0,541,0
165,baseline-422,speed_bench_horizontal_subsampling.jpg,raw,zune-scalar,2,69578111,69564856,170115113,49,7680,4320,3,540,259200,616674,378200,41926,1675,1484,131,41262,104556,14976,4050,231589,152887872,7434,7729,40752,0,0,0,0,0,0,0,0,0,0,541,539,60653,0,1080,132710400,66355200,7331097,0,0,0,0,245760,0,3,1036800,0,0,541,0
166,baseline-422,speed_bench_horizontal_subsampling.jpg,raw,zune-scalar,2,70362138,70347811,172029788,49,7680,4320,3,540,259200,616674,378200,41926,1655,1484,131,41075,135571,14876,4050,238792,154583583,7434,7729,42289,0,0,0,0,0,0,0,0,0,0,541,539,61300,0,1080,132710400,66355200,7430346,0,0,0,0,245760,0,3,1036800,0,0,541,0
167,baseline-422,speed_bench_horizontal_subsampling.jpg,raw,zune-scalar,2,70740355,70726109,172954932,24,7680,4320,3,540,259200,616674,378200,41926,2435,1484,131,101656,141665,18298,4050,340075,155245342,7434,7729,266714,0,0,0,0,0,0,0,0,0,0,541,539,61472,0,1080,132710400,66355200,7457627,0,0,0,0,245760,0,3,1036800,0,0,541,0
168,baseline-422,speed_bench_horizontal_subsampling.jpg,raw,zune-scalar,3,69668691,69655105,170335858,49,7680,4320,3,540,259200,616674,378200,41926,1704,1484,131,42014,104513,14845,4050,234645,153296704,7434,7729,42031,0,0,0,0,0,0,0,0,0,0,541,539,59873,0,1080,132710400,66355200,7119804,0,0,0,0,245760,0,3,1036800,0,0,541,0
169,baseline-422,speed_bench_horizontal_subsampling.jpg,raw,zune-scalar,3,69847635,69834160,170773747,49,7680,4320,3,540,259200,616674,378200,41926,1644,1484,131,40815,105065,14749,4050,232924,153352632,7434,7729,43118,0,0,0,0,0,0,0,0,0,0,541,539,61906,0,1080,132710400,66355200,7361695,0,0,0,0,245760,0,3,1036800,0,0,541,0
170,baseline-422,speed_bench_horizontal_subsampling.jpg,raw,zune-scalar,3,69821226,69807781,170709214,49,7680,4320,3,540,259200,616674,378200,41926,1634,1484,131,40412,105102,14927,4050,235139,153359095,7434,7729,40913,0,0,0,0,0,0,0,0,0,0,541,539,94616,0,1080,132710400,66355200,7375283,0,0,0,0,245760,0,3,1036800,0,0,541,0
171,baseline-422,speed_bench_horizontal_subsampling.jpg,raw,zune-simd,3,69512799,69499644,169955618,49,7680,4320,3,540,259200,616674,378200,41926,1656,1484,131,40919,103608,15087,4050,232858,153104496,7434,7729,43709,0,0,0,0,0,0,0,0,0,0,541,539,60862,0,1080,132710400,66355200,7098663,0,0,0,0,245760,0,3,1036800,0,0,541,0
172,baseline-422,speed_bench_horizontal_subsampling.jpg,raw,zune-simd,3,69563403,69550109,170079024,49,7680,4320,3,540,259200,616674,378200,41926,1662,1484,131,41179,104037,14923,4050,237044,153065074,7434,7729,43457,0,0,0,0,0,0,0,0,0,0,541,539,92960,0,1080,132710400,66355200,7130798,0,0,0,0,245760,0,3,1036800,0,0,541,0
173,baseline-422,speed_bench_horizontal_subsampling.jpg,raw,zune-simd,3,69569705,69556490,170094729,49,7680,4320,3,540,259200,616674,378200,41926,1651,1484,131,40639,103517,14822,4050,231458,152930529,7434,7729,44111,0,0,0,0,0,0,0,0,0,0,541,539,60767,0,1080,132710400,66355200,7316873,0,0,0,0,245760,0,3,1036800,0,0,541,0
174,baseline-422,speed_bench_horizontal_subsampling.jpg,raw,zune-simd,4,69436537,69423391,169769099,49,7680,4320,3,540,259200,616674,378200,41926,1649,1484,131,40746,104586,14998,4050,259180,152708484,7434,7729,74006,0,0,0,0,0,0,0,0,0,0,541,539,59889,0,1080,132710400,66355200,7242010,0,0,0,0,245760,0,3,1036800,0,0,541,0
175,baseline-422,speed_bench_horizontal_subsampling.jpg,raw,zune-simd,4,69509303,69495446,169945573,49,7680,4320,3,540,259200,616674,378200,41926,1668,1484,131,66957,104972,14997,4050,235295,152960945,7434,7729,42927,0,0,0,0,0,0,0,0,0,0,541,539,59852,0,1080,132710400,66355200,7170682,0,0,0,0,245760,0,3,1036800,0,0,541,0
176,baseline-422,speed_bench_horizontal_subsampling.jpg,raw,zune-simd,4,69529580,69516276,169996337,25,7680,4320,3,540,259200,616674,378200,41926,2435,1484,131,126042,140593,18188,4050,358226,152953889,7434,7729,229828,0,0,0,0,0,0,0,0,0,0,541,539,60762,0,1080,132710400,66355200,7169952,0,0,0,0,245760,0,3,1036800,0,0,541,0
177,baseline-422,speed_bench_horizontal_subsampling.jpg,raw,zune-scalar,4,69517077,69503962,169966153,49,7680,4320,3,540,259200,616674,378200,41926,1681,1484,131,41694,104486,14950,4050,232228,152956663,7434,7729,42902,0,0,0,0,0,0,0,0,0,0,541,539,60071,0,1080,132710400,66355200,7241318,0,0,0,0,245760,0,3,1036800,0,0,541,0
178,baseline-422,speed_bench_horizontal_subsampling.jpg,raw,zune-scalar,4,69444561,69431397,169788798,49,7680,4320,3,540,259200,616674,378200,41926,1625,1484,131,40055,102913,14869,4050,233549,153020150,7434,7729,42569,0,0,0,0,0,0,0,0,0,0,541,539,61171,0,1080,132710400,66355200,7098988,0,0,0,0,245760,0,3,1036800,0,0,541,0
179,baseline-422,speed_bench_horizontal_subsampling.jpg,raw,zune-scalar,4,69528608,69515454,169994353,49,7680,4320,3,540,259200,616674,378200,41926,1677,1484,131,41411,104075,14896,4050,233361,152983465,7434,7729,42812,0,0,0,0,0,0,0,0,0,0,541,539,59736,0,1080,132710400,66355200,7193752,0,0,0,0,245760,0,3,1036800,0,0,541,0
180,baseline-440,speed_bench_vertical_subsampling.jpg,packed-bgra,zune-simd,0,87804002,87229126,213311553,49,7680,4320,3,270,259200,614842,379909,42049,1630,1481,148,40179,112079,17006,4050,232363,154869151,7553,7778,65637,270,0,540,0,11260954,4320,45056815,58099471,0,0,0,0,0,0,540,132710400,0,0,122880,165888000,199065600,132710400,491520,0,4,1036800,810,4320,0,0
181,baseline-440,speed_bench_vertical_subsampling.jpg,packed-bgra,zune-simd,0,87920449,87337339,213576227,49,7680,4320,3,270,259200,614842,379909,42049,1660,1481,148,41117,111574,17270,4050,233495,154676488,7553,7778,66002,270,0,540,0,11356119,4320,45401030,58558418,0,0,0,0,0,0,540,132710400,0,0,122880,165888000,199065600,132710400,491520,0,4,1036800,810,4320,0,0
182,baseline-440,speed_bench_vertical_subsampling.jpg,packed-bgra,zune-simd,0,87840821,87262488,213393162,49,7680,4320,3,270,259200,614842,379909,42049,1675,1481,148,41288,110969,17073,4050,239575,154780591,7553,7778,81152,270,0,540,0,11514021,4320,44971170,58272047,0,0,0,0,0,0,540,132710400,0,0,122880,165888000,199065600,132710400,491520,0,4,1036800,810,4320,0,0
183,baseline-440,speed_bench_vertical_subsampling.jpg,packed-bgra,zune-scalar,0,88721970,88149258,215561755,49,7680,4320,3,270,259200,614842,379909,42049,1672,1481,148,41511,110166,17222,4050,237840,155835380,7553,7778,40485,270,0,540,0,11673171,4320,45880429,59384031,0,0,0,0,0,0,540,132710400,0,0,122880,165888000,199065600,132710400,491520,0,4,1036800,810,4320,0,0
184,baseline-440,speed_bench_vertical_subsampling.jpg,packed-bgra,zune-scalar,0,87878461,87300610,213486434,49,7680,4320,3,270,259200,614842,379909,42049,1625,1481,148,66108,112056,17069,4050,234313,155027496,7553,7778,81947,270,0,540,0,11352713,4320,44939646,58110787,0,0,0,0,0,0,540,132710400,0,0,122880,165888000,199065600,132710400,491520,0,4,1036800,810,4320,0,0
185,baseline-440,speed_bench_vertical_subsampling.jpg,packed-bgra,zune-scalar,0,88216674,87667857,214384481,49,7680,4320,3,270,259200,614842,379909,42049,1623,1481,148,39973,111512,17028,4050,234668,155521644,7553,7778,39923,270,0,540,0,11337228,4320,45347985,58517195,0,0,0,0,0,0,540,132710400,0,0,122880,165888000,199065600,132710400,491520,0,4,1036800,810,4320,0,0
186,baseline-440,speed_bench_vertical_subsampling.jpg,packed-bgra,zune-scalar,1,88502077,87952670,215080992,49,7680,4320,3,270,259200,614842,379909,42049,1690,1481,148,41787,108900,17050,4050,235682,155837972,7553,7778,42550,270,0,540,0,11455289,4320,45633386,58897194,0,0,0,0,0,0,540,132710400,0,0,122880,165888000,199065600,132710400,491520,0,4,1036800,810,4320,0,0
187,baseline-440,speed_bench_vertical_subsampling.jpg,packed-bgra,zune-scalar,1,87882309,87334433,213569122,49,7680,4320,3,270,259200,614842,379909,42049,1639,1481,148,40362,111035,17093,4050,235998,155033867,7553,7778,39871,270,0,540,0,11264759,4320,45070282,58144699,0,0,0,0,0,0,540,132710400,0,0,122880,165888000,199065600,132710400,491520,0,4,1036800,810,4320,0,0
188,baseline-440,speed_bench_vertical_subsampling.jpg,packed-bgra,zune-scalar,1,87935157,87364910,213643675,49,7680,4320,3,270,259200,614842,379909,42049,1664,1481,148,41112,111264,17001,4050,234374,154759551,7553,7778,40561,270,0,540,0,11302484,4320,45405871,58506175,0,0,0,0,0,0,540,132710400,0,0,122880,165888000,199065600,132710400,491520,0,4,1036800,810,4320,0,0
189,baseline-440,speed_bench_vertical_subsampling.jpg,packed-bgra,zune-simd,1,87955165,87360913,213633900,49,7680,4320,3,270,259200,614842,379909,42049,1647,1481,148,40426,110788,17142,4050,237801,155235028,7553,7778,40990,270,0,540,0,11342490,4320,44898668,58056226,0,0,0,0,0,0,540,132710400,0,0,122880,165888000,199065600,132710400,491520,0,4,1036800,810,4320,0,0
190,baseline-440,speed_bench_vertical_subsampling.jpg,packed-bgra,zune-simd,1,88059580,87493350,213957765,49,7680,4320,3,270,259200,614842,379909,42049,1656,1481,148,40984,111726,16710,4050,237076,154916629,7553,7778,40854,270,0,540,0,11544472,4320,45303953,58679521,0,0,0,0,0,0,540,132710400,0,0,122880,165888000,199065600,132710400,491520,0,4,1036800,810,4320,0,0
191,baseline-440,speed_bench_vertical_subsampling.jpg,packed-bgra,zune-simd,1,87768635,87192467,213221932,49,7680,4320,3,270,259200,614842,379909,42049,1674,1481,148,41442,111952,17058,4050,233002,154533357,7553,7778,40381,270,0,540,0,11345809,4320,45158194,58320834,0,0,0,0,0,0,540,132710400,0,0,122880,165888000,199065600,132710400,491520,0,4,1036800,810,4320,0,0
192,baseline-440,speed_bench_vertical_subsampling.jpg,packed-bgra,zune-simd,2,87802359,87251868,213367192,49,7680,4320,3,270,259200,614842,379909,42049,1636,1481,148,40287,111471,16923,4050,234754,154340739,7553,7778,41270,270,0,540,0,11429743,4320,45466442,58677426,0,0,0,0,0,0,540,132710400,0,0,122880,165888000,199065600,132710400,491520,0,4,1036800,810,4320,0,0
193,baseline-440,speed_bench_vertical_subsampling.jpg,packed-bgra,zune-simd,2,89360474,88793102,217136199,49,7680,4320,3,270,259200,614842,379909,42049,1663,1481,148,41280,139861,16978,4050,238571,157234622,7553,7778,43827,270,0,540,0,11705953,4320,46003753,59556988,0,0,0,0,0,0,540,132710400,0,0,122880,165888000,199065600,132710400,491520,0,4,1036800,810,4320,0,0
194,baseline-440,speed_bench_vertical_subsampling.jpg,packed-bgra,zune-simd,2,88568212,88018232,215241320,49,7680,4320,3,270,259200,614842,379909,42049,1679,1481,148,41504,108595,16704,4050,238144,156002702,7553,7778,41447,270,0,540,0,11348372,4320,45655924,58889719,0,0,0,0,0,0,540,132710400,0,0,122880,165888000,199065600,132710400,491520,0,4,1036800,810,4320,0,0
195,baseline-440,speed_bench_vertical_subsampling.jpg,packed-bgra,zune-scalar,2,87969010,87401118,213732169,49,7680,4320,3,270,259200,614842,379909,42049,1683,1481,148,41493,111243,16934,4050,236406,155287384,7553,7778,40815,270,0,540,0,11394246,4320,44883434,58100847,0,0,0,0,0,0,540,132710400,0,0,122880,165888000,199065600,132710400,491520,0,4,1036800,810,4320,0,0
196,baseline-440,speed_bench_vertical_subsampling.jpg,packed-bgra,zune-scalar,2,88069682,87506845,213990301,49,7680,4320,3,270,259200,614842,379909,42049,1707,1481,148,42026,111671,16980,4050,234177,154993544,7553,7778,87158,270,0,540,0,11281372,4320,45553541,58652838,0,0,0,0,0,0,540,132710400,0,0,122880,165888000,199065600,132710400,491520,0,4,1036800,810,4320,0,0
197,baseline-440,speed_bench_vertical_subsampling.jpg,packed-bgra,zune-scalar,2,87977221,87428572,213794374,49,7680,4320,3,270,259200,614842,379909,42049,1684,1481,148,41640,110493,16858,4050,265912,154929084,7553,7778,39374,270,0,540,0,11403157,4320,45300636,58523415,0,0,0,0,0,0,540,132710400,0,0,122880,165888000,199065600,132710400,491520,0,4,1036800,810,4320,0,0
198,baseline-440,speed_bench_vertical_subsampling.jpg,packed-bgra,zune-scalar,3,87849078,87275913,213420945,49,7680,4320,3,270,259200,614842,379909,42049,1683,1481,148,41394,114721,17250,4050,235986,154785784,7553,7778,40354,270,0,540,0,11328056,4320,45174773,58285512,0,0,0,0,0,0,540,132710400,0,0,122880,165888000,199065600,132710400,491520,0,4,1036800,810,4320,0,0
199,baseline-440,speed_bench_vertical_subsampling.jpg,packed-bgra,zune-scalar,3,87802260,87256155,213372705,49,7680,4320,3,270,259200,614842,379909,42049,1619,1481,148,39706,134656,17166,4050,233573,154483350,7553,7778,72480,270,0,540,0,11389640,4320,45365963,58550987,0,0,0,0,0,0,540,132710400,0,0,122880,165888000,199065600,132710400,491520,0,4,1036800,810,4320,0,0
200,baseline-440,speed_bench_vertical_subsampling.jpg,packed-bgra,zune-scalar,3,87765621,87212272,213265419,49,7680,4320,3,270,259200,614842,379909,42049,1613,1481,148,39675,109205,17132,4050,234134,154631777,7553,7778,68019,270,0,540,0,11262553,4320,45213661,58293968,0,0,0,0,0,0,540,132710400,0,0,122880,165888000,199065600,132710400,491520,0,4,1036800,810,4320,0,0
201,baseline-440,speed_bench_vertical_subsampling.jpg,packed-bgra,zune-simd,3,87908271,87343902,213587300,49,7680,4320,3,270,259200,614842,379909,42049,1677,1481,148,41414,111525,16873,4050,235429,154901696,7553,7778,41253,270,0,540,0,11501914,4320,45025137,58332787,0,0,0,0,0,0,540,132710400,0,0,122880,165888000,199065600,132710400,491520,0,4,1036800,810,4320,0,0
202,baseline-440,speed_bench_vertical_subsampling.jpg,packed-bgra,zune-simd,3,88009974,87437689,213816645,49,7680,4320,3,270,259200,614842,379909,42049,1651,1481,148,40998,109786,16889,4050,236922,155037695,7553,7778,40112,270,0,540,0,11452289,4320,45192324,58442626,0,0,0,0,0,0,540,132710400,0,0,122880,165888000,199065600,132710400,491520,0,4,1036800,810,4320,0,0
203,baseline-440,speed_bench_vertical_subsampling.jpg,packed-bgra,zune-simd,3,87821576,87257437,213375841,49,7680,4320,3,270,259200,614842,379909,42049,1668,1481,148,41187,111977,16836,4050,233332,154721515,7553,7778,40363,270,0,540,0,11376893,4320,45076376,58316240,0,0,0,0,0,0,540,132710400,0,0,122880,165888000,199065600,132710400,491520,0,4,1036800,810,4320,0,0
204,baseline-440,speed_bench_vertical_subsampling.jpg,packed-bgra,zune-simd,4,87839712,87273359,213414747,49,7680,4320,3,270,259200,614842,379909,42049,1623,1481,148,39964,112040,17160,4050,232546,154709175,7553,7778,41869,270,0,540,0,11363102,4320,45183599,58366813,0,0,0,0,0,0,540,132710400,0,0,122880,165888000,199065600,132710400,491520,0,4,1036800,810,4320,0,0
205,baseline-440,speed_bench_vertical_subsampling.jpg,packed-bgra,zune-simd,4,87852816,87271124,213409333,49,7680,4320,3,270,259200,614842,379909,42049,1699,1481,148,68359,110946,16959,4050,234005,155168202,7553,7778,41545,270,0,540,0,11272695,4320,44842437,57899315,0,0,0,0,0,0,540,132710400,0,0,122880,165888000,199065600,132710400,491520,0,4,1036800,810,4320,0,0
206,baseline-440,speed_bench_vertical_subsampling.jpg,packed-bgra,zune-simd,4,87665511,87088067,212961668,49,7680,4320,3,270,259200,614842,379909,42049,1673,1481,148,41106,110479,16935,4050,291292,154298406,7553,7778,41657,270,0,540,0,11344851,4320,45145931,58327023,0,0,0,0,0,0,540,132710400,0,0,122880,165888000,199065600,132710400,491520,0,4,1036800,810,4320,0,0
207,baseline-440,speed_bench_vertical_subsampling.jpg,packed-bgra,zune-scalar,4,87897360,87342619,213584213,49,7680,4320,3,270,259200,614842,379909,42049,1688,1481,148,41597,137835,17156,4050,233974,154635082,7553,7778,41536,270,0,540,0,11336789,4320,45424307,58607189,0,0,0,0,0,0,540,132710400,0,0,122880,165888000,199065600,132710400,491520,0,4,1036800,810,4320,0,0
208,baseline-440,speed_bench_vertical_subsampling.jpg,packed-bgra,zune-scalar,4,87882933,87324305,213539379,49,7680,4320,3,270,259200,614842,379909,42049,1724,1481,148,44513,109333,17021,4050,262061,154759556,7553,7778,39507,270,0,540,0,11481236,4320,45143026,58432384,0,0,0,0,0,0,540,132710400,0,0,122880,165888000,199065600,132710400,491520,0,4,1036800,810,4320,0,0
209,baseline-440,speed_bench_vertical_subsampling.jpg,packed-bgra,zune-scalar,4,87801378,87250795,213359597,49,7680,4320,3,270,259200,614842,379909,42049,1650,1481,148,40881,110694,17003,4050,233298,154773789,7553,7778,38819,270,0,540,0,11384314,4320,44977896,58185270,0,0,0,0,0,0,540,132710400,0,0,122880,165888000,199065600,132710400,491520,0,4,1036800,810,4320,0,0
210,baseline-440,speed_bench_vertical_subsampling.jpg,scanlines-bgra,zune-simd,0,95174821,95011795,232341487,49,7680,4320,3,270,259200,614842,379909,42049,1609,1481,148,39769,106096,17129,4050,251443,183853078,7553,7778,40327,270,0,540,0,11133930,4320,28740274,41664680,0,0,271,270,32837,0,540,132710400,0,0,33300480,165888000,199065600,132710400,1044480,0,5,1036800,810,4320,270,0
211,baseline-440,speed_bench_vertical_subsampling.jpg,scanlines-bgra,zune-simd,0,95665169,95482527,233493942,49,7680,4320,3,270,259200,614842,379909,42049,1656,1481,148,41013,105753,17374,4050,251994,184248275,7553,7778,41374,270,0,540,0,11170325,4320,29267522,42247849,0,0,271,270,75320,0,540,132710400,0,0,33300480,165888000,199065600,132710400,1044480,0,5,1036800,810,4320,270,0
212,baseline-440,speed_bench_vertical_subsampling.jpg,scanlines-bgra,zune-simd,0,95116140,94946362,232182801,25,7680,4320,3,270,259200,614842,379909,42049,2421,1481,148,98609,140572,20732,4050,374596,183747522,7553,7778,255250,270,0,540,0,11114737,4320,28565705,41511723,0,0,271,270,32596,0,540,132710400,0,0,33300480,165888000,199065600,132710400,1044480,0,5,1036800,810,4320,270,0
213,baseline-440,speed_bench_vertical_subsampling.jpg,scanlines-bgra,zune-scalar,0,95309722,95130337,232632694,49,7680,4320,3,270,259200,614842,379909,42049,1642,1481,148,40526,106368,16924,4050,253228,183448541,7553,7778,42043,270,0,540,0,11507135,4320,28970162,42334541,0,0,271,270,32262,0,540,132710400,0,0,33300480,165888000,199065600,132710400,1044480,0,5,1036800,810,4320,270,0
214,baseline-440,speed_bench_vertical_subsampling.jpg,scanlines-bgra,zune-scalar,0,95199607,95034317,232397862,49,7680,4320,3,270,259200,614842,379909,42049,1655,1481,148,40994,104875,16973,4050,252051,183666726,7553,7778,41153,270,0,540,0,11244125,4320,28736750,41829783,0,0,271,270,33427,0,540,132710400,0,0,33300480,165888000,199065600,132710400,1044480,0,5,1036800,810,4320,270,0
215,baseline-440,speed_bench_vertical_subsampling.jpg,scanlines-bgra,zune-scalar,0,95262554,95089901,232533788,49,7680,4320,3,270,259200,614842,379909,42049,1662,1481,148,40947,106277,17021,4050,280634,183744186,7553,7778,43655,270,0,540,0,11327646,4320,28620486,41784667,0,0,271,270,31836,0,540,132710400,0,0,33300480,165888000,199065600,132710400,1044480,0,5,1036800,810,4320,270,0
216,baseline-440,speed_bench_vertical_subsampling.jpg,scanlines-bgra,zune-scalar,1,95115359,94949207,232189807,49,7680,4320,3,270,259200,614842,379909,42049,1638,1481,148,40417,141978,17278,4050,254515,183356357,7553,7778,41791,270,0,540,0,10955397,4320,29096086,41892918,0,0,271,270,32685,0,540,132710400,0,0,33300480,165888000,199065600,132710400,1044480,0,5,1036800,810,4320,270,0
217,baseline-440,speed_bench_vertical_subsampling.jpg,scanlines-bgra,zune-scalar,1,95340891,95173487,232738216,49,7680,4320,3,270,259200,614842,379909,42049,1650,1481,148,40666,132852,17252,4050,255418,184006582,7553,7778,42250,270,0,540,0,11216310,4320,28737079,41736285,0,0,271,270,32684,0,540,132710400,0,0,33300480,165888000,199065600,132710400,1044480,0,5,1036800,810,4320,270,0
218,baseline-440,speed_bench_vertical_subsampling.jpg,scanlines-bgra,zune-scalar,1,94981277,94819233,231871896,49,7680,4320,3,270,259200,614842,379909,42049,1626,1481,148,39987,105978,16981,4050,258253,183560423,7553,7778,41042,270,0,540,0,10978209,4320,28613108,41440986,0,0,271,270,31012,0,540,132710400,0,0,33300480,165888000,199065600,132710400,1044480,0,5,1036800,810,4320,270,0
219,baseline-440,speed_bench_vertical_subsampling.jpg,scanlines-bgra,zune-simd,1,95634382,95469592,233462337,49,7680,4320,3,270,259200,614842,379909,42049,1598,1481,148,39263,107082,17275,4050,255225,184635085,7553,7778,40559,270,0,540,0,11344611,4320,28672085,41881482,0,0,271,270,30714,0,540,132710400,0,0,33300480,165888000,199065600,132710400,1044480,0,5,1036800,810,4320,270,0
220,baseline-440,speed_bench_vertical_subsampling.jpg,scanlines-bgra,zune-simd,1,94997798,94836355,231913815,49,7680,4320,3,270,259200,614842,379909,42049,1625,1481,148,40279,106017,17173,4050,259450,183145593,7553,7778,40061,270,0,540,0,11051956,4320,28988584,41875755,0,0,271,270,31165,0,540,132710400,0,0,33300480,165888000,199065600,132710400,1044480,0,5,1036800,810,4320,270,0
221,baseline-440,speed_bench_vertical_subsampling.jpg,scanlines-bgra,zune-simd,1,95108015,94947604,232185839,49,7680,4320,3,270,259200,614842,379909,42049,1634,1481,148,40101,105817,17445,4050,253498,183898973,7553,7778,40190,270,0,540,0,11021592,4320,28671258,41502730,0,0,271,270,31589,0,540,132710400,0,0,33300480,165888000,199065600,132710400,1044480,0,5,1036800,810,4320,270,0
222,baseline-440,speed_bench_vertical_subsampling.jpg,scanlines-bgra,zune-simd,2,94941202,94752178,231707991,49,7680,4320,3,270,259200,614842,379909,42049,1622,1481,148,40171,106698,17430,4050,252670,183548928,7553,7778,41651,270,0,540,0,10897433,4320,28647325,41373640,0,0,271,270,33133,0,540,132710400,0,0,33300480,165888000,199065600,132710400,1044480,0,5,1036800,810,4320,270,0
223,baseline-440,speed_bench_vertical_subsampling.jpg,scanlines-bgra,zune-simd,2,95861597,95643688,233888049,49,7680,4320,3,270,259200,614842,379909,42049,1664,1481,148,41321,106156,16956,4050,257604,184996607,7553,7778,40397,270,0,540,0,11185574,4320,28893340,41880875,0,0,271,270,31751,0,540,132710400,0,0,33300480,165888000,199065600,132710400,1044480,0,5,1036800,810,4320,270,0
224,baseline-440,speed_bench_vertical_subsampling.jpg,scanlines-bgra,zune-simd,2,95186481,95021051,232365448,49,7680,4320,3,270,259200,614842,379909,42049,1621,1481,148,39802,105455,17412,4050,252545,184204562,7553,7778,41194,270,0,540,0,11023580,4320,28493186,41315277,0,0,271,270,31360,0,540,132710400,0,0,33300480,165888000,199065600,132710400,1044480,0,5,1036800,810,4320,270,0
225,baseline-440,speed_bench_vertical_subsampling.jpg,scanlines-bgra,zune-scalar,2,95259910,95084200,232519871,49,7680,4320,3,270,259200,614842,379909,42049,1685,1481,148,43130,106247,17223,4050,255175,183514425,7553,7778,41491,270,0,540,0,11566155,4320,28711586,42067681,0,0,271,270,29865,0,540,132710400,0,0,33300480,165888000,199065600,132710400,1044480,0,5,1036800,810,4320,270,0
226,baseline-440,speed_bench_vertical_subsampling.jpg,scanlines-bgra,zune-scalar,2,95318379,95123333,232615593,24,7680,4320,3,270,259200,614842,379909,42049,2421,1481,148,100166,142814,20944,4050,357716,183607621,7553,7778,236447,270,0,540,0,11292050,4320,28926987,42057257,0,0,271,270,34152,0,540,132710400,0,0,33300480,165888000,199065600,132710400,1044480,0,5,1036800,810,4320,270,0
227,baseline-440,speed_bench_vertical_subsampling.jpg,scanlines-bgra,zune-scalar,2,95257956,95080302,232510341,49,7680,4320,3,270,259200,614842,379909,42049,1653,1481,148,40634,106952,17005,4050,254927,183692104,7553,7778,38905,270,0,540,0,11542120,4320,28565034,41877854,0,0,271,270,32588,0,540,132710400,0,0,33300480,165888000,199065600,132710400,1044480,0,5,1036800,810,4320,270,0
228,baseline-440,speed_bench_vertical_subsampling.jpg,scanlines-bgra,zune-scalar,3,94896809,94720038,231629345,49,7680,4320,3,270,259200,614842,379909,42049,1659,1481,148,41252,135638,17046,4050,250829,183319771,7553,7778,41846,270,0,540,0,11237905,4320,28417051,41455328,0,0,271,270,32239,0,540,132710400,0,0,33300480,165888000,199065600,132710400,1044480,0,5,1036800,810,4320,270,0
229,baseline-440,speed_bench_vertical_subsampling.jpg,scanlines-bgra,zune-scalar,3,95082076,94921826,232122751,49,7680,4320,3,270,259200,614842,379909,42049,1641,1481,148,40540,106886,17228,4050,306700,183530781,7553,7778,65677,270,0,540,0,11030917,4320,28809179,41690509,0,0,271,270,35353,0,540,132710400,0,0,33300480,165888000,199065600,132710400,1044480,0,5,1036800,810,4320,270,0
230,baseline-440,speed_bench_vertical_subsampling.jpg,scanlines-bgra,zune-scalar,3,94980826,94818813,231870891,49,7680,4320,3,270,259200,614842,379909,42049,1635,1481,148,40356,104832,16616,4050,249364,183585878,7553,7778,40791,270,0,540,0,11086493,4320,28552809,41443485,0,0,271,270,31947,0,540,132710400,0,0,33300480,165888000,199065600,132710400,1044480,0,5,1036800,810,4320,270,0
231,baseline-440,speed_bench_vertical_subsampling.jpg,scanlines-bgra,zune-simd,3,95138231,94956180,232206811,49,7680,4320,3,270,259200,614842,379909,42049,1676,1481,148,41410,106846,17232,4050,279253,183612596,7553,7778,40965,270,0,540,0,11415279,4320,28505316,41755078,0,0,271,270,31267,0,540,132710400,0,0,33300480,165888000,199065600,132710400,1044480,0,5,1036800,810,4320,270,0
232,baseline-440,speed_bench_vertical_subsampling.jpg,scanlines-bgra,zune-simd,3,95242648,95052951,232443431,49,7680,4320,3,270,259200,614842,379909,42049,1678,1481,148,41690,105909,16810,4050,308291,183918646,7553,7778,42043,270,0,540,0,11064355,4320,28726920,41600222,0,0,271,270,31892,0,540,132710400,0,0,33300480,165888000,199065600,132710400,1044480,0,5,1036800,810,4320,270,0
233,baseline-440,speed_bench_vertical_subsampling.jpg,scanlines-bgra,zune-simd,3,94962501,94794947,231812532,49,7680,4320,3,270,259200,614842,379909,42049,1658,1481,148,40758,108042,17194,4050,253956,183638356,7553,7778,41631,270,0,540,0,11023107,4320,28564047,41365866,0,0,271,270,31544,0,540,132710400,0,0,33300480,165888000,199065600,132710400,1044480,0,5,1036800,810,4320,270,0
234,baseline-440,speed_bench_vertical_subsampling.jpg,scanlines-bgra,zune-simd,4,94948316,94781753,231780290,49,7680,4320,3,270,259200,614842,379909,42049,1653,1481,148,40702,107723,17118,4050,252102,183032810,7553,7778,39234,270,0,540,0,11311011,4320,28734254,41853955,0,0,271,270,32017,0,540,132710400,0,0,33300480,165888000,199065600,132710400,1044480,0,5,1036800,810,4320,270,0
235,baseline-440,speed_bench_vertical_subsampling.jpg,scanlines-bgra,zune-simd,4,94951612,94773077,231759049,49,7680,4320,3,270,259200,614842,379909,42049,1696,1481,148,41873,107380,17112,4050,251904,183564066,7553,7778,41386,270,0,540,0,10989327,4320,28583002,41425430,0,0,271,270,30895,0,540,132710400,0,0,33300480,165888000,199065600,132710400,1044480,0,5,1036800,810,4320,270,0
236,baseline-440,speed_bench_vertical_subsampling.jpg,scanlines-bgra,zune-simd,4,94944999,94784209,231786268,49,7680,4320,3,270,259200,614842,379909,42049,1671,1481,148,41242,107175,16812,4050,283886,183542862,7553,7778,68595,270,0,540,0,11242562,4320,28442279,41475797,0,0,271,270,31230,0,540,132710400,0,0,33300480,165888000,199065600,132710400,1044480,0,5,1036800,810,4320,270,0
237,baseline-440,speed_bench_vertical_subsampling.jpg,scanlines-bgra,zune-scalar,4,95378632,95190660,232780184,49,7680,4320,3,270,259200,614842,379909,42049,1640,1481,148,40265,107285,16940,4050,251416,183301264,7553,7778,66083,270,0,540,0,11726018,4320,28940306,42538583,0,0,271,270,31781,0,540,132710400,0,0,33300480,165888000,199065600,132710400,1044480,0,5,1036800,810,4320,270,0
238,baseline-440,speed_bench_vertical_subsampling.jpg,scanlines-bgra,zune-scalar,4,95372370,95201089,232805738,49,7680,4320,3,270,259200,614842,379909,42049,1661,1481,148,41264,105596,17318,4050,297278,183950730,7553,7778,43037,270,0,540,0,11197822,4320,28945701,41987442,0,0,271,270,33035,0,540,132710400,0,0,33300480,165888000,199065600,132710400,1044480,0,5,1036800,810,4320,270,0
239,baseline-440,speed_bench_vertical_subsampling.jpg,scanlines-bgra,zune-scalar,4,95154151,94988551,232285995,49,7680,4320,3,270,259200,614842,379909,42049,1661,1481,148,41306,107695,17224,4050,254144,183866498,7553,7778,39980,270,0,540,0,11132606,4320,28587265,41560505,0,0,271,270,60764,0,540,132710400,0,0,33300480,165888000,199065600,132710400,1044480,0,5,1036800,810,4320,270,0
240,baseline-440,speed_bench_vertical_subsampling.jpg,raw,zune-simd,0,68743941,68730365,168073969,49,7680,4320,3,270,259200,614842,379909,42049,1642,1481,148,40498,106782,17007,4050,233783,154699809,7553,7778,42720,0,0,0,0,0,0,0,0,0,0,271,269,29858,0,540,132710400,66355200,7813374,0,0,0,0,491520,0,3,1036800,0,0,271,0
241,baseline-440,speed_bench_vertical_subsampling.jpg,raw,zune-simd,0,69419988,69405731,169725514,25,7680,4320,3,270,259200,614842,379909,42049,2421,1481,148,97962,169131,20962,4050,335030,156218726,7553,7778,228020,0,0,0,0,0,0,0,0,0,0,271,269,32801,0,540,132710400,66355200,7984755,0,0,0,0,491520,0,3,1036800,0,0,271,0
242,baseline-440,speed_bench_vertical_subsampling.jpg,raw,zune-simd,0,68598478,68585072,167718645,49,7680,4320,3,270,259200,614842,379909,42049,1617,1481,148,39981,106642,17125,4050,232780,154550432,7553,7778,67510,0,0,0,0,0,0,0,0,0,0,271,269,31266,0,540,132710400,66355200,7728351,0,0,0,0,491520,0,3,1036800,0,0,271,0
243,baseline-440,speed_bench_vertical_subsampling.jpg,raw,zune-scalar,0,68846242,68832056,168322913,49,7680,4320,3,270,259200,614842,379909,42049,1611,1481,148,39567,106662,16778,4050,231582,154902329,7553,7778,41174,0,0,0,0,0,0,0,0,0,0,271,269,30652,0,540,132710400,66355200,7926582,0,0,0,0,491520,0,3,1036800,0,0,271,0
244,baseline-440,speed_bench_vertical_subsampling.jpg,raw,zune-scalar,0,68778995,68764479,168157343,49,7680,4320,3,270,259200,614842,379909,42049,1614,1481,148,39825,108533,17181,4050,234559,154810824,7553,7778,42860,0,0,0,0,0,0,0,0,0,0,271,269,32129,0,540,132710400,66355200,7911221,0,0,0,0,491520,0,3,1036800,0,0,271,0
245,baseline-440,speed_bench_vertical_subsampling.jpg,raw,zune-scalar,0,68653772,68640306,167853738,49,7680,4320,3,270,259200,614842,379909,42049,1638,1481,148,40395,106193,17352,4050,232891,154757322,7553,7778,43579,0,0,0,0,0,0,0,0,0,0,271,269,30893,0,540,132710400,66355200,7717276,0,0,0,0,491520,0,3,1036800,0,0,271,0
246,baseline-440,speed_bench_vertical_subsampling.jpg,raw,zune-scalar,1,68729533,68716188,168039350,49,7680,4320,3,270,259200,614842,379909,42049,1637,1481,148,40471,106692,16802,4050,232505,154734369,7553,7778,40642,0,0,0,0,0,0,0,0,0,0,271,269,32269,0,540,132710400,66355200,7890391,0,0,0,0,491520,0,3,1036800,0,0,271,0
247,baseline-440,speed_bench_vertical_subsampling.jpg,raw,zune-scalar,1,68977508,68964023,168645358,49,7680,4320,3,270,259200,614842,379909,42049,1649,1481,148,41207,106973,16960,4050,235695,155222151,7553,7778,48247,0,0,0,0,0,0,0,0,0,0,271,269,31822,0,540,132710400,66355200,7897803,0,0,0,0,491520,0,3,1036800,0,0,271,0
248,baseline-440,speed_bench_vertical_subsampling.jpg,raw,zune-scalar,1,68521744,68508259,167530853,49,7680,4320,3,270,259200,614842,379909,42049,1631,1481,148,66555,106227,17006,4050,263048,154587548,7553,7778,42611,0,0,0,0,0,0,0,0,0,0,271,269,31131,0,540,132710400,66355200,7619036,0,0,0,0,491520,0,3,1036800,0,0,271,0
249,baseline-440,speed_bench_vertical_subsampling.jpg,raw,zune-simd,1,68877210,68863935,168400578,49,7680,4320,3,270,259200,614842,379909,42049,1671,1481,148,48826,106791,17045,4050,232597,155114340,7553,7778,41027,0,0,0,0,0,0,0,0,0,0,271,269,31965,0,540,132710400,66355200,7801314,0,0,0,0,491520,0,3,1036800,0,0,271,0
250,baseline-440,speed_bench_vertical_subsampling.jpg,raw,zune-simd,1,68787993,68774127,168180985,49,7680,4320,3,270,259200,614842,379909,42049,1625,1481,148,39915,106256,17424,4050,236153,154972132,7553,7778,41824,0,0,0,0,0,0,0,0,0,0,271,269,31944,0,540,132710400,66355200,7871505,0,0,0,0,491520,0,3,1036800,0,0,271,0
251,baseline-440,speed_bench_vertical_subsampling.jpg,raw,zune-simd,1,68799645,68786069,168210164,49,7680,4320,3,270,259200,614842,379909,42049,1668,1481,148,41092,106138,17118,4050,236340,154861306,7553,7778,41602,0,0,0,0,0,0,0,0,0,0,271,269,32320,0,540,132710400,66355200,7824562,0,0,0,0,491520,0,3,1036800,0,0,271,0
252,baseline-440,speed_bench_vertical_subsampling.jpg,raw,zune-simd,2,68832186,68817979,168288246,49,7680,4320,3,270,259200,614842,379909,42049,1638,1481,148,40699,106535,17075,4050,233878,154940665,7553,7778,43751,0,0,0,0,0,0,0,0,0,0,271,269,31573,0,540,132710400,66355200,7802487,0,0,0,0,491520,0,3,1036800,0,0,271,0
253,baseline-440,speed_bench_vertical_subsampling.jpg,raw,zune-simd,2,68748680,68735394,168086292,49,7680,4320,3,270,259200,614842,379909,42049,1643,1481,148,40468,107144,17393,4050,235521,154913748,7553,7778,41637,0,0,0,0,0,0,0,0,0,0,271,269,31075,0,540,132710400,66355200,7723082,0,0,0,0,491520,0,3,1036800,0,0,271,0
254,baseline-440,speed_bench_vertical_subsampling.jpg,raw,zune-simd,2,68615120,68601754,167759463,24,7680,4320,3,270,259200,614842,379909,42049,2421,1481,148,100262,143677,20855,4050,334298,154642483,7553,7778,236222,0,0,0,0,0,0,0,0,0,0,271,269,31143,0,540,132710400,66355200,7689052,0,0,0,0,491520,0,3,1036800,0,0,271,0
255,baseline-440,speed_bench_vertical_subsampling.jpg,raw,zune-scalar,2,69009328,68994129,168719250,49,7680,4320,3,270,259200,614842,379909,42049,1649,1481,148,40607,105935,17123,4050,233469,154772115,7553,7778,40681,0,0,0,0,0,0,0,0,0,0,271,269,32066,0,540,132710400,66355200,8325098,0,0,0,0,491520,0,3,1036800,0,0,271,0
256,baseline-440,speed_bench_vertical_subsampling.jpg,raw,zune-scalar,2,68793403,68778304,168191202,49,7680,4320,3,270,259200,614842,379909,42049,1624,1481,148,40279,107255,16765,4050,232197,154682587,7553,7778,40917,0,0,0,0,0,0,0,0,0,0,271,269,31206,0,540,132710400,66355200,7941184,0,0,0,0,491520,0,3,1036800,0,0,271,0
257,baseline-440,speed_bench_vertical_subsampling.jpg,raw,zune-scalar,2,68710979,68696161,167990301,49,7680,4320,3,270,259200,614842,379909,42049,1633,1481,148,40443,106806,16928,4050,232688,154619240,7553,7778,41026,0,0,0,0,0,0,0,0,0,0,271,269,32023,0,540,132710400,66355200,7889735,0,0,0,0,491520,0,3,1036800,0,0,271,0
258,baseline-440,speed_bench_vertical_subsampling.jpg,raw,zune-scalar,3,68942032,68926593,168553826,49,7680,4320,3,270,259200,614842,379909,42049,1638,1481,148,40834,105653,17182,4050,231896,154536987,7553,7778,67507,0,0,0,0,0,0,0,0,0,0,271,269,31531,0,540,132710400,66355200,8307631,0,0,0,0,491520,0,3,1036800,0,0,271,0
259,baseline-440,speed_bench_vertical_subsampling.jpg,raw,zune-scalar,3,68785418,68770410,168172190,49,7680,4320,3,270,259200,614842,379909,42049,1626,1481,148,40060,106357,16842,4050,260166,154663065,7553,7778,41252,0,0,0,0,0,0,0,0,0,0,271,269,31949,0,540,132710400,66355200,7986906,0,0,0,0,491520,0,3,1036800,0,0,271,0
260,baseline-440,speed_bench_vertical_subsampling.jpg,raw,zune-scalar,3,68618445,68604349,167765808,49,7680,4320,3,270,259200,614842,379909,42049,1601,1481,148,39481,107256,17244,4050,233025,154352886,7553,7778,41537,0,0,0,0,0,0,0,0,0,0,271,269,31330,0,540,132710400,66355200,7901519,0,0,0,0,491520,0,3,1036800,0,0,271,0
261,baseline-440,speed_bench_vertical_subsampling.jpg,raw,zune-simd,3,68540910,68526924,167576521,49,7680,4320,3,270,259200,614842,379909,42049,1637,1481,148,40353,106811,17167,4050,233113,154275210,7553,7778,40772,0,0,0,0,0,0,0,0,0,0,271,269,31150,0,540,132710400,66355200,7777101,0,0,0,0,491520,0,3,1036800,0,0,271,0
262,baseline-440,speed_bench_vertical_subsampling.jpg,raw,zune-simd,3,68763237,68749140,168119907,49,7680,4320,3,270,259200,614842,379909,42049,1665,1481,148,41601,106968,17144,4050,234209,154751974,7553,7778,68047,0,0,0,0,0,0,0,0,0,0,271,269,32291,0,540,132710400,66355200,7896884,0,0,0,0,491520,0,3,1036800,0,0,271,0
263,baseline-440,speed_bench_vertical_subsampling.jpg,raw,zune-simd,3,68599060,68585093,167718695,49,7680,4320,3,270,259200,614842,379909,42049,1610,1481,148,39790,106685,17052,4050,232222,154283974,7553,7778,40370,0,0,0,0,0,0,0,0,0,0,271,269,32630,0,540,132710400,66355200,7932629,0,0,0,0,491520,0,3,1036800,0,0,271,0
264,baseline-440,speed_bench_vertical_subsampling.jpg,raw,zune-simd,4,68610781,68596634,167746919,49,7680,4320,3,270,259200,614842,379909,42049,1609,1481,148,39508,106366,17570,4050,236182,154393541,7553,7778,49050,0,0,0,0,0,0,0,0,0,0,271,269,31780,0,540,132710400,66355200,7828777,0,0,0,0,491520,0,3,1036800,0,0,271,0
265,baseline-440,speed_bench_vertical_subsampling.jpg,raw,zune-simd,4,68887018,68873292,168423510,24,7680,4320,3,270,259200,614842,379909,42049,2421,1481,148,100756,143751,20729,4050,333185,154850287,7553,7778,263224,0,0,0,0,0,0,0,0,0,0,271,269,57979,0,540,132710400,66355200,8031093,0,0,0,0,491520,0,3,1036800,0,0,271,0
266,baseline-440,speed_bench_vertical_subsampling.jpg,raw,zune-simd,4,69301986,69288120,169437909,49,7680,4320,3,270,259200,614842,379909,42049,1657,1481,148,40948,105678,17074,4050,240986,155894525,7553,7778,42145,0,0,0,0,0,0,0,0,0,0,271,269,31506,0,540,132710400,66355200,8080075,0,0,0,0,491520,0,3,1036800,0,0,271,0
267,baseline-440,speed_bench_vertical_subsampling.jpg,raw,zune-scalar,4,70443826,70429268,172228459,49,7680,4320,3,270,259200,614842,379909,42049,1625,1481,148,40493,105052,17266,4050,234497,158235822,7553,7778,40438,0,0,0,0,0,0,0,0,0,0,271,269,32313,0,540,132710400,66355200,8453163,0,0,0,0,491520,0,3,1036800,0,0,271,0
268,baseline-440,speed_bench_vertical_subsampling.jpg,raw,zune-scalar,4,69443822,69429675,169784069,49,7680,4320,3,270,259200,614842,379909,42049,1699,1481,148,43436,105423,17246,4050,235216,156409461,7553,7778,42827,0,0,0,0,0,0,0,0,0,0,271,269,31243,0,540,132710400,66355200,7934638,0,0,0,0,491520,0,3,1036800,0,0,271,0
269,baseline-440,speed_bench_vertical_subsampling.jpg,raw,zune-scalar,4,68887349,68872832,168422432,49,7680,4320,3,270,259200,614842,379909,42049,1650,1481,148,40702,109425,17136,4050,260390,154784016,7553,7778,47185,0,0,0,0,0,0,0,0,0,0,271,269,31386,0,540,132710400,66355200,8045560,0,0,0,0,491520,0,3,1036800,0,0,271,0
270,baseline-420,speed_bench_hv_subsampling.jpg,packed-bgra,zune-simd,0,77443644,76886199,188018537,49,7680,4320,3,270,129600,378536,357221,41843,1038,1404,151,25452,106473,17369,3038,206935,126076636,6457,6718,36473,270,0,0,540,14273296,4320,45566474,61608872,0,0,0,0,0,0,540,99532800,0,0,122880,165888000,199065600,132710400,368640,0,4,777600,810,4320,0,0
271,baseline-420,speed_bench_hv_subsampling.jpg,packed-bgra,zune-simd,0,77415641,76856884,187946580,49,7680,4320,3,270,129600,378536,357221,41843,961,1404,151,23565,105684,17352,3038,204982,125948482,6457,6718,38021,270,0,0,540,14304813,4320,45494939,61668443,0,0,0,0,0,0,540,99532800,0,0,122880,165888000,199065600,132710400,368640,0,4,777600,810,4320,0,0
272,baseline-420,speed_bench_hv_subsampling.jpg,packed-bgra,zune-simd,0,78205000,77634691,189848687,49,7680,4320,3,270,129600,378536,357221,41843,996,1404,151,24503,106351,17579,3038,211319,127802854,6457,6718,36844,270,0,0,540,14470354,4320,45367404,61715306,0,0,0,0,0,0,540,99532800,0,0,122880,165888000,199065600,132710400,368640,0,4,777600,810,4320,0,0
273,baseline-420,speed_bench_hv_subsampling.jpg,packed-bgra,zune-scalar,0,77267163,76684180,187524323,49,7680,4320,3,270,129600,378536,357221,41843,998,1404,151,26105,105966,17174,3038,204780,126020890,6457,6718,35962,270,0,0,540,14229081,4320,45164659,61170744,0,0,0,0,0,0,540,99532800,0,0,122880,165888000,199065600,132710400,368640,0,4,777600,810,4320,0,0
274,baseline-420,speed_bench_hv_subsampling.jpg,packed-bgra,zune-scalar,0,77475543,76893312,188035712,49,7680,4320,3,270,129600,378536,357221,41843,1027,1404,151,25146,137176,17130,3038,231680,125962757,6457,6718,36962,270,0,0,540,14455521,4320,45411961,61742408,0,0,0,0,0,0,540,99532800,0,0,122880,165888000,199065600,132710400,368640,0,4,777600,810,4320,0,0
275,baseline-420,speed_bench_hv_subsampling.jpg,packed-bgra,zune-scalar,0,77398108,76847095,187922717,49,7680,4320,3,270,129600,378536,357221,41843,1020,1404,151,25278,105051,17251,3038,206444,125965852,6457,6718,37095,270,0,0,540,14458159,4320,45383414,61621770,0,0,0,0,0,0,540,99532800,0,0,122880,165888000,199065600,132710400,368640,0,4,777600,810,4320,0,0
276,baseline-420,speed_bench_hv_subsampling.jpg,packed-bgra,zune-scalar,1,78583670,78027216,190808573,49,7680,4320,3,270,129600,378536,357221,41843,1035,1404,151,25792,106586,17369,3038,216056,127838146,6457,6718,66908,270,0,0,540,14662934,4320,46166928,62628497,0,0,0,0,0,0,540,99532800,0,0,122880,165888000,199065600,132710400,368640,0,4,777600,810,4320,0,0
277,baseline-420,speed_bench_hv_subsampling.jpg,packed-bgra,zune-scalar,1,77464222,76899373,188050534,49,7680,4320,3,270,129600,378536,357221,41843,988,1404,151,24247,105073,17329,3038,206646,125972291,6457,6718,39203,270,0,0,540,14318952,4320,45592491,61700702,0,0,0,0,0,0,540,99532800,0,0,122880,165888000,199065600,132710400,368640,0,4,777600,810,4320,0,0
278,baseline-420,speed_bench_hv_subsampling.jpg,packed-bgra,zune-scalar,1,77412204,76838699,187902113,49,7680,4320,3,270,129600,378536,357221,41843,972,1404,151,24248,106621,17441,3038,206222,126159877,6457,6718,37541,270,0,0,540,14250693,4320,45366903,61414168,0,0,0,0,0,0,540,99532800,0,0,122880,165888000,199065600,132710400,368640,0,4,777600,810,4320,0,0
279,baseline-420,speed_bench_hv_subsampling.jpg,packed-bgra,zune-simd,1,77426361,76873895,187988206,49,7680,4320,3,270,129600,378536,357221,41843,1008,1404,151,51029,105198,17301,3038,206829,126140283,6457,6718,36902,270,0,0,540,14262113,4320,45406192,61518969,0,0,0,0,0,0,540,99532800,0,0,122880,165888000,199065600,132710400,368640,0,4,777600,810,4320,0,0
280,baseline-420,speed_bench_hv_subsampling.jpg,packed-bgra,zune-simd,1,77364555,76760413,187710694,25,7680,4320,3,270,129600,378536,357221,41843,1483,1404,151,60746,138754,21111,3038,278515,125891853,6457,6718,198495,270,0,0,540,14484086,4320,45110669,61434705,0,0,0,0,0,0,540,99532800,0,0,122880,165888000,199065600,132710400,368640,0,4,777600,810,4320,0,0
281,baseline-420,speed_bench_hv_subsampling.jpg,packed-bgra,zune-simd,1,77514056,76928909,188122760,49,7680,4320,3,270,129600,378536,357221,41843,1010,1404,151,24742,105458,16907,3038,207498,125922761,6457,6718,35570,270,0,0,540,14397722,4320,45685277,61867792,0,0,0,0,0,0,540,99532800,0,0,122880,165888000,199065600,132710400,368640,0,4,777600,810,4320,0,0
282,baseline-420,speed_bench_hv_subsampling.jpg,packed-bgra,zune-simd,2,77445647,76899784,188051465,49,7680,4320,3,270,129600,378536,357221,41843,1029,1404,151,25398,107427,17342,3038,206788,126359992,6457,6718,63660,270,0,0,540,14404985,4320,45145232,61359904,0,0,0,0,0,0,540,99532800,0,0,122880,165888000,199065600,132710400,368640,0,4,777600,810,4320,0,0
283,baseline-420,speed_bench_hv_subsampling.jpg,packed-bgra,zune-simd,2,77404529,76815486,187845396,49,7680,4320,3,270,129600,378536,357221,41843,1006,1404,151,24890,104970,17546,3038,206584,125974085,6457,6718,36632,270,0,0,540,14292557,4320,45376707,61498288,0,0,0,0,0,0,540,99532800,0,0,122880,165888000,199065600,132710400,368640,0,4,777600,810,4320,0,0
284,baseline-420,speed_bench_hv_subsampling.jpg,packed-bgra,zune-simd,2,77230944,76668551,187486103,49,7680,4320,3,270,129600,378536,357221,41843,1005,1404,151,24697,105781,43320,3038,237178,125585680,6457,6718,37456,270,0,0,540,14301459,4320,45383432,61568039,0,0,0,0,0,0,540,99532800,0,0,122880,165888000,199065600,132710400,368640,0,4,777600,810,4320,0,0
285,baseline-420,speed_bench_hv_subsampling.jpg,packed-bgra,zune-scalar,2,77295856,76715138,187599979,49,7680,4320,3,270,129600,378536,357221,41843,1014,1404,151,24852,111779,17374,3038,209251,125975537,6457,6718,37265,270,0,0,540,14498542,4320,44974341,61286304,0,0,0,0,0,0,540,99532800,0,0,122880,165888000,199065600,132710400,368640,0,4,777600,810,4320,0,0
286,baseline-420,speed_bench_hv_subsampling.jpg,packed-bgra,zune-scalar,2,77716264,77120628,188591592,49,7680,4320,3,270,129600,378536,357221,41843,1001,1404,151,24884,104758,17313,3038,210168,126576262,6457,6718,38501,270,0,0,540,14652894,4320,45126146,61654256,0,0,0,0,0,0,540,99532800,0,0,122880,165888000,199065600,132710400,368640,0,4,777600,810,4320,0,0
287,baseline-420,speed_bench_hv_subsampling.jpg,packed-bgra,zune-scalar,2,77935014,77380665,189227514,49,7680,4320,3,270,129600,378536,357221,41843,1018,1404,151,25144,105092,17150,3038,212356,126889158,6457,6718,36328,270,0,0,540,14387057,4320,45728299,61938949,0,0,0,0,0,0,540,99532800,0,0,122880,165888000,199065600,132710400,368640,0,4,777600,810,4320,0,0
288,baseline-420,speed_bench_hv_subsampling.jpg,packed-bgra,zune-scalar,3,77389745,76800832,187809576,49,7680,4320,3,270,129600,378536,357221,41843,961,1404,151,50198,103904,17337,3038,213949,125985878,6457,6718,62830,270,0,0,540,14387692,4320,45292667,61483852,0,0,0,0,0,0,540,99532800,0,0,122880,165888000,199065600,132710400,368640,0,4,777600,810,4320,0,0
289,baseline-420,speed_bench_hv_subsampling.jpg,packed-bgra,zune-scalar,3,78708521,78117224,191028730,49,7680,4320,3,270,129600,378536,357221,41843,982,1404,151,24249,104474,17462,3038,210938,127263606,6457,6718,37997,270,0,0,540,14750180,4320,46771003,63420697,0,0,0,0,0,0,540,99532800,0,0,122880,165888000,199065600,132710400,368640,0,4,777600,810,4320,0,0
290,baseline-420,speed_bench_hv_subsampling.jpg,packed-bgra,zune-scalar,3,80129594,79549808,194531960,49,7680,4320,3,270,129600,378536,357221,41843,1024,1404,151,25510,110356,17057,3038,209613,127959851,6457,6718,38821,270,0,0,540,15520183,4320,48752166,66186048,0,0,0,0,0,0,540,99532800,0,0,122880,165888000,199065600,132710400,368640,0,4,777600,810,4320,0,0
291,baseline-420,speed_bench_hv_subsampling.jpg,packed-bgra,zune-simd,3,80925385,80360998,196515652,49,7680,4320,3,270,129600,378536,357221,41843,1009,1404,151,24938,105436,16963,3038,209285,129811098,6457,6718,37836,270,0,0,540,15420647,4320,48643028,66293840,0,0,0,0,0,0,540,99532800,0,0,122880,165888000,199065600,132710400,368640,0,4,777600,810,4320,0,0
292,baseline-420,speed_bench_hv_subsampling.jpg,packed-bgra,zune-simd,3,77651801,77095590,188530342,49,7680,4320,3,270,129600,378536,357221,41843,1008,1404,151,24709,104892,17510,3038,235465,126037620,6457,6718,35914,270,0,0,540,14257029,4320,46039631,62120751,0,0,0,0,0,0,540,99532800,0,0,122880,165888000,199065600,132710400,368640,0,4,777600,810,4320,0,0
293,baseline-420,speed_bench_hv_subsampling.jpg,packed-bgra,zune-simd,3,77308147,76733842,187646039,49,7680,4320,3,270,129600,378536,357221,41843,987,1404,151,24212,105310,17248,3038,243532,125816595,6457,6718,35715,270,0,0,540,14404816,4320,45307131,61498224,0,0,0,0,0,0,540,99532800,0,0,122880,165888000,199065600,132710400,368640,0,4,777600,810,4320,0,0
294,baseline-420,speed_bench_hv_subsampling.jpg,packed-bgra,zune-simd,4,77468097,76909440,188075132,49,7680,4320,3,270,129600,378536,357221,41843,1015,1404,151,24864,104075,17156,3038,207640,126009805,6457,6718,64943,270,0,0,540,14341055,4320,45626114,61735797,0,0,0,0,0,0,540,99532800,0,0,122880,165888000,199065600,132710400,368640,0,4,777600,810,4320,0,0
295,baseline-420,speed_bench_hv_subsampling.jpg,packed-bgra,zune-simd,4,77245540,76674710,187501121,24,7680,4320,3,270,129600,378536,357221,41843,1483,1404,151,61643,139896,20998,3038,288107,125714472,6457,6718,256826,270,0,0,540,14411264,4320,45241835,61427751,0,0,0,0,0,0,540,99532800,0,0,122880,165888000,199065600,132710400,368640,0,4,777600,810,4320,0,0
296,baseline-420,speed_bench_hv_subsampling.jpg,packed-bgra,zune-simd,4,77380203,76828839,187878079,49,7680,4320,3,270,129600,378536,357221,41843,1005,1404,151,24705,105088,17343,3038,206049,126017155,6457,6718,37652,270,0,0,540,14408795,4320,45277934,61532020,0,0,0,0,0,0,540,99532800,0,0,122880,165888000,199065600,132710400,368640,0,4,777600,810,4320,0,0
297,baseline-420,speed_bench_hv_subsampling.jpg,packed-bgra,zune-scalar,4,77251922,76664021,187475029,49,7680,4320,3,270,129600,378536,357221,41843,993,1404,151,24501,105419,16876,3038,211375,125700165,6457,6718,38772,270,0,0,540,14349040,4320,45300932,61447445,0,0,0,0,0,0,540,99532800,0,0,122880,165888000,199065600,132710400,368640,0,4,777600,810,4320,0,0
298,baseline-420,speed_bench_hv_subsampling.jpg,packed-bgra,zune-scalar,4,77439724,76864376,187964955,49,7680,4320,3,270,129600,378536,357221,41843,1059,1404,151,25914,106076,17292,3038,236317,126348127,6457,6718,66276,270,0,0,540,14300173,4320,45200766,61282612,0,0,0,0,0,0,540,99532800,0,0,122880,165888000,199065600,132710400,368640,0,4,777600,810,4320,0,0
299,baseline-420,speed_bench_hv_subsampling.jpg,packed-bgra,zune-scalar,4,77395672,76847645,187924310,49,7680,4320,3,270,129600,378536,357221,41843,1026,1404,151,25189,133832,17417,3038,208944,126218016,6457,6718,37423,270,0,0,540,14484030,4320,45059229,61347549,0,0,0,0,0,0,540,99532800,0,0,122880,165888000,199065600,132710400,368640,0,4,777600,810,4320,0,0
300,baseline-420,speed_bench_hv_subsampling.jpg,scanlines-bgra,zune-simd,0,72034676,71869707,175750971,49,7680,4320,3,270,129600,378536,357221,41843,983,1404,151,24059,102324,17344,3038,205727,125659185,6457,6718,39085,270,0,0,540,12905788,4320,28632205,43307581,0,0,271,270,32534,0,540,99532800,0,0,33300480,165888000,199065600,132710400,921600,0,5,777600,810,4320,270,0
301,baseline-420,speed_bench_hv_subsampling.jpg,scanlines-bgra,zune-simd,0,72302518,72142428,176417885,49,7680,4320,3,270,129600,378536,357221,41843,1024,1404,151,25187,101928,17198,3038,208709,125936812,6457,6718,69004,270,0,0,540,12926992,4320,29039533,43771120,0,0,271,270,30740,0,540,99532800,0,0,33300480,165888000,199065600,132710400,921600,0,5,777600,810,4320,270,0
302,baseline-420,speed_bench_hv_subsampling.jpg,scanlines-bgra,zune-simd,0,72720070,72528110,177361037,49,7680,4320,3,270,129600,378536,357221,41843,1010,1404,151,25031,160977,17326,3038,213926,126362908,6457,6718,38780,270,0,0,540,12886686,4320,29398935,44059756,0,0,271,270,33607,0,540,99532800,0,0,33300480,165888000,199065600,132710400,921600,0,5,777600,810,4320,270,0
303,baseline-420,speed_bench_hv_subsampling.jpg,scanlines-bgra,zune-scalar,0,71984482,71831365,175657209,49,7680,4320,3,270,129600,378536,357221,41843,1039,1404,151,25503,99810,17126,3038,211913,125946120,6457,6718,37512,270,0,0,540,12717297,4320,28563409,43061120,0,0,271,270,31843,0,540,99532800,0,0,33300480,165888000,199065600,132710400,921600,0,5,777600,810,4320,270,0
304,baseline-420,speed_bench_hv_subsampling.jpg,scanlines-bgra,zune-scalar,0,72261220,72095370,176302759,49,7680,4320,3,270,129600,378536,357221,41843,1015,1404,151,25055,99428,17057,3038,206277,126775742,6457,6718,37152,270,0,0,540,12722381,4320,28355651,42924150,0,0,271,270,31979,0,540,99532800,0,0,33300480,165888000,199065600,132710400,921600,0,5,777600,810,4320,270,0
305,baseline-420,speed_bench_hv_subsampling.jpg,scanlines-bgra,zune-scalar,0,71844651,71690762,175313572,49,7680,4320,3,270,129600,378536,357221,41843,1008,1404,151,24780,99935,17198,3038,211589,125564043,6457,6718,36865,270,0,0,540,12776098,4320,28513625,43058483,0,0,271,270,31229,0,540,99532800,0,0,33300480,165888000,199065600,132710400,921600,0,5,777600,810,4320,270,0
306,baseline-420,speed_bench_hv_subsampling.jpg,scanlines-bgra,zune-scalar,1,71811418,71632282,175170321,49,7680,4320,3,270,129600,378536,357221,41843,1018,1404,151,25133,99770,17276,3038,204505,125470131,6457,6718,37586,270,0,0,540,12734092,4320,28546657,43032715,0,0,271,270,32040,0,540,99532800,0,0,33300480,165888000,199065600,132710400,921600,0,5,777600,810,4320,270,0
307,baseline-420,speed_bench_hv_subsampling.jpg,scanlines-bgra,zune-scalar,1,72233159,72077276,176258537,49,7680,4320,3,270,129600,378536,357221,41843,1019,1404,151,75178,98935,17248,3038,207954,125860566,6457,6718,64547,270,0,0,540,12950283,4320,28938343,43703790,0,0,271,270,32879,0,540,99532800,0,0,33300480,165888000,199065600,132710400,921600,0,5,777600,810,4320,270,0
308,baseline-420,speed_bench_hv_subsampling.jpg,scanlines-bgra,zune-scalar,1,71975024,71813110,175612570,49,7680,4320,3,270,129600,378536,357221,41843,1035,1404,151,25398,99159,16977,3038,207623,125483387,6457,6718,37590,270,0,0,540,12671134,4320,28876043,43296676,0,0,271,270,30971,0,540,99532800,0,0,33300480,165888000,199065600,132710400,921600,0,5,777600,810,4320,270,0
309,baseline-420,speed_bench_hv_subsampling.jpg,scanlines-bgra,zune-simd,1,72406533,72248877,176678197,49,7680,4320,3,270,129600,378536,357221,41843,1006,1404,151,25183,99343,17597,3038,209765,126130770,6457,6718,38199,270,0,0,540,12996393,4320,28999356,43785085,0,0,271,270,32487,0,540,99532800,0,0,33300480,165888000,199065600,132710400,921600,0,5,777600,810,4320,270,0
310,baseline-420,speed_bench_hv_subsampling.jpg,scanlines-bgra,zune-simd,1,71704447,71551201,174972067,49,7680,4320,3,270,129600,378536,357221,41843,1019,1404,151,25123,101561,17328,3038,207864,125224748,6457,6718,37594,270,0,0,540,12799658,4320,28593657,43158170,0,0,271,270,31761,0,540,99532800,0,0,33300480,165888000,199065600,132710400,921600,0,5,777600,810,4320,270,0
311,baseline-420,speed_bench_hv_subsampling.jpg,scanlines-bgra,zune-simd,1,71977098,71817078,175622223,49,7680,4320,3,270,129600,378536,357221,41843,977,1404,151,24152,101775,17392,3038,204562,125231690,6457,6718,90664,270,0,0,540,12769891,4320,29134877,43693643,0,0,271,270,30359,0,540,99532800,0,0,33300480,165888000,199065600,132710400,921600,0,5,777600,810,4320,270,0
312,baseline-420,speed_bench_hv_subsampling.jpg,scanlines-bgra,zune-simd,2,71705811,71553335,174977285,49,7680,4320,3,270,129600,378536,357221,41843,986,1404,151,24224,99740,17175,3038,250700,125491277,6457,6718,38573,270,0,0,540,12619828,4320,28489049,42861361,0,0,271,270,31775,0,540,99532800,0,0,33300480,165888000,199065600,132710400,921600,0,5,777600,810,4320,270,0
313,baseline-420,speed_bench_hv_subsampling.jpg,scanlines-bgra,zune-simd,2,71772104,71618036,175135555,49,7680,4320,3,270,129600,378536,357221,41843,998,1404,151,24503,98487,17280,3038,236363,125234545,6457,6718,37349,270,0,0,540,12687480,4320,28761078,43263994,0,0,271,270,31088,0,540,99532800,0,0,33300480,165888000,199065600,132710400,921600,0,5,777600,810,4320,270,0
314,baseline-420,speed_bench_hv_subsampling.jpg,scanlines-bgra,zune-simd,2,71731027,71577519,175036428,49,7680,4320,3,270,129600,378536,357221,41843,980,1404,151,24023,99631,17220,3038,206203,125128655,6457,6718,63633,270,0,0,540,12610258,4320,28740693,43107533,0,0,271,270,31848,0,540,99532800,0,0,33300480,165888000,199065600,132710400,921600,0,5,777600,810,4320,270,0
315,baseline-420,speed_bench_hv_subsampling.jpg,scanlines-bgra,zune-scalar,2,71891868,71740695,175435459,49,7680,4320,3,270,129600,378536,357221,41843,1035,1404,151,25491,99969,17246,3038,207524,125358984,6457,6718,65685,270,0,0,540,12825194,4320,28793987,43404539,0,0,271,270,32193,0,540,99532800,0,0,33300480,165888000,199065600,132710400,921600,0,5,777600,810,4320,270,0
316,baseline-420,speed_bench_hv_subsampling.jpg,scanlines-bgra,zune-scalar,2,71661987,71512518,174877472,49,7680,4320,3,270,129600,378536,357221,41843,1014,1404,151,24898,98650,17124,3038,207354,125126427,6457,6718,36787,270,0,0,540,12855537,4320,28456494,43110108,0,0,271,270,33027,0,540,99532800,0,0,33300480,165888000,199065600,132710400,921600,0,5,777600,810,4320,270,0
317,baseline-420,speed_bench_hv_subsampling.jpg,scanlines-bgra,zune-scalar,2,71725557,71576357,175033586,49,7680,4320,3,270,129600,378536,357221,41843,992,1404,151,24400,99039,17198,3038,207061,125064725,6457,6718,38820,270,0,0,540,12876856,4320,28703225,43360104,0,0,271,270,30113,0,540,99532800,0,0,33300480,165888000,199065600,132710400,921600,0,5,777600,810,4320,270,0
318,baseline-420,speed_bench_hv_subsampling.jpg,scanlines-bgra,zune-scalar,3,72349135,72180289,176510446,24,7680,4320,3,270,129600,378536,357221,41843,1483,1404,151,62635,134458,21111,3038,283362,126737960,6457,6718,204910,270,0,0,540,12701611,4320,28707780,43186644,0,0,271,270,31742,0,540,99532800,0,0,33300480,165888000,199065600,132710400,921600,0,5,777600,810,4320,270,0
319,baseline-420,speed_bench_hv_subsampling.jpg,scanlines-bgra,zune-scalar,3,71855070,71668360,175258545,24,7680,4320,3,270,129600,378536,357221,41843,1483,1404,151,60660,134235,21073,3038,283660,125528208,6457,6718,206978,270,0,0,540,12771312,4320,28559010,43168065,0,0,271,270,30106,0,540,99532800,0,0,33300480,165888000,199065600,132710400,921600,0,5,777600,810,4320,270,0
320,baseline-420,speed_bench_hv_subsampling.jpg,scanlines-bgra,zune-scalar,3,71560557,71410065,174626935,49,7680,4320,3,270,129600,378536,357221,41843,1019,1404,151,25001,99298,17734,3038,204444,125176213,6457,6718,37085,270,0,0,540,12767052,4320,28370044,42876813,0,0,271,270,31531,0,540,99532800,0,0,33300480,165888000,199065600,132710400,921600,0,5,777600,810,4320,270,0
321,baseline-420,speed_bench_hv_subsampling.jpg,scanlines-bgra,zune-simd,3,71937014,71761514,175486346,24,7680,4320,3,270,129600,378536,357221,41843,1483,1404,151,61462,135307,21195,3038,280466,125646231,6457,6718,206376,270,0,0,540,12673310,4320,28722919,43194140,0,0,271,270,33097,0,540,99532800,0,0,33300480,165888000,199065600,132710400,921600,0,5,777600,810,4320,270,0
322,baseline-420,speed_bench_hv_subsampling.jpg,scanlines-bgra,zune-simd,3,71800247,71615591,175129528,49,7680,4320,3,270,129600,378536,357221,41843,1016,1404,151,25040,98831,17201,3038,204118,125370184,6457,6718,37398,270,0,0,540,12776939,4320,28484795,43059767,0,0,271,270,32825,0,540,99532800,0,0,33300480,165888000,199065600,132710400,921600,0,5,777600,810,4320,270,0
323,baseline-420,speed_bench_hv_subsampling.jpg,scanlines-bgra,zune-simd,3,71776312,71602888,175098437,25,7680,4320,3,270,129600,378536,357221,41843,1483,1404,151,60233,168443,21022,3038,279716,125473905,6457,6718,203586,270,0,0,540,12733639,4320,28488453,43019504,0,0,271,270,32590,0,540,99532800,0,0,33300480,165888000,199065600,132710400,921600,0,5,777600,810,4320,270,0
324,baseline-420,speed_bench_hv_subsampling.jpg,scanlines-bgra,zune-simd,4,71730407,71562933,175000780,49,7680,4320,3,270,129600,378536,357221,41843,1009,1404,151,25009,99314,17072,3038,205748,125473814,6457,6718,36185,270,0,0,540,12683624,4320,28499291,42930770,0,0,271,270,33386,0,540,99532800,0,0,33300480,165888000,199065600,132710400,921600,0,5,777600,810,4320,270,0
325,baseline-420,speed_bench_hv_subsampling.jpg,scanlines-bgra,zune-simd,4,71999560,71847405,175696458,49,7680,4320,3,270,129600,378536,357221,41843,1015,1404,151,24866,99525,17127,3038,232529,125518712,6457,6718,67508,270,0,0,540,12955860,4320,28691932,43509864,0,0,271,270,29645,0,540,99532800,0,0,33300480,165888000,199065600,132710400,921600,0,5,777600,810,4320,270,0
326,baseline-420,speed_bench_hv_subsampling.jpg,scanlines-bgra,zune-simd,4,72138621,71984051,176030565,49,7680,4320,3,270,129600,378536,357221,41843,1026,1404,151,25458,99040,17677,3038,210099,126182858,6457,6718,39637,270,0,0,540,12616909,4320,28721740,43105768,0,0,271,270,33470,0,540,99532800,0,0,33300480,165888000,199065600,132710400,921600,0,5,777600,810,4320,270,0
327,baseline-420,speed_bench_hv_subsampling.jpg,scanlines-bgra,zune-scalar,4,72283582,72129194,176385520,49,7680,4320,3,270,129600,378536,357221,41843,1027,1404,151,51600,98706,17174,3038,235589,126745559,6457,6718,69240,270,0,0,540,12651809,4320,28536403,42998989,0,0,271,270,32835,0,540,99532800,0,0,33300480,165888000,199065600,132710400,921600,0,5,777600,810,4320,270,0
328,baseline-420,speed_bench_hv_subsampling.jpg,scanlines-bgra,zune-scalar,4,71886469,71733953,175419020,25,7680,4320,3,270,129600,378536,357221,41843,1483,1404,151,60774,132921,21265,3038,282049,125668894,6457,6718,198744,270,0,0,540,12806242,4320,28538456,43088276,0,0,271,270,33710,0,540,99532800,0,0,33300480,165888000,199065600,132710400,921600,0,5,777600,810,4320,270,0
329,baseline-420,speed_bench_hv_subsampling.jpg,scanlines-bgra,zune-scalar,4,71758809,71608006,175110981,49,7680,4320,3,270,129600,378536,357221,41843,1012,1404,151,25075,98845,17107,3038,204650,124946686,6457,6718,37586,270,0,0,540,12751127,4320,28943992,43477121,0,0,271,270,31670,0,540,99532800,0,0,33300480,165888000,199065600,132710400,921600,0,5,777600,810,4320,270,0
330,baseline-420,speed_bench_hv_subsampling.jpg,raw,zune-simd,0,55689680,55676345,136151571,49,7680,4320,3,270,129600,378536,357221,41843,982,1404,151,24446,101722,17168,3038,230011,125113451,6457,6718,38935,0,0,0,0,0,0,0,0,0,0,271,269,27939,0,540,99532800,49766400,5714608,0,0,0,0,368640,0,3,777600,0,0,271,0
331,baseline-420,speed_bench_hv_subsampling.jpg,raw,zune-simd,0,55477462,55464006,135632392,24,7680,4320,3,270,129600,378536,357221,41843,1483,1404,151,61909,134626,21146,3038,277226,125024501,6457,6718,204606,0,0,0,0,0,0,0,0,0,0,271,269,27763,0,540,99532800,49766400,5504875,0,0,0,0,368640,0,3,777600,0,0,271,0
332,baseline-420,speed_bench_hv_subsampling.jpg,raw,zune-simd,0,55665945,55651708,136091301,25,7680,4320,3,270,129600,378536,357221,41843,1483,1404,151,60250,133140,21092,3038,275673,125430213,6457,6718,224173,0,0,0,0,0,0,0,0,0,0,271,269,27960,0,540,99532800,49766400,5537516,0,0,0,0,368640,0,3,777600,0,0,271,0
333,baseline-420,speed_bench_hv_subsampling.jpg,raw,zune-scalar,0,55548045,55530711,135795464,49,7680,4320,3,270,129600,378536,357221,41843,993,1404,151,24518,101334,17296,3038,203228,125174603,6457,6718,36853,0,0,0,0,0,0,0,0,0,0,271,269,27903,0,540,99532800,49766400,5522642,0,0,0,0,368640,0,3,777600,0,0,271,0
334,baseline-420,speed_bench_hv_subsampling.jpg,raw,zune-scalar,0,55640949,55627593,136032354,49,7680,4320,3,270,129600,378536,357221,41843,1007,1404,151,24829,100198,17276,3038,203814,125151591,6457,6718,37398,0,0,0,0,0,0,0,0,0,0,271,269,28744,0,540,99532800,49766400,5633756,0,0,0,0,368640,0,3,777600,0,0,271,0
335,baseline-420,speed_bench_hv_subsampling.jpg,raw,zune-scalar,0,55545579,55532365,135799408,49,7680,4320,3,270,129600,378536,357221,41843,1039,1404,151,25682,98964,17566,3038,203077,124995363,6457,6718,36930,0,0,0,0,0,0,0,0,0,0,271,269,28300,0,540,99532800,49766400,5613362,0,0,0,0,368640,0,3,777600,0,0,271,0
336,baseline-420,speed_bench_hv_subsampling.jpg,raw,zune-scalar,1,55608778,55595643,135954200,49,7680,4320,3,270,129600,378536,357221,41843,1014,1404,151,25623,99243,17493,3038,202932,125350110,6457,6718,35346,0,0,0,0,0,0,0,0,0,0,271,269,28571,0,540,99532800,49766400,5508428,0,0,0,0,368640,0,3,777600,0,0,271,0
337,baseline-420,speed_bench_hv_subsampling.jpg,raw,zune-scalar,1,55466742,55453597,135606838,49,7680,4320,3,270,129600,378536,357221,41843,995,1404,151,24846,99100,17293,3038,203103,124912596,6457,6718,38306,0,0,0,0,0,0,0,0,0,0,271,269,27289,0,540,99532800,49766400,5600622,0,0,0,0,368640,0,3,777600,0,0,271,0
338,baseline-420,speed_bench_hv_subsampling.jpg,raw,zune-scalar,1,55572581,55559435,135865657,49,7680,4320,3,270,129600,378536,357221,41843,1011,1404,151,25205,99202,17449,3038,203427,125071125,6457,6718,37182,0,0,0,0,0,0,0,0,0,0,271,269,27337,0,540,99532800,49766400,5666106,0,0,0,0,368640,0,3,777600,0,0,271,0
339,baseline-420,speed_bench_hv_subsampling.jpg,raw,zune-simd,1,55529079,55515744,135758763,49,7680,4320,3,270,129600,378536,357221,41843,1006,1404,151,24823,98603,17640,3038,202317,124939350,6457,6718,41302,0,0,0,0,0,0,0,0,0,0,271,269,28842,0,540,99532800,49766400,5645530,0,0,0,0,368640,0,3,777600,0,0,271,0
340,baseline-420,speed_bench_hv_subsampling.jpg,raw,zune-simd,1,56014519,55999800,136942554,49,7680,4320,3,270,129600,378536,357221,41843,1016,1404,151,25128,99616,17520,3038,202714,125850399,6457,6718,76536,0,0,0,0,0,0,0,0,0,0,271,269,28905,0,540,99532800,49766400,5778367,0,0,0,0,368640,0,3,777600,0,0,271,0
341,baseline-420,speed_bench_hv_subsampling.jpg,raw,zune-simd,1,56014248,55999911,136942799,49,7680,4320,3,270,129600,378536,357221,41843,999,1404,151,24709,98879,17245,3038,229141,125714262,6457,6718,36998,0,0,0,0,0,0,0,0,0,0,271,269,28123,0,540,99532800,49766400,5922581,0,0,0,0,368640,0,3,777600,0,0,271,0
342,baseline-420,speed_bench_hv_subsampling.jpg,raw,zune-simd,2,55644725,55631029,136040783,49,7680,4320,3,270,129600,378536,357221,41843,1007,1404,151,25122,98473,17314,3038,230946,125164431,6457,6718,38359,0,0,0,0,0,0,0,0,0,0,271,269,27808,0,540,99532800,49766400,5652895,0,0,0,0,368640,0,3,777600,0,0,271,0
343,baseline-420,speed_bench_hv_subsampling.jpg,raw,zune-simd,2,56076033,56062387,137095630,49,7680,4320,3,270,129600,378536,357221,41843,991,1404,151,24701,99265,17001,3038,206504,126294455,6457,6718,38373,0,0,0,0,0,0,0,0,0,0,271,269,28573,0,540,99532800,49766400,5608096,0,0,0,0,368640,0,3,777600,0,0,271,0
344,baseline-420,speed_bench_hv_subsampling.jpg,raw,zune-simd,2,55492310,55478904,135668775,49,7680,4320,3,270,129600,378536,357221,41843,1025,1404,151,25258,98365,17714,3038,205256,124817307,6457,6718,37045,0,0,0,0,0,0,0,0,0,0,271,269,27766,0,540,99532800,49766400,5686872,0,0,0,0,368640,0,3,777600,0,0,271,0
345,baseline-420,speed_bench_hv_subsampling.jpg,raw,zune-scalar,2,55590885,55577399,135909610,49,7680,4320,3,270,129600,378536,357221,41843,988,1404,151,24296,98834,17610,3038,202960,125136811,6457,6718,37271,0,0,0,0,0,0,0,0,0,0,271,269,28278,0,540,99532800,49766400,5532349,0,0,0,0,368640,0,3,777600,0,0,271,0
346,baseline-420,speed_bench_hv_subsampling.jpg,raw,zune-scalar,2,55599189,55585234,135928793,49,7680,4320,3,270,129600,378536,357221,41843,998,1404,151,24628,101051,17147,3038,202897,124965363,6457,6718,35878,0,0,0,0,0,0,0,0,0,0,271,269,28222,0,540,99532800,49766400,5657978,0,0,0,0,368640,0,3,777600,0,0,271,0
347,baseline-420,speed_bench_hv_subsampling.jpg,raw,zune-scalar,2,55633514,55620210,136014347,49,7680,4320,3,270,129600,378536,357221,41843,1008,1404,151,24922,99729,17387,3038,201756,125214403,6457,6718,37372,0,0,0,0,0,0,0,0,0,0,271,269,28108,0,540,99532800,49766400,5616581,0,0,0,0,368640,0,3,777600,0,0,271,0
348,baseline-420,speed_bench_hv_subsampling.jpg,raw,zune-scalar,3,55538476,55525231,135781940,49,7680,4320,3,270,129600,378536,357221,41843,1029,1404,151,25448,99180,17590,3038,202921,125144454,6457,6718,39992,0,0,0,0,0,0,0,0,0,0,271,269,27818,0,540,99532800,49766400,5606317,0,0,0,0,368640,0,3,777600,0,0,271,0
349,baseline-420,speed_bench_hv_subsampling.jpg,raw,zune-scalar,3,55513249,55500085,135720543,49,7680,4320,3,270,129600,378536,357221,41843,1012,1404,151,24871,98842,17400,3038,203116,125068332,6457,6718,65732,0,0,0,0,0,0,0,0,0,0,271,269,27684,0,540,99532800,49766400,5567752,0,0,0,0,368640,0,3,777600,0,0,271,0
350,baseline-420,speed_bench_hv_subsampling.jpg,raw,zune-scalar,3,55443518,55430074,135549312,49,7680,4320,3,270,129600,378536,357221,41843,1009,1404,151,25114,99346,17425,3038,201794,124963894,6457,6718,38227,0,0,0,0,0,0,0,0,0,0,271,269,27596,0,540,99532800,49766400,5479874,0,0,0,0,368640,0,3,777600,0,0,271,0
351,baseline-420,speed_bench_hv_subsampling.jpg,raw,zune-simd,3,55511054,55497740,135714810,49,7680,4320,3,270,129600,378536,357221,41843,986,1404,151,24383,98999,17202,3038,201185,124940032,6457,6718,35202,0,0,0,0,0,0,0,0,0,0,271,269,28713,0,540,99532800,49766400,5649511,0,0,0,0,368640,0,3,777600,0,0,271,0
352,baseline-420,speed_bench_hv_subsampling.jpg,raw,zune-simd,3,55512277,55499123,135718191,49,7680,4320,3,270,129600,378536,357221,41843,961,1404,151,23851,125566,17342,3038,201177,124919841,6457,6718,37497,0,0,0,0,0,0,0,0,0,0,271,269,27390,0,540,99532800,49766400,5556235,0,0,0,0,368640,0,3,777600,0,0,271,0
353,baseline-420,speed_bench_hv_subsampling.jpg,raw,zune-simd,3,55534238,55520974,135771601,49,7680,4320,3,270,129600,378536,357221,41843,975,1404,151,24356,98910,17396,3038,200660,124966516,6457,6718,37198,0,0,0,0,0,0,0,0,0,0,271,269,27460,0,540,99532800,49766400,5668576,0,0,0,0,368640,0,3,777600,0,0,271,0
354,baseline-420,speed_bench_hv_subsampling.jpg,raw,zune-simd,4,55616863,55599661,135964048,49,7680,4320,3,270,129600,378536,357221,41843,1000,1404,151,24575,98434,17346,3038,202208,125133231,6457,6718,122978,0,0,0,0,0,0,0,0,0,0,271,269,28026,0,540,99532800,49766400,5641959,0,0,0,0,368640,0,3,777600,0,0,271,0
355,baseline-420,speed_bench_hv_subsampling.jpg,raw,zune-simd,4,55673009,55638333,136058643,49,7680,4320,3,270,129600,378536,357221,41843,979,1404,151,24604,99029,17442,3038,202539,125281572,6457,6718,38343,0,0,0,0,0,0,0,0,0,0,271,269,28588,0,540,99532800,49766400,5651776,0,0,0,0,368640,0,3,777600,0,0,271,0
356,baseline-420,speed_bench_hv_subsampling.jpg,raw,zune-simd,4,55565166,55548044,135837849,49,7680,4320,3,270,129600,378536,357221,41843,994,1404,151,24471,98892,17806,3038,204318,125102111,6457,6718,37164,0,0,0,0,0,0,0,0,0,0,271,269,28664,0,540,99532800,49766400,5503405,0,0,0,0,368640,0,3,777600,0,0,271,0
357,baseline-420,speed_bench_hv_subsampling.jpg,raw,zune-scalar,4,55586285,55572049,135896502,49,7680,4320,3,270,129600,378536,357221,41843,1024,1404,151,52038,128280,17394,3038,203067,125070661,6457,6718,36775,0,0,0,0,0,0,0,0,0,0,271,269,27689,0,540,99532800,49766400,5653921,0,0,0,0,368640,0,3,777600,0,0,271,0
358,baseline-420,speed_bench_hv_subsampling.jpg,raw,zune-scalar,4,55531203,55517777,135763786,49,7680,4320,3,270,129600,378536,357221,41843,1017,1404,151,25062,98971,17510,3038,203171,125087496,6457,6718,37655,0,0,0,0,0,0,0,0,0,0,271,269,28416,0,540,99532800,49766400,5554959,0,0,0,0,368640,0,3,777600,0,0,271,0
359,baseline-420,speed_bench_hv_subsampling.jpg,raw,zune-scalar,4,55411899,55398684,135472578,49,7680,4320,3,270,129600,378536,357221,41843,1034,1404,151,25517,99721,17183,3038,202729,124845717,6457,6718,36607,0,0,0,0,0,0,0,0,0,0,271,269,27686,0,540,99532800,49766400,5510611,0,0,0,0,368640,0,3,777600,0,0,271,0
360,baseline-420,speed_bench_hv_subsampling.jpg,incremental-bgra,zune-simd,0,76509621,75962587,185759980,49,7680,4320,3,270,129600,378536,357221,41843,1016,1411,151,25424,98669,17228,3047,201463,124401939,6483,6749,44692,270,0,0,540,13487134,4320,45533469,60838296,0,0,270,1,33034,0,542,99532800,0,0,245760,165888000,199065600,132710400,368640,0,4,777600,810,4320,0,0
361,baseline-420,speed_bench_hv_subsampling.jpg,incremental-bgra,zune-simd,0,76685731,76115894,186134904,49,7680,4320,3,270,129600,378536,357221,41843,974,1411,151,24284,99779,17277,3047,200323,124533500,6483,6749,45664,270,0,0,540,13562968,4320,45752939,61127184,0,0,270,1,33228,0,542,99532800,0,0,245760,165888000,199065600,132710400,368640,0,4,777600,810,4320,0,0
362,baseline-420,speed_bench_hv_subsampling.jpg,incremental-bgra,zune-simd,0,76700009,76134608,186180620,49,7680,4320,3,270,129600,378536,357221,41843,980,1411,151,24543,126021,17453,3047,199852,124424750,6483,6749,45440,270,0,0,540,13554947,4320,45947864,61295271,0,0,270,1,32753,0,542,99532800,0,0,245760,165888000,199065600,132710400,368640,0,4,777600,810,4320,0,0
363,baseline-420,speed_bench_hv_subsampling.jpg,incremental-bgra,zune-scalar,0,76813381,76239134,186436303,49,7680,4320,3,270,129600,378536,357221,41843,1016,1411,151,25326,100072,17448,3047,199783,124559488,6483,6749,72617,270,0,0,540,13762753,4320,45837899,61409589,0,0,270,1,37795,0,542,99532800,0,0,245760,165888000,199065600,132710400,368640,0,4,777600,810,4320,0,0
364,baseline-420,speed_bench_hv_subsampling.jpg,incremental-bgra,zune-scalar,0,76628333,76046885,185966098,49,7680,4320,3,270,129600,378536,357221,41843,1019,1411,151,25185,99096,17203,3047,199095,124563539,6483,6749,42663,270,0,0,540,13600636,4320,45513526,60938827,0,0,270,1,33095,0,542,99532800,0,0,245760,165888000,199065600,132710400,368640,0,4,777600,810,4320,0,0
365,baseline-420,speed_bench_hv_subsampling.jpg,incremental-bgra,zune-scalar,0,76664541,76095886,186085610,49,7680,4320,3,270,129600,378536,357221,41843,996,1411,151,24677,99444,17200,3047,225555,124862255,6483,6749,46124,270,0,0,540,13497347,4320,45406334,60751155,0,0,270,1,32300,0,542,99532800,0,0,245760,165888000,199065600,132710400,368640,0,4,777600,810,4320,0,0
366,baseline-420,speed_bench_hv_subsampling.jpg,incremental-bgra,zune-scalar,1,76758166,76181206,186294300,49,7680,4320,3,270,129600,378536,357221,41843,1005,1411,151,25144,99623,17328,3047,199127,124888288,6483,6749,44202,270,0,0,540,13507517,4320,45665651,60949456,0,0,270,1,33007,0,542,99532800,0,0,245760,165888000,199065600,132710400,368640,0,4,777600,810,4320,0,0
367,baseline-420,speed_bench_hv_subsampling.jpg,incremental-bgra,zune-scalar,1,76455580,75904959,185619031,49,7680,4320,3,270,129600,378536,357221,41843,961,1411,151,24009,100129,17378,3047,198514,124330327,6483,6749,44230,270,0,0,540,13702833,4320,45340296,60829188,0,0,270,1,32177,0,542,99532800,0,0,245760,165888000,199065600,132710400,368640,0,4,777600,810,4320,0,0
368,baseline-420,speed_bench_hv_subsampling.jpg,incremental-bgra,zune-scalar,1,76540699,75994546,185838159,49,7680,4320,3,270,129600,378536,357221,41843,1014,1411,151,25183,99289,17597,3047,197513,124558351,6483,6749,42449,270,0,0,540,13669553,4320,45363608,60815414,0,0,270,1,33885,0,542,99532800,0,0,245760,165888000,199065600,132710400,368640,0,4,777600,810,4320,0,0
369,baseline-420,speed_bench_hv_subsampling.jpg,incremental-bgra,zune-simd,1,76584712,76003353,185859646,49,7680,4320,3,270,129600,378536,357221,41843,998,1411,151,24773,100070,17349,3047,225420,124249661,6483,6749,43389,270,0,0,540,13681603,4320,45597027,61112048,0,0,270,1,31952,0,542,99532800,0,0,245760,165888000,199065600,132710400,368640,0,4,777600,810,4320,0,0
370,baseline-420,speed_bench_hv_subsampling.jpg,incremental-bgra,zune-simd,1,76580845,75960963,185756011,24,7680,4320,3,270,129600,378536,357221,41843,1485,1411,151,60706,134817,21681,3047,273410,124619011,6483,6749,238635,270,0,0,540,13593728,4320,45288627,60676502,0,0,270,1,32203,0,542,99532800,0,0,245760,165888000,199065600,132710400,368640,0,4,777600,810,4320,0,0
371,baseline-420,speed_bench_hv_subsampling.jpg,incremental-bgra,zune-simd,1,76653501,76066862,186014976,49,7680,4320,3,270,129600,378536,357221,41843,1029,1411,151,25465,99759,17442,3047,201005,124645609,6483,6749,43162,270,0,0,540,13677461,4320,45410335,60878817,0,0,270,1,32526,0,542,99532800,0,0,245760,165888000,199065600,132710400,368640,0,4,777600,810,4320,0,0
372,baseline-420,speed_bench_hv_subsampling.jpg,incremental-bgra,zune-simd,2,76545979,75975330,185791462,49,7680,4320,3,270,129600,378536,357221,41843,991,1411,151,24773,99257,17415,3047,201003,124427487,6483,6749,45053,270,0,0,540,13569894,4320,45527757,60903087,0,0,270,1,33240,0,542,99532800,0,0,245760,165888000,199065600,132710400,368640,0,4,777600,810,4320,0,0
373,baseline-420,speed_bench_hv_subsampling.jpg,incremental-bgra,zune-simd,2,76607855,76053035,185981117,49,7680,4320,3,270,129600,378536,357221,41843,1037,1411,151,51939,99625,17247,3047,198016,124530491,6483,6749,43396,270,0,0,540,13625094,4320,45579187,60980642,0,0,270,1,33052,0,542,99532800,0,0,245760,165888000,199065600,132710400,368640,0,4,777600,810,4320,0,0
374,baseline-420,speed_bench_hv_subsampling.jpg,incremental-bgra,zune-simd,2,76794234,76240437,186439169,49,7680,4320,3,270,129600,378536,357221,41843,1008,1411,151,25852,99351,17325,3047,199235,124872620,6483,6749,51428,270,0,0,540,13682541,4320,45626351,61106457,0,0,270,1,33214,0,542,99532800,0,0,245760,165888000,199065600,132710400,368640,0,4,777600,810,4320,0,0
375,baseline-420,speed_bench_hv_subsampling.jpg,incremental-bgra,zune-scalar,2,76734853,76189321,186314195,49,7680,4320,3,270,129600,378536,357221,41843,1004,1411,151,25371,99546,17372,3047,199642,124820928,6483,6749,70165,270,0,0,540,13737373,4320,45504280,61015926,0,0,270,1,36425,0,542,99532800,0,0,245760,165888000,199065600,132710400,368640,0,4,777600,810,4320,0,0
376,baseline-420,speed_bench_hv_subsampling.jpg,incremental-bgra,zune-scalar,2,76618104,76065439,186011252,49,7680,4320,3,270,129600,378536,357221,41843,995,1411,151,24603,99480,17242,3047,203278,124500689,6483,6749,70814,270,0,0,540,13534362,4320,45723167,61050473,0,0,270,1,33032,0,542,99532800,0,0,245760,165888000,199065600,132710400,368640,0,4,777600,810,4320,0,0
377,baseline-420,speed_bench_hv_subsampling.jpg,incremental-bgra,zune-scalar,2,76493861,75923894,185665581,49,7680,4320,3,270,129600,378536,357221,41843,1037,1411,151,25865,99363,17239,3047,225451,124331126,6483,6749,75926,270,0,0,540,13622629,4320,45403081,60834780,0,0,270,1,33069,0,542,99532800,0,0,245760,165888000,199065600,132710400,368640,0,4,777600,810,4320,0,0
378,baseline-420,speed_bench_hv_subsampling.jpg,incremental-bgra,zune-scalar,3,77237516,76669481,187488406,49,7680,4320,3,270,129600,378536,357221,41843,1011,1411,151,25302,100955,17172,3047,246200,125546399,6483,6749,44749,270,0,0,540,13938620,4320,45667788,61462448,0,0,270,1,35471,0,542,99532800,0,0,245760,165888000,199065600,132710400,368640,0,4,777600,810,4320,0,0
379,baseline-420,speed_bench_hv_subsampling.jpg,incremental-bgra,zune-scalar,3,76476339,75943020,185712107,49,7680,4320,3,270,129600,378536,357221,41843,980,1411,151,24477,139257,17270,3047,199582,124046347,6483,6749,43325,270,0,0,540,13586619,4320,45775250,61202255,0,0,270,1,32320,0,542,99532800,0,0,245760,165888000,199065600,132710400,368640,0,4,777600,810,4320,0,0
380,baseline-420,speed_bench_hv_subsampling.jpg,incremental-bgra,zune-scalar,3,76512847,75909035,185628758,49,7680,4320,3,270,129600,378536,357221,41843,994,1411,151,24684,99637,17110,3047,197389,124539417,6483,6749,69892,270,0,0,540,13576214,4320,45268663,60621065,0,0,270,1,33480,0,542,99532800,0,0,245760,165888000,199065600,132710400,368640,0,4,777600,810,4320,0,0
381,baseline-420,speed_bench_hv_subsampling.jpg,incremental-bgra,zune-simd,3,76503529,75928322,185676141,49,7680,4320,3,270,129600,378536,357221,41843,1046,1411,151,25913,99917,17120,3047,200193,124430723,6483,6749,44572,270,0,0,540,13534714,4320,45434695,60778740,0,0,270,1,33491,0,542,99532800,0,0,245760,165888000,199065600,132710400,368640,0,4,777600,810,4320,0,0
382,baseline-420,speed_bench_hv_subsampling.jpg,incremental-bgra,zune-simd,3,76392642,75838795,185457307,49,7680,4320,3,270,129600,378536,357221,41843,1013,1411,151,25838,100072,17315,3047,200105,124181755,6483,6749,76460,270,0,0,540,13646152,4320,45330699,60815199,0,0,270,1,32780,0,542,99532800,0,0,245760,165888000,199065600,132710400,368640,0,4,777600,810,4320,0,0
383,baseline-420,speed_bench_hv_subsampling.jpg,incremental-bgra,zune-simd,3,76488111,75934804,185692042,25,7680,4320,3,270,129600,378536,357221,41843,1485,1411,151,60277,133568,20905,3047,271869,124089068,6483,6749,204507,270,0,0,540,13594978,4320,45677588,61083327,0,0,270,1,32601,0,542,99532800,0,0,245760,165888000,199065600,132710400,368640,0,4,777600,810,4320,0,0
384,baseline-420,speed_bench_hv_subsampling.jpg,incremental-bgra,zune-simd,4,77430196,76847775,187924408,49,7680,4320,3,270,129600,378536,357221,41843,966,1411,151,24437,100059,17174,3047,203497,125861470,6483,6749,44000,270,0,0,540,13888728,4320,45889557,61567328,0,0,270,1,34175,0,542,99532800,0,0,245760,165888000,199065600,132710400,368640,0,4,777600,810,4320,0,0
385,baseline-420,speed_bench_hv_subsampling.jpg,incremental-bgra,zune-simd,4,76640566,76063576,186006695,49,7680,4320,3,270,129600,378536,357221,41843,1025,1411,151,25492,99592,17116,3047,198500,124027793,6483,6749,44980,270,0,0,540,13560875,4320,46080273,61474733,0,0,270,1,33338,0,542,99532800,0,0,245760,165888000,199065600,132710400,368640,0,4,777600,810,4320,0,0
386,baseline-420,speed_bench_hv_subsampling.jpg,incremental-bgra,zune-simd,4,76482902,75937198,185697578,25,7680,4320,3,270,129600,378536,357221,41843,1485,1411,151,61007,134577,20899,3047,272337,124161566,6483,6749,206152,270,0,0,540,13681357,4320,45590941,61067327,0,0,270,1,32599,0,542,99532800,0,0,245760,165888000,199065600,132710400,368640,0,4,777600,810,4320,0,0
387,baseline-420,speed_bench_hv_subsampling.jpg,incremental-bgra,zune-scalar,4,76579191,76027117,185917858,49,7680,4320,3,270,129600,378536,357221,41843,981,1411,151,24323,99715,17470,3047,198632,124411241,6483,6749,43998,270,0,0,540,13689717,4320,45531755,61041677,0,0,270,1,32613,0,542,99532800,0,0,245760,165888000,199065600,132710400,368640,0,4,777600,810,4320,0,0
388,baseline-420,speed_bench_hv_subsampling.jpg,incremental-bgra,zune-scalar,4,76515983,75932790,185686872,49,7680,4320,3,270,129600,378536,357221,41843,1019,1411,151,25297,100467,17446,3047,199000,124045844,6483,6749,44478,270,0,0,540,13550438,4320,45789468,61121988,0,0,270,1,34684,0,542,99532800,0,0,245760,165888000,199065600,132710400,368640,0,4,777600,810,4320,0,0
389,baseline-420,speed_bench_hv_subsampling.jpg,incremental-bgra,zune-scalar,4,76520862,75927481,185674108,49,7680,4320,3,270,129600,378536,357221,41843,990,1411,151,24874,99793,17568,3047,199514,124158802,6483,6749,70473,270,0,0,540,13612857,4320,45588602,61051858,0,0,270,1,33634,0,542,99532800,0,0,245760,165888000,199065600,132710400,368640,0,4,777600,810,4320,0,0
390,progressive-444,speed_bench_prog.jpg,packed-bgra,zune-simd,0,281121775,279332793,683083054,49,7680,4320,3,540,518400,0,0,1555200,0,0,6076,0,0,257002,0,0,0,0,6076,238052,0,0,0,0,0,4320,46233420,46626231,197808909,151014153,0,0,0,0,5940,199065600,0,0,0,0,199065600,132710400,199434240,0,6,1555200,0,4320,0,10
391,progressive-444,speed_bench_prog.jpg,packed-bgra,zune-simd,0,283086456,281305980,687908330,49,7680,4320,3,540,518400,0,0,1555200,0,0,6076,0,0,252889,0,0,0,0,6076,234476,0,0,0,0,0,4320,46160848,46589155,197301807,150549323,0,0,0,0,5940,199065600,0,0,0,0,199065600,132710400,199434240,0,6,1555200,0,4320,0,10
392,progressive-444,speed_bench_prog.jpg,packed-bgra,zune-simd,0,281573892,279720929,684032209,49,7680,4320,3,540,518400,0,0,1555200,0,0,6076,0,0,283608,0,0,0,0,6076,233235,0,0,0,0,0,4320,46335819,46727858,197556534,150661306,0,0,0,0,5940,199065600,0,0,0,0,199065600,132710400,199434240,0,6,1555200,0,4320,0,10
393,progressive-444,speed_bench_prog.jpg,packed-bgra,zune-scalar,0,281150599,279368330,683169981,49,7680,4320,3,540,518400,0,0,1555200,0,0,6076,0,0,255814,0,0,0,0,6076,232212,0,0,0,0,0,4320,45993054,46389489,197326871,150771590,0,0,0,0,5940,199065600,0,0,0,0,199065600,132710400,199434240,0,6,1555200,0,4320,0,10
394,progressive-444,speed_bench_prog.jpg,packed-bgra,zune-scalar,0,280774754,279018774,682315176,49,7680,4320,3,540,518400,0,0,1555200,0,0,6076,0,0,256007,0,0,0,0,6076,235132,0,0,0,0,0,4320,46212624,46607110,198120059,151346305,0,0,0,0,5940,199065600,0,0,0,0,199065600,132710400,199434240,0,6,1555200,0,4320,0,10
395,progressive-444,speed_bench_prog.jpg,packed-bgra,zune-scalar,0,280884270,279048370,682387524,49,7680,4320,3,540,518400,0,0,1555200,0,0,6076,0,0,253851,0,0,0,0,6076,233273,0,0,0,0,0,4320,46279003,46670289,197353503,150517622,0,0,0,0,5940,199065600,0,0,0,0,199065600,132710400,199434240,0,6,1555200,0,4320,0,10
396,progressive-444,speed_bench_prog.jpg,packed-bgra,zune-scalar,1,281378095,279586558,683703615,49,7680,4320,3,540,518400,0,0,1555200,0,0,6076,0,0,254432,0,0,0,0,6076,234320,0,0,0,0,0,4320,46150127,46545717,197698021,150957154,0,0,0,0,5940,199065600,0,0,0,0,199065600,132710400,199434240,0,6,1555200,0,4320,0,10
397,progressive-444,speed_bench_prog.jpg,packed-bgra,zune-scalar,1,283538553,281654965,688761738,49,7680,4320,3,540,518400,0,0,1555200,0,0,6076,0,0,256027,0,0,0,0,6076,229751,0,0,0,0,0,4320,46052466,46446867,197407060,150794279,0,0,0,0,5940,199065600,0,0,0,0,199065600,132710400,199434240,0,6,1555200,0,4320,0,10
398,progressive-444,speed_bench_prog.jpg,packed-bgra,zune-scalar,1,282228259,280426913,685758651,24,7680,4320,3,540,518400,0,0,1555200,0,0,6076,0,0,418095,0,0,0,0,6076,386434,0,0,0,0,0,4320,46088135,46479690,198160238,151468415,0,0,0,0,5940,199065600,0,0,0,0,199065600,132710400,199434240,0,6,1555200,0,4320,0,10
399,progressive-444,speed_bench_prog.jpg,packed-bgra,zune-simd,1,284608138,282768791,691485501,49,7680,4320,3,540,518400,0,0,1555200,0,0,6076,0,0,287584,0,0,0,0,6076,235568,0,0,0,0,0,4320,47526184,47922534,204297121,156202322,0,0,0,0,5940,199065600,0,0,0,0,199065600,132710400,199434240,0,6,1555200,0,4320,0,10
400,progressive-444,speed_bench_prog.jpg,packed-bgra,zune-simd,1,282479921,280635494,686268716,49,7680,4320,3,540,518400,0,0,1555200,0,0,6076,0,0,256062,0,0,0,0,6076,239578,0,0,0,0,0,4320,46163352,46559220,197511503,150782632,0,0,0,0,5940,199065600,0,0,0,0,199065600,132710400,199434240,0,6,1555200,0,4320,0,10
401,progressive-444,speed_bench_prog.jpg,packed-bgra,zune-simd,1,281997256,280228210,685272717,49,7680,4320,3,540,518400,0,0,1555200,0,0,6076,0,0,282223,0,0,0,0,6076,270966,0,0,0,0,0,4320,46237781,46629614,197536469,150738279,0,0,0,0,5940,199065600,0,0,0,0,199065600,132710400,199434240,0,6,1555200,0,4320,0,10
402,progressive-444,speed_bench_prog.jpg,packed-bgra,zune-simd,2,281855520,280071868,684890420,49,7680,4320,3,540,518400,0,0,1555200,0,0,6076,0,0,254350,0,0,0,0,6076,240739,0,0,0,0,0,4320,46432204,46825824,197800089,150765438,0,0,0,0,5940,199065600,0,0,0,0,199065600,132710400,199434240,0,6,1555200,0,4320,0,10
403,progressive-444,speed_bench_prog.jpg,packed-bgra,zune-simd,2,282320051,280481465,685892053,49,7680,4320,3,540,518400,0,0,1555200,0,0,6076,0,0,281700,0,0,0,0,6076,233140,0,0,0,0,0,4320,46238026,46626999,197571160,150778271,0,0,0,0,5940,199065600,0,0,0,0,199065600,132710400,199434240,0,6,1555200,0,4320,0,10
404,progressive-444,speed_bench_prog.jpg,packed-bgra,zune-simd,2,281452214,279668372,683903706,49,7680,4320,3,540,518400,0,0,1555200,0,0,6076,0,0,253295,0,0,0,0,6076,234640,0,0,0,0,0,4320,46129269,46520990,197042524,150355481,0,0,0,0,5940,199065600,0,0,0,0,199065600,132710400,199434240,0,6,1555200,0,4320,0,10
405,progressive-444,speed_bench_prog.jpg,packed-bgra,zune-scalar,2,282220935,280430640,685767715,49,7680,4320,3,540,518400,0,0,1555200,0,0,6076,0,0,254100,0,0,0,0,6076,230280,0,0,0,0,0,4320,46362379,46762953,197782963,150852376,0,0,0,0,5940,199065600,0,0,0,0,199065600,132710400,199434240,0,6,1555200,0,4320,0,10
406,progressive-444,speed_bench_prog.jpg,packed-bgra,zune-scalar,2,281971919,280152309,685087130,49,7680,4320,3,540,518400,0,0,1555200,0,0,6076,0,0,256690,0,0,0,0,6076,234167,0,0,0,0,0,4320,46420986,46837937,197579932,150574306,0,0,0,0,5940,199065600,0,0,0,0,199065600,132710400,199434240,0,6,1555200,0,4320,0,10
407,progressive-444,speed_bench_prog.jpg,packed-bgra,zune-scalar,2,281288277,279510967,683518762,49,7680,4320,3,540,518400,0,0,1555200,0,0,6076,0,0,254208,0,0,0,0,6076,235800,0,0,0,0,0,4320,46635010,47025923,197849579,150657483,0,0,0,0,5940,199065600,0,0,0,0,199065600,132710400,199434240,0,6,1555200,0,4320,0,10
408,progressive-444,speed_bench_prog.jpg,packed-bgra,zune-scalar,3,281983731,280206851,685220508,49,7680,4320,3,540,518400,0,0,1555200,0,0,6076,0,0,255428,0,0,0,0,6076,233749,0,0,0,0,0,4320,46191355,46587988,197630475,150849073,0,0,0,0,5940,199065600,0,0,0,0,199065600,132710400,199434240,0,6,1555200,0,4320,0,10
409,progressive-444,speed_bench_prog.jpg,packed-bgra,zune-scalar,3,280980401,279137296,682604986,24,7680,4320,3,540,518400,0,0,1555200,0,0,6076,0,0,405116,0,0,0,0,6076,388691,0,0,0,0,0,4320,46544965,46965914,197866263,150733281,0,0,0,0,5940,199065600,0,0,0,0,199065600,132710400,199434240,0,6,1555200,0,4320,0,10
410,progressive-444,speed_bench_prog.jpg,packed-bgra,zune-scalar,3,281017490,279234509,682842710,49,7680,4320,3,540,518400,0,0,1555200,0,0,6076,0,0,309043,0,0,0,0,6076,231532,0,0,0,0,0,4320,46237470,46631496,197364626,150537670,0,0,0,0,5940,199065600,0,0,0,0,199065600,132710400,199434240,0,6,1555200,0,4320,0,10
411,progressive-444,speed_bench_prog.jpg,packed-bgra,zune-simd,3,280814209,279037980,682362118,49,7680,4320,3,540,518400,0,0,1555200,0,0,6076,0,0,253568,0,0,0,0,6076,230503,0,0,0,0,0,4320,45983518,46373375,197115215,150575273,0,0,0,0,5940,199065600,0,0,0,0,199065600,132710400,199434240,0,6,1555200,0,4320,0,10
412,progressive-444,speed_bench_prog.jpg,packed-bgra,zune-simd,3,280815942,279029575,682341586,49,7680,4320,3,540,518400,0,0,1555200,0,0,6076,0,0,253524,0,0,0,0,6076,230574,0,0,0,0,0,4320,46453002,46842064,197637066,150631309,0,0,0,0,5940,199065600,0,0,0,0,199065600,132710400,199434240,0,6,1555200,0,4320,0,10
413,progressive-444,speed_bench_prog.jpg,packed-bgra,zune-simd,3,282679404,280888508,686887439,49,7680,4320,3,540,518400,0,0,1555200,0,0,6076,0,0,255464,0,0,0,0,6076,233930,0,0,0,0,0,4320,46331342,46725082,197773629,150881208,0,0,0,0,5940,199065600,0,0,0,0,199065600,132710400,199434240,0,6,1555200,0,4320,0,10
414,progressive-444,speed_bench_prog.jpg,packed-bgra,zune-simd,4,281883152,280094190,684944981,49,7680,4320,3,540,518400,0,0,1555200,0,0,6076,0,0,254643,0,0,0,0,6076,236946,0,0,0,0,0,4320,46575233,47003404,198863829,151688247,0,0,0,0,5940,199065600,0,0,0,0,199065600,132710400,199434240,0,6,1555200,0,4320,0,10
415,progressive-444,speed_bench_prog.jpg,packed-bgra,zune-simd,4,282061847,280282903,685406463,49,7680,4320,3,540,518400,0,0,1555200,0,0,6076,0,0,257660,0,0,0,0,6076,234147,0,0,0,0,0,4320,46228743,46622331,197501605,150711691,0,0,0,0,5940,199065600,0,0,0,0,199065600,132710400,199434240,0,6,1555200,0,4320,0,10
416,progressive-444,speed_bench_prog.jpg,packed-bgra,zune-simd,4,282982431,281179934,687600071,49,7680,4320,3,540,518400,0,0,1555200,0,0,6076,0,0,254926,0,0,0,0,6076,258611,0,0,0,0,0,4320,46543646,46940379,198722440,151615913,0,0,0,0,5940,199065600,0,0,0,0,199065600,132710400,199434240,0,6,1555200,0,4320,0,10
417,progressive-444,speed_bench_prog.jpg,packed-bgra,zune-scalar,4,281742298,279968124,684636697,49,7680,4320,3,540,518400,0,0,1555200,0,0,6076,0,0,285128,0,0,0,0,6076,234240,0,0,0,0,0,4320,46126021,46517433,197650001,150963437,0,0,0,0,5940,199065600,0,0,0,0,199065600,132710400,199434240,0,6,1555200,0,4320,0,10
418,progressive-444,speed_bench_prog.jpg,packed-bgra,zune-scalar,4,282714396,280910698,686941805,49,7680,4320,3,540,518400,0,0,1555200,0,0,6076,0,0,281945,0,0,0,0,6076,234356,0,0,0,0,0,4320,46200749,46594927,197641182,150881860,0,0,0,0,5940,199065600,0,0,0,0,199065600,132710400,199434240,0,6,1555200,0,4320,0,10
419,progressive-444,speed_bench_prog.jpg,packed-bgra,zune-scalar,4,303753870,301860501,738172677,49,7680,4320,3,540,518400,0,0,1555200,0,0,6076,0,0,252988,0,0,0,0,6076,233505,0,0,0,0,0,4320,46624306,47045187,197982222,150770397,0,0,0,0,5940,199065600,0,0,0,0,199065600,132710400,199434240,0,6,1555200,0,4320,0,10
420,progressive-444,speed_bench_prog.jpg,scanlines-bgra,zune-simd,0,331118442,329840527,806595297,49,7680,4320,3,540,518400,0,0,1555200,0,0,6076,0,0,259945,0,0,0,0,6076,233119,0,0,0,0,0,4320,29157352,29560344,190968013,152256423,77,0,0,0,5940,199065600,0,0,0,0,199065600,132710400,398407680,928972800,1624,1555200,0,4320,540,10
421,progressive-444,speed_bench_prog.jpg,scanlines-bgra,zune-simd,0,331133118,329869310,806665709,49,7680,4320,3,540,518400,0,0,1555200,0,0,6076,0,0,257614,0,0,0,0,6076,284861,0,0,0,0,0,4320,29413567,29816513,189528879,150871884,77,0,0,0,5940,199065600,0,0,0,0,199065600,132710400,398407680,928972800,1624,1555200,0,4320,540,10
422,progressive-444,speed_bench_prog.jpg,scanlines-bgra,zune-simd,0,331563756,330303505,807727490,49,7680,4320,3,540,518400,0,0,1555200,0,0,6076,0,0,286173,0,0,0,0,6076,232710,0,0,0,0,0,4320,28863775,29259095,189607605,151393533,77,0,0,0,5940,199065600,0,0,0,0,199065600,132710400,398407680,928972800,1624,1555200,0,4320,540,10
423,progressive-444,speed_bench_prog.jpg,scanlines-bgra,zune-scalar,0,332987604,331718004,811186499,49,7680,4320,3,540,518400,0,0,1555200,0,0,6076,0,0,261415,0,0,0,0,6076,266864,0,0,0,0,0,4320,29653885,30055141,192469584,153177949,77,0,0,0,5940,199065600,0,0,0,0,199065600,132710400,398407680,928972800,1624,1555200,0,4320,540,10
424,progressive-444,speed_bench_prog.jpg,scanlines-bgra,zune-scalar,0,331087263,329828705,806566411,49,7680,4320,3,540,518400,0,0,1555200,0,0,6076,0,0,257116,0,0,0,0,6076,236344,0,0,0,0,0,4320,28772597,29168367,189144905,151353589,77,0,0,0,5940,199065600,0,0,0,0,199065600,132710400,398407680,928972800,1624,1555200,0,4320,540,10
425,progressive-444,speed_bench_prog.jpg,scanlines-bgra,zune-scalar,0,330293546,328746247,803919333,49,7680,4320,3,540,518400,0,0,1555200,0,0,6076,0,0,256553,0,0,0,0,6076,234532,0,0,0,0,0,4320,29264115,29688045,189658622,151143317,77,0,0,0,5940,199065600,0,0,0,0,199065600,132710400,398407680,928972800,1624,1555200,0,4320,540,10
426,progressive-444,speed_bench_prog.jpg,scanlines-bgra,zune-scalar,1,330685399,329409119,805540327,49,7680,4320,3,540,518400,0,0,1555200,0,0,6076,0,0,256610,0,0,0,0,6076,237825,0,0,0,0,0,4320,28770062,29171506,189460814,151465611,77,0,0,0,5940,199065600,0,0,0,0,199065600,132710400,398407680,928972800,1624,1555200,0,4320,540,10
427,progressive-444,speed_bench_prog.jpg,scanlines-bgra,zune-scalar,1,330617032,329362732,805426867,49,7680,4320,3,540,518400,0,0,1555200,0,0,6076,0,0,258763,0,0,0,0,6076,234551,0,0,0,0,0,4320,29358428,29758860,189915435,151344712,77,0,0,0,5940,199065600,0,0,0,0,199065600,132710400,398407680,928972800,1624,1555200,0,4320,540,10
428,progressive-444,speed_bench_prog.jpg,scanlines-bgra,zune-scalar,1,332490201,330957299,809326238,49,7680,4320,3,540,518400,0,0,1555200,0,0,6076,0,0,260135,0,0,0,0,6076,229697,0,0,0,0,0,4320,28865851,29260407,189770559,151558624,77,0,0,0,5940,199065600,0,0,0,0,199065600,132710400,398407680,928972800,1624,1555200,0,4320,540,10
429,progressive-444,speed_bench_prog.jpg,scanlines-bgra,zune-simd,1,331029344,329768191,806418406,49,7680,4320,3,540,518400,0,0,1555200,0,0,6076,0,0,257885,0,0,0,0,6076,236063,0,0,0,0,0,4320,28797045,29197103,189404517,151415565,77,0,0,0,5940,199065600,0,0,0,0,199065600,132710400,398407680,928972800,1624,1555200,0,4320,540,10
430,progressive-444,speed_bench_prog.jpg,scanlines-bgra,zune-simd,1,330815083,329538441,805856573,49,7680,4320,3,540,518400,0,0,1555200,0,0,6076,0,0,283090,0,0,0,0,6076,235182,0,0,0,0,0,4320,29271185,29673225,189436184,151085550,77,0,0,0,5940,199065600,0,0,0,0,199065600,132710400,398407680,928972800,1624,1555200,0,4320,540,10
431,progressive-444,speed_bench_prog.jpg,scanlines-bgra,zune-simd,1,331451986,330166628,807392747,49,7680,4320,3,540,518400,0,0,1555200,0,0,6076,0,0,259892,0,0,0,0,6076,232705,0,0,0,0,0,4320,28932650,29331856,189831961,151404906,77,0,0,0,5940,199065600,0,0,0,0,199065600,132710400,398407680,928972800,1624,1555200,0,4320,540,10
432,progressive-444,speed_bench_prog.jpg,scanlines-bgra,zune-simd,2,330917434,329150454,804907786,49,7680,4320,3,540,518400,0,0,1555200,0,0,6076,0,0,257712,0,0,0,0,6076,239536,0,0,0,0,0,4320,28974966,29370857,189484164,151227823,77,0,0,0,5940,199065600,0,0,0,0,199065600,132710400,398407680,928972800,1624,1555200,0,4320,540,10
433,progressive-444,speed_bench_prog.jpg,scanlines-bgra,zune-simd,2,331219972,329957767,806882020,49,7680,4320,3,540,518400,0,0,1555200,0,0,6076,0,0,260223,0,0,0,0,6076,259973,0,0,0,0,0,4320,28831759,29226445,189226858,151362113,77,0,0,0,5940,199065600,0,0,0,0,199065600,132710400,398407680,928972800,1624,1555200,0,4320,540,10
434,progressive-444,speed_bench_prog.jpg,scanlines-bgra,zune-simd,2,330895443,329359385,805418733,49,7680,4320,3,540,518400,0,0,1555200,0,0,6076,0,0,259119,0,0,0,0,6076,266402,0,0,0,0,0,4320,28841006,29242277,189414558,151341549,77,0,0,0,5940,199065600,0,0,0,0,199065600,132710400,398407680,928972800,1624,1555200,0,4320,540,10
435,progressive-444,speed_bench_prog.jpg,scanlines-bgra,zune-scalar,2,343827723,342542946,837657915,49,7680,4320,3,540,518400,0,0,1555200,0,0,6076,0,0,263681,0,0,0,0,6076,243349,0,0,0,0,0,4320,30121953,30531701,193443935,153891335,77,0,0,0,5940,199065600,0,0,0,0,199065600,132710400,398407680,928972800,1624,1555200,0,4320,540,10
436,progressive-444,speed_bench_prog.jpg,scanlines-bgra,zune-scalar,2,330569212,329279195,805222635,49,7680,4320,3,540,518400,0,0,1555200,0,0,6076,0,0,262824,0,0,0,0,6076,230945,0,0,0,0,0,4320,29188124,29582940,189261789,151010819,77,0,0,0,5940,199065600,0,0,0,0,199065600,132710400,398407680,928972800,1624,1555200,0,4320,540,10
437,progressive-444,speed_bench_prog.jpg,scanlines-bgra,zune-scalar,2,344650315,343375677,839694307,49,7680,4320,3,540,518400,0,0,1555200,0,0,6076,0,0,261223,0,0,0,0,6076,240837,0,0,0,0,0,4320,29586724,29995858,192959212,153834658,77,0,0,0,5940,199065600,0,0,0,0,199065600,132710400,398407680,928972800,1624,1555200,0,4320,540,10
438,progressive-444,speed_bench_prog.jpg,scanlines-bgra,zune-scalar,3,331584384,330306850,807735649,49,7680,4320,3,540,518400,0,0,1555200,0,0,6076,0,0,264407,0,0,0,0,6076,235781,0,0,0,0,0,4320,29284454,29687658,189860714,151320241,77,0,0,0,5940,199065600,0,0,0,0,199065600,132710400,398407680,928972800,1624,1555200,0,4320,540,10
439,progressive-444,speed_bench_prog.jpg,scanlines-bgra,zune-scalar,3,342770072,341505353,835120598,49,7680,4320,3,540,518400,0,0,1555200,0,0,6076,0,0,257259,0,0,0,0,6076,232195,0,0,0,0,0,4320,28980789,29381490,190064753,152024853,77,0,0,0,5940,199065600,0,0,0,0,199065600,132710400,398407680,928972800,1624,1555200,0,4320,540,10
440,progressive-444,speed_bench_prog.jpg,scanlines-bgra,zune-scalar,3,333778708,332229295,812436929,49,7680,4320,3,540,518400,0,0,1555200,0,0,6076,0,0,258101,0,0,0,0,6076,237505,0,0,0,0,0,4320,29373437,29801413,191282958,152456501,77,0,0,0,5940,199065600,0,0,0,0,199065600,132710400,398407680,928972800,1624,1555200,0,4320,540,10
441,progressive-444,speed_bench_prog.jpg,scanlines-bgra,zune-simd,3,334756530,333080941,814519650,49,7680,4320,3,540,518400,0,0,1555200,0,0,6076,0,0,255560,0,0,0,0,6076,240308,0,0,0,0,0,4320,29110393,29510694,189664090,151324259,77,0,0,0,5940,199065600,0,0,0,0,199065600,132710400,398407680,928972800,1624,1555200,0,4320,540,10
442,progressive-444,speed_bench_prog.jpg,scanlines-bgra,zune-simd,3,333250959,331688112,811113611,49,7680,4320,3,540,518400,0,0,1555200,0,0,6076,0,0,260037,0,0,0,0,6076,237852,0,0,0,0,0,4320,29532186,29960700,190215865,151404857,77,0,0,0,5940,199065600,0,0,0,0,199065600,132710400,398407680,928972800,1624,1555200,0,4320,540,10
443,progressive-444,speed_bench_prog.jpg,scanlines-bgra,zune-simd,3,333026419,331750889,811267299,49,7680,4320,3,540,518400,0,0,1555200,0,0,6076,0,0,309674,0,0,0,0,6076,234669,0,0,0,0,0,4320,28991221,29439530,189171902,151194326,77,0,0,0,5940,199065600,0,0,0,0,199065600,132710400,398407680,928972800,1624,1555200,0,4320,540,10
444,progressive-444,speed_bench_prog.jpg,scanlines-bgra,zune-simd,4,332065549,330804807,808953569,49,7680,4320,3,540,518400,0,0,1555200,0,0,6076,0,0,257961,0,0,0,0,6076,260563,0,0,0,0,0,4320,29211522,29612194,189880150,151318348,77,0,0,0,5940,199065600,0,0,0,0,199065600,132710400,398407680,928972800,1624,1555200,0,4320,540,10
445,progressive-444,speed_bench_prog.jpg,scanlines-bgra,zune-simd,4,332082742,330832980,809022462,49,7680,4320,3,540,518400,0,0,1555200,0,0,6076,0,0,257831,0,0,0,0,6076,235424,0,0,0,0,0,4320,29225409,29623688,189160078,150930802,77,0,0,0,5940,199065600,0,0,0,0,199065600,132710400,398407680,928972800,1624,1555200,0,4320,540,10
446,progressive-444,speed_bench_prog.jpg,scanlines-bgra,zune-simd,4,331298172,329860237,806643659,49,7680,4320,3,540,518400,0,0,1555200,0,0,6076,0,0,256735,0,0,0,0,6076,233096,0,0,0,0,0,4320,29188000,29613298,189547502,151296278,77,0,0,0,5940,199065600,0,0,0,0,199065600,132710400,398407680,928972800,1624,1555200,0,4320,540,10
447,progressive-444,speed_bench_prog.jpg,scanlines-bgra,zune-scalar,4,331264578,329999769,806984895,49,7680,4320,3,540,518400,0,0,1555200,0,0,6076,0,0,257794,0,0,0,0,6076,270294,0,0,0,0,0,4320,29109746,29514307,189548001,151369269,77,0,0,0,5940,199065600,0,0,0,0,199065600,132710400,398407680,928972800,1624,1555200,0,4320,540,10
448,progressive-444,speed_bench_prog.jpg,scanlines-bgra,zune-scalar,4,333115887,331874120,811568478,49,7680,4320,3,540,518400,0,0,1555200,0,0,6076,0,0,283878,0,0,0,0,6076,230008,0,0,0,0,0,4320,28720224,29116940,188874361,151130180,77,0,0,0,5940,199065600,0,0,0,0,199065600,132710400,398407680,928972800,1624,1555200,0,4320,540,10
449,progressive-444,speed_bench_prog.jpg,scanlines-bgra,zune-scalar,4,330585116,329293646,805258160,49,7680,4320,3,540,518400,0,0,1555200,0,0,6076,0,0,256646,0,0,0,0,6076,234472,0,0,0,0,0,4320,28657325,29053839,189050303,151341551,77,0,0,0,5940,199065600,0,0,0,0,199065600,132710400,398407680,928972800,1624,1555200,0,4320,540,10
450,progressive-444,speed_bench_prog.jpg,raw,zune-simd,0,456783188,454630775,1111758868,49,7680,4320,3,540,518400,0,0,1558080,0,0,6088,0,0,341451,0,0,0,0,6088,385911,0,0,0,0,0,0,0,0,232189542,197056336,77,0,0,0,5941,199434240,99717120,23862582,0,0,0,0,398499840,928972800,1626,1558080,0,0,541,10
451,progressive-444,speed_bench_prog.jpg,raw,zune-simd,0,479341609,477541957,1167786057,49,7680,4320,3,540,518400,0,0,1558080,0,0,6088,0,0,385990,0,0,0,0,6088,386831,0,0,0,0,0,0,0,0,232694284,197436106,77,0,0,0,5941,199434240,99717120,23982801,0,0,0,0,398499840,928972800,1626,1558080,0,0,541,10
452,progressive-444,speed_bench_prog.jpg,raw,zune-simd,0,407841639,406469078,993983743,49,7680,4320,3,540,518400,0,0,1558080,0,0,6088,0,0,272564,0,0,0,0,6088,250198,0,0,0,0,0,0,0,0,181641822,157407298,77,0,0,0,5941,199434240,99717120,14625051,0,0,0,0,398499840,928972800,1626,1558080,0,0,541,10
453,progressive-444,speed_bench_prog.jpg,raw,zune-scalar,0,350994781,349768514,855327609,49,7680,4320,3,540,518400,0,0,1558080,0,0,6088,0,0,349888,0,0,0,0,6088,260206,0,0,0,0,0,0,0,0,184764067,159772776,77,0,0,0,5941,199434240,99717120,15092021,0,0,0,0,398499840,928972800,1626,1558080,0,0,541,10
454,progressive-444,speed_bench_prog.jpg,raw,zune-scalar,0,354696136,353130101,863548021,49,7680,4320,3,540,518400,0,0,1558080,0,0,6088,0,0,273076,0,0,0,0,6088,258540,0,0,0,0,0,0,0,0,186096531,160541024,77,0,0,0,5941,199434240,99717120,15456361,0,0,0,0,398499840,928972800,1626,1558080,0,0,541,10
455,progressive-444,speed_bench_prog.jpg,raw,zune-scalar,0,338086178,336849691,823735766,49,7680,4320,3,540,518400,0,0,1558080,0,0,6088,0,0,274230,0,0,0,0,6088,256648,0,0,0,0,0,0,0,0,186832914,160688663,77,0,0,0,5941,199434240,99717120,15890651,0,0,0,0,398499840,928972800,1626,1558080,0,0,541,10
456,progressive-444,speed_bench_prog.jpg,raw,zune-scalar,1,324299870,323041413,789968862,24,7680,4320,3,540,518400,0,0,1558080,0,0,6088,0,0,446043,0,0,0,0,6088,382499,0,0,0,0,0,0,0,0,175920403,152991884,77,0,0,0,5941,199434240,99717120,13412796,0,0,0,0,398499840,928972800,1626,1558080,0,0,541,10
457,progressive-444,speed_bench_prog.jpg,raw,zune-scalar,1,324194342,322949421,789743902,49,7680,4320,3,540,518400,0,0,1558080,0,0,6088,0,0,288788,0,0,0,0,6088,234928,0,0,0,0,0,0,0,0,174792825,152343106,77,0,0,0,5941,199434240,99717120,13243739,0,0,0,0,398499840,928972800,1626,1558080,0,0,541,10
458,progressive-444,speed_bench_prog.jpg,raw,zune-scalar,1,324486470,323225849,790419931,49,7680,4320,3,540,518400,0,0,1558080,0,0,6088,0,0,255722,0,0,0,0,6088,230915,0,0,0,0,0,0,0,0,174153009,151993692,77,0,0,0,5941,199434240,99717120,13053528,0,0,0,0,398499840,928972800,1626,1558080,0,0,541,10
459,progressive-444,speed_bench_prog.jpg,raw,zune-simd,1,324500727,323189650,790331388,49,7680,4320,3,540,518400,0,0,1558080,0,0,6088,0,0,257475,0,0,0,0,6088,229682,0,0,0,0,0,0,0,0,174080877,151567405,77,0,0,0,5941,199434240,99717120,13280728,0,0,0,0,398499840,928972800,1626,1558080,0,0,541,10
460,progressive-444,speed_bench_prog.jpg,raw,zune-simd,1,324160991,322920837,789673980,49,7680,4320,3,540,518400,0,0,1558080,0,0,6088,0,0,260961,0,0,0,0,6088,264858,0,0,0,0,0,0,0,0,174263121,152002902,77,0,0,0,5941,199434240,99717120,13060213,0,0,0,0,398499840,928972800,1626,1558080,0,0,541,10
461,progressive-444,speed_bench_prog.jpg,raw,zune-simd,1,323978785,322656528,789027474,49,7680,4320,3,540,518400,0,0,1558080,0,0,6088,0,0,258343,0,0,0,0,6088,231705,0,0,0,0,0,0,0,0,174140833,151957469,77,0,0,0,5941,199434240,99717120,12995355,0,0,0,0,398499840,928972800,1626,1558080,0,0,541,10
462,progressive-444,speed_bench_prog.jpg,raw,zune-simd,2,325972445,324743012,794129574,49,7680,4320,3,540,518400,0,0,1558080,0,0,6088,0,0,261353,0,0,0,0,6088,286393,0,0,0,0,0,0,0,0,174106228,151989755,77,0,0,0,5941,199434240,99717120,13055453,0,0,0,0,398499840,928972800,1626,1558080,0,0,541,10
463,progressive-444,speed_bench_prog.jpg,raw,zune-simd,2,336315207,334220181,817305153,49,7680,4320,3,540,518400,0,0,1558080,0,0,6088,0,0,294142,0,0,0,0,6088,298648,0,0,0,0,0,0,0,0,200991027,172773543,77,0,0,0,5941,199434240,99717120,17963773,0,0,0,0,398499840,928972800,1626,1558080,0,0,541,10
464,progressive-444,speed_bench_prog.jpg,raw,zune-simd,2,328246446,326779668,799110008,49,7680,4320,3,540,518400,0,0,1558080,0,0,6088,0,0,256883,0,0,0,0,6088,229213,0,0,0,0,0,0,0,0,174229335,151805184,77,0,0,0,5941,199434240,99717120,13214985,0,0,0,0,398499840,928972800,1626,1558080,0,0,541,10
465,progressive-444,speed_bench_prog.jpg,raw,zune-scalar,2,324235570,323010565,789893058,49,7680,4320,3,540,518400,0,0,1558080,0,0,6088,0,0,257001,0,0,0,0,6088,284247,0,0,0,0,0,0,0,0,174624735,152273497,77,0,0,0,5941,199434240,99717120,13189753,0,0,0,0,398499840,928972800,1626,1558080,0,0,541,10
466,progressive-444,speed_bench_prog.jpg,raw,zune-scalar,2,323564132,322341070,788255821,49,7680,4320,3,540,518400,0,0,1558080,0,0,6088,0,0,258664,0,0,0,0,6088,228249,0,0,0,0,0,0,0,0,174092023,151790676,77,0,0,0,5941,199434240,99717120,13172308,0,0,0,0,398499840,928972800,1626,1558080,0,0,541,10
467,progressive-444,speed_bench_prog.jpg,raw,zune-scalar,2,324341710,323133706,790194164,49,7680,4320,3,540,518400,0,0,1558080,0,0,6088,0,0,259434,0,0,0,0,6088,271843,0,0,0,0,0,0,0,0,174112699,151834921,77,0,0,0,5941,199434240,99717120,13149335,0,0,0,0,398499840,928972800,1626,1558080,0,0,541,10
468,progressive-444,speed_bench_prog.jpg,raw,zune-scalar,3,344224639,342993301,838758995,49,7680,4320,3,540,518400,0,0,1558080,0,0,6088,0,0,287085,0,0,0,0,6088,233662,0,0,0,0,0,0,0,0,174463462,152011193,77,0,0,0,5941,199434240,99717120,13237553,0,0,0,0,398499840,928972800,1626,1558080,0,0,541,10
469,progressive-444,speed_bench_prog.jpg,raw,zune-scalar,3,324836176,323393523,790829522,49,7680,4320,3,540,518400,0,0,1558080,0,0,6088,0,0,283410,0,0,0,0,6088,260508,0,0,0,0,0,0,0,0,173999546,151541015,77,0,0,0,5941,199434240,99717120,13327683,0,0,0,0,398499840,928972800,1626,1558080,0,0,541,10
470,progressive-444,speed_bench_prog.jpg,raw,zune-scalar,3,323783694,322552938,788773972,49,7680,4320,3,540,518400,0,0,1558080,0,0,6088,0,0,287869,0,0,0,0,6088,235456,0,0,0,0,0,0,0,0,173514359,151492051,77,0,0,0,5941,199434240,99717120,13001193,0,0,0,0,398499840,928972800,1626,1558080,0,0,541,10
471,progressive-444,speed_bench_prog.jpg,raw,zune-simd,3,323596423,322352102,788282796,49,7680,4320,3,540,518400,0,0,1558080,0,0,6088,0,0,287620,0,0,0,0,6088,268738,0,0,0,0,0,0,0,0,174007358,151502094,77,0,0,0,5941,199434240,99717120,13266305,0,0,0,0,398499840,928972800,1626,1558080,0,0,541,10
472,progressive-444,speed_bench_prog.jpg,raw,zune-simd,3,324277470,322754726,789267402,49,7680,4320,3,540,518400,0,0,1558080,0,0,6088,0,0,256761,0,0,0,0,6088,230348,0,0,0,0,0,0,0,0,174246266,151675462,77,0,0,0,5941,199434240,99717120,13249024,0,0,0,0,398499840,928972800,1626,1558080,0,0,541,10
473,progressive-444,speed_bench_prog.jpg,raw,zune-simd,3,325582996,324349525,793167312,49,7680,4320,3,540,518400,0,0,1558080,0,0,6088,0,0,259241,0,0,0,0,6088,232495,0,0,0,0,0,0,0,0,174082430,151916460,77,0,0,0,5941,199434240,99717120,12989092,0,0,0,0,398499840,928972800,1626,1558080,0,0,541,10
474,progressive-444,speed_bench_prog.jpg,raw,zune-simd,4,325901943,324659545,793925465,49,7680,4320,3,540,518400,0,0,1558080,0,0,6088,0,0,257029,0,0,0,0,6088,232858,0,0,0,0,0,0,0,0,173807112,151390892,77,0,0,0,5941,199434240,99717120,13281030,0,0,0,0,398499840,928972800,1626,1558080,0,0,541,10
475,progressive-444,speed_bench_prog.jpg,raw,zune-simd,4,325722818,324155250,792692306,49,7680,4320,3,540,518400,0,0,1558080,0,0,6088,0,0,258533,0,0,0,0,6088,229026,0,0,0,0,0,0,0,0,174590860,151884215,77,0,0,0,5941,199434240,99717120,13336822,0,0,0,0,398499840,928972800,1626,1558080,0,0,541,10
476,progressive-444,speed_bench_prog.jpg,raw,zune-simd,4,326539648,324976159,794699713,49,7680,4320,3,540,518400,0,0,1558080,0,0,6088,0,0,285228,0,0,0,0,6088,232224,0,0,0,0,0,0,0,0,175262414,152424836,77,0,0,0,5941,199434240,99717120,13478278,0,0,0,0,398499840,928972800,1626,1558080,0,0,541,10
477,progressive-444,speed_bench_prog.jpg,raw,zune-scalar,4,325541868,324255168,792936596,49,7680,4320,3,540,518400,0,0,1558080,0,0,6088,0,0,255766,0,0,0,0,6088,233651,0,0,0,0,0,0,0,0,174050971,151520330,77,0,0,0,5941,199434240,99717120,13252935,0,0,0,0,398499840,928972800,1626,1558080,0,0,541,10
478,progressive-444,speed_bench_prog.jpg,raw,zune-scalar,4,324866253,323309455,790623918,49,7680,4320,3,540,518400,0,0,1558080,0,0,6088,0,0,258006,0,0,0,0,6088,323820,0,0,0,0,0,0,0,0,173892438,151381542,77,0,0,0,5941,199434240,99717120,13440887,0,0,0,0,398499840,928972800,1626,1558080,0,0,541,10
479,progressive-444,speed_bench_prog.jpg,raw,zune-scalar,4,331489234,329656059,806144006,49,7680,4320,3,540,518400,0,0,1558080,0,0,6088,0,0,358709,0,0,0,0,6088,261105,0,0,0,0,0,0,0,0,186414712,161231457,77,0,0,0,5941,199434240,99717120,15438677,0,0,0,0,398499840,928972800,1626,1558080,0,0,541,10
480,progressive-422,speed_bench_prog_h_sampling.jpg,packed-bgra,zune-simd,0,234961539,233323178,570570725,49,7680,4320,3,540,259200,0,0,1036800,0,0,4050,0,0,230103,0,0,0,0,4050,156175,540,1080,0,0,8521890,4320,46314925,55282706,169588142,113876792,0,0,0,0,5940,132710400,0,0,0,199065600,199065600,132710400,132956160,0,6,1036800,1620,4320,0,10
481,progressive-422,speed_bench_prog_h_sampling.jpg,packed-bgra,zune-simd,0,236824911,235155953,575052608,49,7680,4320,3,540,259200,0,0,1036800,0,0,4050,0,0,228029,0,0,0,0,4050,161647,540,1080,0,0,8669231,4320,46536063,55668611,170320986,114245130,0,0,0,0,5940,132710400,0,0,0,199065600,199065600,132710400,132956160,0,6,1036800,1620,4320,0,10
482,progressive-422,speed_bench_prog_h_sampling.jpg,packed-bgra,zune-simd,0,234040352,232396322,568304156,49,7680,4320,3,540,259200,0,0,1036800,0,0,4050,0,0,231727,0,0,0,0,4050,163634,540,1080,0,0,8593378,4320,46323265,55409290,170248981,114437941,0,0,0,0,5940,132710400,0,0,0,199065600,199065600,132710400,132956160,0,6,1036800,1620,4320,0,10
483,progressive-422,speed_bench_prog_h_sampling.jpg,packed-bgra,zune-scalar,0,233937671,232327403,568135621,49,7680,4320,3,540,259200,0,0,1036800,0,0,4050,0,0,232450,0,0,0,0,4050,159914,540,1080,0,0,8497798,4320,46503192,55456283,169986684,114119678,0,0,0,0,5940,132710400,0,0,0,199065600,199065600,132710400,132956160,0,6,1036800,1620,4320,0,10
484,progressive-422,speed_bench_prog_h_sampling.jpg,packed-bgra,zune-scalar,0,257817098,256152278,626397208,49,7680,4320,3,540,259200,0,0,1036800,0,0,4050,0,0,230290,0,0,0,0,4050,159413,540,1080,0,0,8534056,4320,46095177,55099247,169739308,114229663,0,0,0,0,5940,132710400,0,0,0,199065600,199065600,132710400,132956160,0,6,1036800,1620,4320,0,10
485,progressive-422,speed_bench_prog_h_sampling.jpg,packed-bgra,zune-scalar,0,237021639,235368481,575572302,49,7680,4320,3,540,259200,0,0,1036800,0,0,4050,0,0,230821,0,0,0,0,4050,153980,540,1080,0,0,8872065,4320,46984079,56313901,171018330,114294262,0,0,0,0,5940,132710400,0,0,0,199065600,199065600,132710400,132956160,0,6,1036800,1620,4320,0,10
486,progressive-422,speed_bench_prog_h_sampling.jpg,packed-bgra,zune-scalar,1,234600993,232960495,569685392,49,7680,4320,3,540,259200,0,0,1036800,0,0,4050,0,0,230326,0,0,0,0,4050,157758,540,1080,0,0,8544015,4320,46466848,55479498,170130646,114246446,0,0,0,0,5940,132710400,0,0,0,199065600,199065600,132710400,132956160,0,6,1036800,1620,4320,0,10
487,progressive-422,speed_bench_prog_h_sampling.jpg,packed-bgra,zune-scalar,1,234018944,232230348,567900224,24,7680,4320,3,540,259200,0,0,1036800,0,0,4050,0,0,366757,0,0,0,0,4050,263845,540,1080,0,0,8551661,4320,46596981,55605888,170546191,114524407,0,0,0,0,5940,132710400,0,0,0,199065600,199065600,132710400,132956160,0,6,1036800,1620,4320,0,10
488,progressive-422,speed_bench_prog_h_sampling.jpg,packed-bgra,zune-scalar,1,234112058,232464356,568472446,49,7680,4320,3,540,259200,0,0,1036800,0,0,4050,0,0,234715,0,0,0,0,4050,161290,540,1080,0,0,8625058,4320,46648027,55788706,170881498,114680086,0,0,0,0,5940,132710400,0,0,0,199065600,199065600,132710400,132956160,0,6,1036800,1620,4320,0,10
489,progressive-422,speed_bench_prog_h_sampling.jpg,packed-bgra,zune-simd,1,233956647,232101026,567583954,49,7680,4320,3,540,259200,0,0,1036800,0,0,4050,0,0,233676,0,0,0,0,4050,157545,540,1080,0,0,8716530,4320,46342358,55501301,170306238,114408421,0,0,0,0,5940,132710400,0,0,0,199065600,199065600,132710400,132956160,0,6,1036800,1620,4320,0,10
490,progressive-422,speed_bench_prog_h_sampling.jpg,packed-bgra,zune-simd,1,235208188,233582187,571206009,49,7680,4320,3,540,259200,0,0,1036800,0,0,4050,0,0,234946,0,0,0,0,4050,165538,540,1080,0,0,8634193,4320,46309380,55401047,171527857,115710050,0,0,0,0,5940,132710400,0,0,0,199065600,199065600,132710400,132956160,0,6,1036800,1620,4320,0,10
491,progressive-422,speed_bench_prog_h_sampling.jpg,packed-bgra,zune-simd,1,233958601,232296552,568062096,49,7680,4320,3,540,259200,0,0,1036800,0,0,4050,0,0,232800,0,0,0,0,4050,186148,540,1080,0,0,8524956,4320,46420329,55452075,169774220,113912209,0,0,0,0,5940,132710400,0,0,0,199065600,199065600,132710400,132956160,0,6,1036800,1620,4320,0,10
492,progressive-422,speed_bench_prog_h_sampling.jpg,packed-bgra,zune-simd,2,233956046,232323994,568129202,49,7680,4320,3,540,259200,0,0,1036800,0,0,4050,0,0,230156,0,0,0,0,4050,160896,540,1080,0,0,8426670,4320,46000849,54914929,169688960,114359727,0,0,0,0,5940,132710400,0,0,0,199065600,199065600,132710400,132956160,0,6,1036800,1620,4320,0,10
493,progressive-422,speed_bench_prog_h_sampling.jpg,packed-bgra,zune-simd,2,234201596,232567469,568724625,49,7680,4320,3,540,259200,0,0,1036800,0,0,4050,0,0,233635,0,0,0,0,4050,162593,540,1080,0,0,8553083,4320,46688490,55707973,171259435,115129541,0,0,0,0,5940,132710400,0,0,0,199065600,199065600,132710400,132956160,0,6,1036800,1620,4320,0,10
494,progressive-422,speed_bench_prog_h_sampling.jpg,packed-bgra,zune-simd,2,235111357,233457403,570900887,49,7680,4320,3,540,259200,0,0,1036800,0,0,4050,0,0,230697,0,0,0,0,4050,160148,540,1080,0,0,8443225,4320,46545871,55467661,170500057,114629446,0,0,0,0,5940,132710400,0,0,0,199065600,199065600,132710400,132956160,0,6,1036800,1620,4320,0,10
495,progressive-422,speed_bench_prog_h_sampling.jpg,packed-bgra,zune-scalar,2,234554526,232747276,569164302,49,7680,4320,3,540,259200,0,0,1036800,0,0,4050,0,0,231321,0,0,0,0,4050,160460,540,1080,0,0,8471502,4320,46439366,55361985,170062952,114294128,0,0,0,0,5940,132710400,0,0,0,199065600,199065600,132710400,132956160,0,6,1036800,1620,4320,0,10
496,progressive-422,speed_bench_prog_h_sampling.jpg,packed-bgra,zune-scalar,2,234747176,233012381,569812597,49,7680,4320,3,540,259200,0,0,1036800,0,0,4050,0,0,255055,0,0,0,0,4050,159373,540,1080,0,0,8475311,4320,46489458,55432116,169784094,113940882,0,0,0,0,5940,132710400,0,0,0,199065600,199065600,132710400,132956160,0,6,1036800,1620,4320,0,10
497,progressive-422,speed_bench_prog_h_sampling.jpg,packed-bgra,zune-scalar,2,234113912,232304036,568080398,49,7680,4320,3,540,259200,0,0,1036800,0,0,4050,0,0,233958,0,0,0,0,4050,160485,540,1080,0,0,8507326,4320,46258416,55213828,170165019,114539739,0,0,0,0,5940,132710400,0,0,0,199065600,199065600,132710400,132956160,0,6,1036800,1620,4320,0,10
498,progressive-422,speed_bench_prog_h_sampling.jpg,packed-bgra,zune-scalar,3,233940307,232291072,568048695,49,7680,4320,3,540,259200,0,0,1036800,0,0,4050,0,0,229700,0,0,0,0,4050,157633,540,1080,0,0,8623655,4320,46792753,55882551,170507774,114184075,0,0,0,0,5940,132710400,0,0,0,199065600,199065600,132710400,132956160,0,6,1036800,1620,4320,0,10
499,progressive-422,speed_bench_prog_h_sampling.jpg,packed-bgra,zune-scalar,3,234310869,232506194,568574685,49,7680,4320,3,540,259200,0,0,1036800,0,0,4050,0,0,317143,0,0,0,0,4050,161540,540,1080,0,0,8623437,4320,46585121,55672767,170689956,114606230,0,0,0,0,5940,132710400,0,0,0,199065600,199065600,132710400,132956160,0,6,1036800,1620,4320,0,10
500,progressive-422,speed_bench_prog_h_sampling.jpg,packed-bgra,zune-scalar,3,258157547,256528469,627319266,49,7680,4320,3,540,259200,0,0,1036800,0,0,4050,0,0,235600,0,0,0,0,4050,168289,540,1080,0,0,8881516,4320,47431627,56791235,173094632,115883872,0,0,0,0,5940,132710400,0,0,0,199065600,199065600,132710400,132956160,0,6,1036800,1620,4320,0,10
501,progressive-422,speed_bench_prog_h_sampling.jpg,packed-bgra,zune-simd,3,235576789,233956803,572121403,49,7680,4320,3,540,259200,0,0,1036800,0,0,4050,0,0,230098,0,0,0,0,4050,158404,540,1080,0,0,8410326,4320,46819927,55681764,170302391,114216517,0,0,0,0,5940,132710400,0,0,0,199065600,199065600,132710400,132956160,0,6,1036800,1620,4320,0,10
502,progressive-422,speed_bench_prog_h_sampling.jpg,packed-bgra,zune-simd,3,234597749,232782818,569249341,49,7680,4320,3,540,259200,0,0,1036800,0,0,4050,0,0,231576,0,0,0,0,4050,219395,540,1080,0,0,8714322,4320,46460675,55650064,170457598,114402333,0,0,0,0,5940,132710400,0,0,0,199065600,199065600,132710400,132956160,0,6,1036800,1620,4320,0,10
503,progressive-422,speed_bench_prog_h_sampling.jpg,packed-bgra,zune-simd,3,234049311,232261030,567973333,49,7680,4320,3,540,259200,0,0,1036800,0,0,4050,0,0,234575,0,0,0,0,4050,186973,540,1080,0,0,8429598,4320,46399196,55286115,170220292,114506828,0,0,0,0,5940,132710400,0,0,0,199065600,199065600,132710400,132956160,0,6,1036800,1620,4320,0,10
504,progressive-422,speed_bench_prog_h_sampling.jpg,packed-bgra,zune-simd,4,233906884,232130605,567654392,49,7680,4320,3,540,259200,0,0,1036800,0,0,4050,0,0,237190,0,0,0,0,4050,162764,540,1080,0,0,8542296,4320,46573561,55578037,170399534,114418351,0,0,0,0,5940,132710400,0,0,0,199065600,199065600,132710400,132956160,0,6,1036800,1620,4320,0,10
505,progressive-422,speed_bench_prog_h_sampling.jpg,packed-bgra,zune-simd,4,247320279,245645540,600703936,49,7680,4320,3,540,259200,0,0,1036800,0,0,4050,0,0,272378,0,0,0,0,4050,218464,540,1080,0,0,11471774,4320,57531919,69576701,202830453,132772403,0,0,0,0,5940,132710400,0,0,0,199065600,199065600,132710400,132956160,0,6,1036800,1620,4320,0,10
506,progressive-422,speed_bench_prog_h_sampling.jpg,packed-bgra,zune-simd,4,246729302,244341157,597514232,49,7680,4320,3,540,259200,0,0,1036800,0,0,4050,0,0,266195,0,0,0,0,4050,258616,540,1080,0,0,10880583,4320,55647993,67136619,196704204,129150145,0,0,0,0,5940,132710400,0,0,0,199065600,199065600,132710400,132956160,0,6,1036800,1620,4320,0,10
507,progressive-422,speed_bench_prog_h_sampling.jpg,packed-bgra,zune-scalar,4,237979856,236328332,577919524,49,7680,4320,3,540,259200,0,0,1036800,0,0,4050,0,0,233577,0,0,0,0,4050,167461,540,1080,0,0,8742828,4320,47238889,56476167,172548649,115655734,0,0,0,0,5940,132710400,0,0,0,199065600,199065600,132710400,132956160,0,6,1036800,1620,4320,0,10
508,progressive-422,speed_bench_prog_h_sampling.jpg,packed-bgra,zune-scalar,4,235226808,233372813,570692122,49,7680,4320,3,540,259200,0,0,1036800,0,0,4050,0,0,230203,0,0,0,0,4050,157347,540,1080,0,0,8356423,4320,47003413,55815846,170122218,113901190,0,0,0,0,5940,132710400,0,0,0,199065600,199065600,132710400,132956160,0,6,1036800,1620,4320,0,10
509,progressive-422,speed_bench_prog_h_sampling.jpg,packed-bgra,zune-scalar,4,233713361,232048953,567454716,49,7680,4320,3,540,259200,0,0,1036800,0,0,4050,0,0,232929,0,0,0,0,4050,158396,540,1080,0,0,8480523,4320,46362362,55282835,169725979,114035534,0,0,0,0,5940,132710400,0,0,0,199065600,199065600,132710400,132956160,0,6,1036800,1620,4320,0,10
510,progressive-422,speed_bench_prog_h_sampling.jpg,scanlines-bgra,zune-simd,0,308546290,307559169,752108105,49,7680,4320,3,540,259200,0,0,1036800,0,0,4050,0,0,236507,0,0,0,0,4050,164868,540,1080,0,0,8649315,4320,28161272,37264579,163995791,114938718,77,0,0,0,5940,132710400,0,0,0,199065600,199065600,132710400,265697280,663552000,1624,1036800,1620,4320,540,10
511,progressive-422,speed_bench_prog_h_sampling.jpg,scanlines-bgra,zune-simd,0,310203866,309205966,756135195,49,7680,4320,3,540,259200,0,0,1036800,0,0,4050,0,0,237330,0,0,0,0,4050,155686,540,1080,0,0,8575872,4320,28124105,37158371,163643663,114759502,77,0,0,0,5940,132710400,0,0,0,199065600,199065600,132710400,265697280,663552000,1624,1036800,1620,4320,540,10
512,progressive-422,speed_bench_prog_h_sampling.jpg,scanlines-bgra,zune-simd,0,311229838,310012778,758108547,49,7680,4320,3,540,259200,0,0,1036800,0,0,4050,0,0,238041,0,0,0,0,4050,157068,540,1080,0,0,8435879,4320,28241243,37128922,163657835,114754476,77,0,0,0,5940,132710400,0,0,0,199065600,199065600,132710400,265697280,663552000,1624,1036800,1620,4320,540,10
513,progressive-422,speed_bench_prog_h_sampling.jpg,scanlines-bgra,zune-scalar,0,310540296,309523942,756912751,49,7680,4320,3,540,259200,0,0,1036800,0,0,4050,0,0,236601,0,0,0,0,4050,192073,540,1080,0,0,8538875,4320,27849071,36844028,162730254,114265816,77,0,0,0,5940,132710400,0,0,0,199065600,199065600,132710400,265697280,663552000,1624,1036800,1620,4320,540,10
514,progressive-422,speed_bench_prog_h_sampling.jpg,scanlines-bgra,zune-scalar,0,310064565,309065442,755791582,49,7680,4320,3,540,259200,0,0,1036800,0,0,4050,0,0,239848,0,0,0,0,4050,156429,540,1080,0,0,8597924,4320,28116468,37178677,163626556,114301326,77,0,0,0,5940,132710400,0,0,0,199065600,199065600,132710400,265697280,663552000,1624,1036800,1620,4320,540,10
515,progressive-422,speed_bench_prog_h_sampling.jpg,scanlines-bgra,zune-scalar,0,308752136,307546029,752076524,49,7680,4320,3,540,259200,0,0,1036800,0,0,4050,0,0,235312,0,0,0,0,4050,156795,540,1080,0,0,8589041,4320,28027198,37071974,163478070,114447455,77,0,0,0,5940,132710400,0,0,0,199065600,199065600,132710400,265697280,663552000,1624,1036800,1620,4320,540,10
516,progressive-422,speed_bench_prog_h_sampling.jpg,scanlines-bgra,zune-scalar,1,312230700,311246748,761127241,49,7680,4320,3,540,259200,0,0,1036800,0,0,4050,0,0,240760,0,0,0,0,4050,162508,540,1080,0,0,9038555,4320,28810792,38330410,166991279,116265088,77,0,0,0,5940,132710400,0,0,0,199065600,199065600,132710400,265697280,663552000,1624,1036800,1620,4320,540,10
517,progressive-422,speed_bench_prog_h_sampling.jpg,scanlines-bgra,zune-scalar,1,333093053,331858141,811530601,49,7680,4320,3,540,259200,0,0,1036800,0,0,4050,0,0,240028,0,0,0,0,4050,162872,540,1080,0,0,8707057,4320,28922356,38077509,165962083,115855741,77,0,0,0,5940,132710400,0,0,0,199065600,199065600,132710400,265697280,663552000,1624,1036800,1620,4320,540,10
518,progressive-422,speed_bench_prog_h_sampling.jpg,scanlines-bgra,zune-scalar,1,308079579,306812257,750283051,49,7680,4320,3,540,259200,0,0,1036800,0,0,4050,0,0,234793,0,0,0,0,4050,156144,540,1080,0,0,8491361,4320,28083912,37034383,163216767,114499619,77,0,0,0,5940,132710400,0,0,0,199065600,199065600,132710400,265697280,663552000,1624,1036800,1620,4320,540,10
519,progressive-422,speed_bench_prog_h_sampling.jpg,scanlines-bgra,zune-simd,1,309823083,308830205,755217768,49,7680,4320,3,540,259200,0,0,1036800,0,0,4050,0,0,237620,0,0,0,0,4050,157487,540,1080,0,0,8393747,4320,27797823,36650349,162611969,114324385,77,0,0,0,5940,132710400,0,0,0,199065600,199065600,132710400,265697280,663552000,1624,1036800,1620,4320,540,10
520,progressive-422,speed_bench_prog_h_sampling.jpg,scanlines-bgra,zune-simd,1,311505773,310514097,759335580,49,7680,4320,3,540,259200,0,0,1036800,0,0,4050,0,0,245616,0,0,0,0,4050,155978,540,1080,0,0,8425057,4320,28015866,36896997,163253243,114866894,77,0,0,0,5940,132710400,0,0,0,199065600,199065600,132710400,265697280,663552000,1624,1036800,1620,4320,540,10
521,progressive-422,speed_bench_prog_h_sampling.jpg,scanlines-bgra,zune-simd,1,309946564,308937305,755479722,49,7680,4320,3,540,259200,0,0,1036800,0,0,4050,0,0,237592,0,0,0,0,4050,157808,540,1080,0,0,8454061,4320,28367364,37289511,163969151,115107027,77,0,0,0,5940,132710400,0,0,0,199065600,199065600,132710400,265697280,663552000,1624,1036800,1620,4320,540,10
522,progressive-422,speed_bench_prog_h_sampling.jpg,scanlines-bgra,zune-simd,2,335236966,334048381,816886668,49,7680,4320,3,540,259200,0,0,1036800,0,0,4050,0,0,236687,0,0,0,0,4050,161888,540,1080,0,0,8350662,4320,28156440,36986866,163200904,114703171,77,0,0,0,5940,132710400,0,0,0,199065600,199065600,132710400,265697280,663552000,1624,1036800,1620,4320,540,10
523,progressive-422,speed_bench_prog_h_sampling.jpg,scanlines-bgra,zune-simd,2,310839025,309852779,757718385,49,7680,4320,3,540,259200,0,0,1036800,0,0,4050,0,0,234796,0,0,0,0,4050,155694,540,1080,0,0,8607532,4320,27828812,36894783,162822489,114149504,77,0,0,0,5940,132710400,0,0,0,199065600,199065600,132710400,265697280,663552000,1624,1036800,1620,4320,540,10
524,progressive-422,speed_bench_prog_h_sampling.jpg,scanlines-bgra,zune-simd,2,311184973,310205399,758580711,49,7680,4320,3,540,259200,0,0,1036800,0,0,4050,0,0,237530,0,0,0,0,4050,156722,540,1080,0,0,8656852,4320,28457356,37568690,163641310,114388427,77,0,0,0,5940,132710400,0,0,0,199065600,199065600,132710400,265697280,663552000,1624,1036800,1620,4320,540,10
525,progressive-422,speed_bench_prog_h_sampling.jpg,scanlines-bgra,zune-scalar,2,309945843,308963354,755543397,49,7680,4320,3,540,259200,0,0,1036800,0,0,4050,0,0,240119,0,0,0,0,4050,160753,540,1080,0,0,8573063,4320,28473034,37503590,164437089,115279369,77,0,0,0,5940,132710400,0,0,0,199065600,199065600,132710400,265697280,663552000,1624,1036800,1620,4320,540,10
526,progressive-422,speed_bench_prog_h_sampling.jpg,scanlines-bgra,zune-scalar,2,310704914,308966088,755550085,49,7680,4320,3,540,259200,0,0,1036800,0,0,4050,0,0,237273,0,0,0,0,4050,157564,540,1080,0,0,8415232,4320,27996187,36861378,162786498,114334703,77,0,0,0,5940,132710400,0,0,0,199065600,199065600,132710400,265697280,663552000,1624,1036800,1620,4320,540,10
527,progressive-422,speed_bench_prog_h_sampling.jpg,scanlines-bgra,zune-scalar,2,308985455,307991024,753165599,49,7680,4320,3,540,259200,0,0,1036800,0,0,4050,0,0,238505,0,0,0,0,4050,156451,540,1080,0,0,8516246,4320,28097024,37061373,163086633,114470015,77,0,0,0,5940,132710400,0,0,0,199065600,199065600,132710400,265697280,663552000,1624,1036800,1620,4320,540,10
528,progressive-422,speed_bench_prog_h_sampling.jpg,scanlines-bgra,zune-scalar,3,307171482,306102880,748548181,49,7680,4320,3,540,259200,0,0,1036800,0,0,4050,0,0,238109,0,0,0,0,4050,158088,540,1080,0,0,8485158,4320,28290506,37232178,163706941,114804403,77,0,0,0,5940,132710400,0,0,0,199065600,199065600,132710400,265697280,663552000,1624,1036800,1620,4320,540,10
529,progressive-422,speed_bench_prog_h_sampling.jpg,scanlines-bgra,zune-scalar,3,308625360,307411907,751748715,49,7680,4320,3,540,259200,0,0,1036800,0,0,4050,0,0,241348,0,0,0,0,4050,160515,540,1080,0,0,8471875,4320,28597257,37526115,164328333,115262261,77,0,0,0,5940,132710400,0,0,0,199065600,199065600,132710400,265697280,663552000,1624,1036800,1620,4320,540,10
530,progressive-422,speed_bench_prog_h_sampling.jpg,scanlines-bgra,zune-scalar,3,310917756,309670749,757271945,49,7680,4320,3,540,259200,0,0,1036800,0,0,4050,0,0,240337,0,0,0,0,4050,210026,540,1080,0,0,8573021,4320,27981232,37017876,164332561,115499758,77,0,0,0,5940,132710400,0,0,0,199065600,199065600,132710400,265697280,663552000,1624,1036800,1620,4320,540,10
531,progressive-422,speed_bench_prog_h_sampling.jpg,scanlines-bgra,zune-simd,3,310361835,309365778,756526141,24,7680,4320,3,540,259200,0,0,1036800,0,0,4050,0,0,633174,0,0,0,0,4050,257533,540,1080,0,0,8621958,4320,28261097,37338293,164113267,115019832,77,0,0,0,5940,132710400,0,0,0,199065600,199065600,132710400,265697280,663552000,1624,1036800,1620,4320,540,10
532,progressive-422,speed_bench_prog_h_sampling.jpg,scanlines-bgra,zune-simd,3,310047626,309037563,755723546,49,7680,4320,3,540,259200,0,0,1036800,0,0,4050,0,0,238848,0,0,0,0,4050,161434,540,1080,0,0,8532270,4320,28284472,37260988,163665040,114746038,77,0,0,0,5940,132710400,0,0,0,199065600,199065600,132710400,265697280,663552000,1624,1036800,1620,4320,540,10
533,progressive-422,speed_bench_prog_h_sampling.jpg,scanlines-bgra,zune-simd,3,311550822,310322350,758865352,49,7680,4320,3,540,259200,0,0,1036800,0,0,4050,0,0,235309,0,0,0,0,4050,158771,540,1080,0,0,8478446,4320,28136449,37071746,163106070,114255584,77,0,0,0,5940,132710400,0,0,0,199065600,199065600,132710400,265697280,663552000,1624,1036800,1620,4320,540,10
534,progressive-422,speed_bench_prog_h_sampling.jpg,scanlines-bgra,zune-simd,4,312901363,311705722,762248263,49,7680,4320,3,540,259200,0,0,1036800,0,0,4050,0,0,240749,0,0,0,0,4050,160285,540,1080,0,0,8712104,4320,28585637,37764050,166199325,116046240,77,0,0,0,5940,132710400,0,0,0,199065600,199065600,132710400,265697280,663552000,1624,1036800,1620,4320,540,10
535,progressive-422,speed_bench_prog_h_sampling.jpg,scanlines-bgra,zune-simd,4,310820885,309840468,757686976,49,7680,4320,3,540,259200,0,0,1036800,0,0,4050,0,0,239662,0,0,0,0,4050,157391,540,1080,0,0,8518110,4320,28201533,37177079,163202302,114559657,77,0,0,0,5940,132710400,0,0,0,199065600,199065600,132710400,265697280,663552000,1624,1036800,1620,4320,540,10
536,progressive-422,speed_bench_prog_h_sampling.jpg,scanlines-bgra,zune-simd,4,310756213,309779583,757538089,49,7680,4320,3,540,259200,0,0,1036800,0,0,4050,0,0,236261,0,0,0,0,4050,159159,540,1080,0,0,8488134,4320,27789934,36737762,162532010,114380186,77,0,0,0,5940,132710400,0,0,0,199065600,199065600,132710400,265697280,663552000,1624,1036800,1620,4320,540,10
537,progressive-422,speed_bench_prog_h_sampling.jpg,scanlines-bgra,zune-scalar,4,310733901,309752182,757471082,49,7680,4320,3,540,259200,0,0,1036800,0,0,4050,0,0,237405,0,0,0,0,4050,157035,540,1080,0,0,8531759,4320,28188200,37180350,163254931,114573301,77,0,0,0,5940,132710400,0,0,0,199065600,199065600,132710400,265697280,663552000,1624,1036800,1620,4320,540,10
538,progressive-422,speed_bench_prog_h_sampling.jpg,scanlines-bgra,zune-scalar,4,310124089,308882953,755345413,49,7680,4320,3,540,259200,0,0,1036800,0,0,4050,0,0,233813,0,0,0,0,4050,154976,540,1080,0,0,8408434,4320,28098923,36959787,163071832,114616312,77,0,0,0,5940,132710400,0,0,0,199065600,199065600,132710400,265697280,663552000,1624,1036800,1620,4320,540,10
539,progressive-422,speed_bench_prog_h_sampling.jpg,scanlines-bgra,zune-scalar,4,333879108,332632812,813423618,49,7680,4320,3,540,259200,0,0,1036800,0,0,4050,0,0,237404,0,0,0,0,4050,199468,540,1080,0,0,8568478,4320,28350097,37384726,164122559,115163087,77,0,0,0,5940,132710400,0,0,0,199065600,199065600,132710400,265697280,663552000,1624,1036800,1620,4320,540,10
540,progressive-422,speed_bench_prog_h_sampling.jpg,raw,zune-simd,0,299132232,297951831,728614834,49,7680,4320,3,540,259200,0,0,1038720,0,0,4058,0,0,238349,0,0,0,0,4058,154014,0,0,0,0,0,0,0,0,134792950,115488225,77,0,0,0,5941,132956160,66478080,7901455,0,0,0,0,265666560,663552000,1626,1038720,0,0,541,10
541,progressive-422,speed_bench_prog_h_sampling.jpg,raw,zune-simd,0,299206251,298078318,728923927,49,7680,4320,3,540,259200,0,0,1038720,0,0,4058,0,0,260085,0,0,0,0,4058,152799,0,0,0,0,0,0,0,0,134534387,115557738,77,0,0,0,5941,132956160,66478080,7715837,0,0,0,0,265666560,663552000,1626,1038720,0,0,541,10
542,progressive-422,speed_bench_prog_h_sampling.jpg,raw,zune-simd,0,297944177,296824359,725857506,49,7680,4320,3,540,259200,0,0,1038720,0,0,4058,0,0,241657,0,0,0,0,4058,153850,0,0,0,0,0,0,0,0,135086873,115919481,77,0,0,0,5941,132956160,66478080,7742899,0,0,0,0,265666560,663552000,1626,1038720,0,0,541,10
543,progressive-422,speed_bench_prog_h_sampling.jpg,raw,zune-scalar,0,295499857,294380050,719880144,49,7680,4320,3,540,259200,0,0,1038720,0,0,4058,0,0,239343,0,0,0,0,4058,156193,0,0,0,0,0,0,0,0,134703430,115347814,77,0,0,0,5941,132956160,66478080,7836703,0,0,0,0,265666560,663552000,1626,1038720,0,0,541,10
544,progressive-422,speed_bench_prog_h_sampling.jpg,raw,zune-scalar,0,295509636,294365052,719843492,49,7680,4320,3,540,259200,0,0,1038720,0,0,4058,0,0,234359,0,0,0,0,4058,154588,0,0,0,0,0,0,0,0,134018236,115062180,77,0,0,0,5941,132956160,66478080,7664242,0,0,0,0,265666560,663552000,1626,1038720,0,0,541,10
545,progressive-422,speed_bench_prog_h_sampling.jpg,raw,zune-scalar,0,298693460,297521996,727563515,49,7680,4320,3,540,259200,0,0,1038720,0,0,4058,0,0,239906,0,0,0,0,4058,156199,0,0,0,0,0,0,0,0,134574686,115542870,77,0,0,0,5941,132956160,66478080,7773034,0,0,0,0,265666560,663552000,1626,1038720,0,0,541,10
546,progressive-422,speed_bench_prog_h_sampling.jpg,raw,zune-scalar,1,296477138,295315663,722168125,49,7680,4320,3,540,259200,0,0,1038720,0,0,4058,0,0,238782,0,0,0,0,4058,196836,0,0,0,0,0,0,0,0,134757230,115210496,77,0,0,0,5941,132956160,66478080,7889479,0,0,0,0,265666560,663552000,1626,1038720,0,0,541,10
547,progressive-422,speed_bench_prog_h_sampling.jpg,raw,zune-scalar,1,296217672,295067507,721561285,49,7680,4320,3,540,259200,0,0,1038720,0,0,4058,0,0,234635,0,0,0,0,4058,153950,0,0,0,0,0,0,0,0,134738357,115397656,77,0,0,0,5941,132956160,66478080,7820686,0,0,0,0,265666560,663552000,1626,1038720,0,0,541,10
548,progressive-422,speed_bench_prog_h_sampling.jpg,raw,zune-scalar,1,296858252,295723126,723164515,49,7680,4320,3,540,259200,0,0,1038720,0,0,4058,0,0,268813,0,0,0,0,4058,153541,0,0,0,0,0,0,0,0,133989560,114599012,77,0,0,0,5941,132956160,66478080,7660631,0,0,0,0,265666560,663552000,1626,1038720,0,0,541,10
549,progressive-422,speed_bench_prog_h_sampling.jpg,raw,zune-simd,1,298540955,297382555,727222451,49,7680,4320,3,540,259200,0,0,1038720,0,0,4058,0,0,247022,0,0,0,0,4058,151422,0,0,0,0,0,0,0,0,134524997,115175058,77,0,0,0,5941,132956160,66478080,7631670,0,0,0,0,265666560,663552000,1626,1038720,0,0,541,10
550,progressive-422,speed_bench_prog_h_sampling.jpg,raw,zune-simd,1,299276162,298149091,729096994,49,7680,4320,3,540,259200,0,0,1038720,0,0,4058,0,0,239723,0,0,0,0,4058,151401,0,0,0,0,0,0,0,0,133800031,115103776,77,0,0,0,5941,132956160,66478080,7503784,0,0,0,0,265666560,663552000,1626,1038720,0,0,541,10
551,progressive-422,speed_bench_prog_h_sampling.jpg,raw,zune-simd,1,298822011,297494765,727496900,49,7680,4320,3,540,259200,0,0,1038720,0,0,4058,0,0,234828,0,0,0,0,4058,159321,0,0,0,0,0,0,0,0,134934056,115746872,77,0,0,0,5941,132956160,66478080,7939434,0,0,0,0,265666560,663552000,1626,1038720,0,0,541,10
552,progressive-422,speed_bench_prog_h_sampling.jpg,raw,zune-simd,2,297008203,295871104,723526381,49,7680,4320,3,540,259200,0,0,1038720,0,0,4058,0,0,233904,0,0,0,0,4058,150919,0,0,0,0,0,0,0,0,133490441,114932582,77,0,0,0,5941,132956160,66478080,7482605,0,0,0,0,265666560,663552000,1626,1038720,0,0,541,10
553,progressive-422,speed_bench_prog_h_sampling.jpg,raw,zune-simd,2,300293348,298982281,731134488,49,7680,4320,3,540,259200,0,0,1038720,0,0,4058,0,0,237687,0,0,0,0,4058,193621,0,0,0,0,0,0,0,0,134408922,115309627,77,0,0,0,5941,132956160,66478080,7817089,0,0,0,0,265666560,663552000,1626,1038720,0,0,541,10
554,progressive-422,speed_bench_prog_h_sampling.jpg,raw,zune-simd,2,299037094,297928538,728557676,49,7680,4320,3,540,259200,0,0,1038720,0,0,4058,0,0,234815,0,0,0,0,4058,156003,0,0,0,0,0,0,0,0,133728249,114853258,77,0,0,0,5941,132956160,66478080,7620011,0,0,0,0,265666560,663552000,1626,1038720,0,0,541,10
555,progressive-422,speed_bench_prog_h_sampling.jpg,raw,zune-scalar,2,320606290,319507141,781326193,49,7680,4320,3,540,259200,0,0,1038720,0,0,4058,0,0,281111,0,0,0,0,4058,203783,0,0,0,0,0,0,0,0,135328865,116319908,77,0,0,0,5941,132956160,66478080,7764065,0,0,0,0,265666560,663552000,1626,1038720,0,0,541,10
556,progressive-422,speed_bench_prog_h_sampling.jpg,raw,zune-scalar,2,293518085,292209223,714571606,49,7680,4320,3,540,259200,0,0,1038720,0,0,4058,0,0,269672,0,0,0,0,4058,156493,0,0,0,0,0,0,0,0,134306415,115390339,77,0,0,0,5941,132956160,66478080,7692038,0,0,0,0,265666560,663552000,1626,1038720,0,0,541,10
557,progressive-422,speed_bench_prog_h_sampling.jpg,raw,zune-scalar,2,310662632,308925638,755450150,24,7680,4320,3,540,259200,0,0,1038720,0,0,4058,0,0,378634,0,0,0,0,4058,320884,0,0,0,0,0,0,0,0,160048711,134650858,77,0,0,0,5941,132956160,66478080,12843549,0,0,0,0,265666560,663552000,1626,1038720,0,0,541,10
558,progressive-422,speed_bench_prog_h_sampling.jpg,raw,zune-scalar,3,299533093,298409679,729734264,49,7680,4320,3,540,259200,0,0,1038720,0,0,4058,0,0,241987,0,0,0,0,4058,156592,0,0,0,0,0,0,0,0,134260832,115314573,77,0,0,0,5941,132956160,66478080,7673109,0,0,0,0,265666560,663552000,1626,1038720,0,0,541,10
559,progressive-422,speed_bench_prog_h_sampling.jpg,raw,zune-scalar,3,300007402,298884488,730895393,49,7680,4320,3,540,259200,0,0,1038720,0,0,4058,0,0,304964,0,0,0,0,4058,157557,0,0,0,0,0,0,0,0,134773933,115559198,77,0,0,0,5941,132956160,66478080,7688619,0,0,0,0,265666560,663552000,1626,1038720,0,0,541,10
560,progressive-422,speed_bench_prog_h_sampling.jpg,raw,zune-scalar,3,297091950,295984115,723802740,49,7680,4320,3,540,259200,0,0,1038720,0,0,4058,0,0,237555,0,0,0,0,4058,184870,0,0,0,0,0,0,0,0,133954852,114921011,77,0,0,0,5941,132956160,66478080,7766567,0,0,0,0,265666560,663552000,1626,1038720,0,0,541,10
561,progressive-422,speed_bench_prog_h_sampling.jpg,raw,zune-simd,3,296781279,295655419,722998969,49,7680,4320,3,540,259200,0,0,1038720,0,0,4058,0,0,239112,0,0,0,0,4058,157666,0,0,0,0,0,0,0,0,134526787,115364365,77,0,0,0,5941,132956160,66478080,7699294,0,0,0,0,265666560,663552000,1626,1038720,0,0,541,10
562,progressive-422,speed_bench_prog_h_sampling.jpg,raw,zune-simd,3,298148109,296809200,725820438,49,7680,4320,3,540,259200,0,0,1038720,0,0,4058,0,0,237263,0,0,0,0,4058,179322,0,0,0,0,0,0,0,0,134036684,115352624,77,0,0,0,5941,132956160,66478080,7563278,0,0,0,0,265666560,663552000,1626,1038720,0,0,541,10
563,progressive-422,speed_bench_prog_h_sampling.jpg,raw,zune-simd,3,298697158,297586536,727721344,49,7680,4320,3,540,259200,0,0,1038720,0,0,4058,0,0,237276,0,0,0,0,4058,152028,0,0,0,0,0,0,0,0,134706003,115764738,77,0,0,0,5941,132956160,66478080,7729164,0,0,0,0,265666560,663552000,1626,1038720,0,0,541,10
564,progressive-422,speed_bench_prog_h_sampling.jpg,raw,zune-simd,4,299331505,298203392,729229809,49,7680,4320,3,540,259200,0,0,1038720,0,0,4058,0,0,241424,0,0,0,0,4058,147743,0,0,0,0,0,0,0,0,133752012,114784611,77,0,0,0,5941,132956160,66478080,7740262,0,0,0,0,265666560,663552000,1626,1038720,0,0,541,10
565,progressive-422,speed_bench_prog_h_sampling.jpg,raw,zune-simd,4,298051332,296920674,726093074,49,7680,4320,3,540,259200,0,0,1038720,0,0,4058,0,0,238938,0,0,0,0,4058,154584,0,0,0,0,0,0,0,0,134171719,115181813,77,0,0,0,5941,132956160,66478080,7754897,0,0,0,0,265666560,663552000,1626,1038720,0,0,541,10
566,progressive-422,speed_bench_prog_h_sampling.jpg,raw,zune-simd,4,299285960,298113254,729009897,49,7680,4320,3,540,259200,0,0,1038720,0,0,4058,0,0,238332,0,0,0,0,4058,156733,0,0,0,0,0,0,0,0,133796580,114980478,77,0,0,0,5941,132956160,66478080,7660371,0,0,0,0,265666560,663552000,1626,1038720,0,0,541,10
567,progressive-422,speed_bench_prog_h_sampling.jpg,raw,zune-scalar,4,312447155,311133074,760848750,49,7680,4320,3,540,259200,0,0,1038720,0,0,4058,0,0,241847,0,0,0,0,4058,163909,0,0,0,0,0,0,0,0,136649097,117385325,77,0,0,0,5941,132956160,66478080,8001830,0,0,0,0,265666560,663552000,1626,1038720,0,0,541,10
568,progressive-422,speed_bench_prog_h_sampling.jpg,raw,zune-scalar,4,299251766,298137229,729068574,49,7680,4320,3,540,259200,0,0,1038720,0,0,4058,0,0,240093,0,0,0,0,4058,197790,0,0,0,0,0,0,0,0,134134422,115338203,77,0,0,0,5941,132956160,66478080,7658377,0,0,0,0,265666560,663552000,1626,1038720,0,0,541,10
569,progressive-422,speed_bench_prog_h_sampling.jpg,raw,zune-scalar,4,299417476,298298571,729463098,49,7680,4320,3,540,259200,0,0,1038720,0,0,4058,0,0,237090,0,0,0,0,4058,156616,0,0,0,0,0,0,0,0,134456005,115222855,77,0,0,0,5941,132956160,66478080,7851600,0,0,0,0,265666560,663552000,1626,1038720,0,0,541,10
570,progressive-440,speed_bench_prog_v_sampling.jpg,packed-bgra,zune-simd,0,230031123,228250299,558166154,49,7680,4320,3,270,259200,0,0,1036800,0,0,4050,0,0,274546,0,0,0,0,4050,162962,270,0,540,0,11214796,4320,46046738,59083219,174681766,115191037,0,0,0,0,4050,132710400,0,0,0,165888000,199065600,132710400,133201920,0,6,1036800,810,4320,0,10
571,progressive-440,speed_bench_prog_v_sampling.jpg,packed-bgra,zune-simd,0,242404724,240656741,588505068,49,7680,4320,3,270,259200,0,0,1036800,0,0,4050,0,0,290192,0,0,0,0,4050,216296,270,0,540,0,12597515,4320,56788775,71509501,204914643,132988133,0,0,0,0,4050,132710400,0,0,0,165888000,199065600,132710400,133201920,0,6,1036800,810,4320,0,10
572,progressive-440,speed_bench_prog_v_sampling.jpg,packed-bgra,zune-simd,0,233310134,231491288,566091732,49,7680,4320,3,270,259200,0,0,1036800,0,0,4050,0,0,383320,0,0,0,0,4050,194415,270,0,540,0,11551151,4320,46813237,60255786,177420694,116767492,0,0,0,0,4050,132710400,0,0,0,165888000,199065600,132710400,133201920,0,6,1036800,810,4320,0,10
573,progressive-440,speed_bench_prog_v_sampling.jpg,packed-bgra,zune-scalar,0,230841981,229044155,560107509,49,7680,4320,3,270,259200,0,0,1036800,0,0,4050,0,0,248844,0,0,0,0,4050,191893,270,0,540,0,11258523,4320,46442190,59612075,175439404,115355512,0,0,0,0,4050,132710400,0,0,0,165888000,199065600,132710400,133201920,0,6,1036800,810,4320,0,10
574,progressive-440,speed_bench_prog_v_sampling.jpg,packed-bgra,zune-scalar,0,229592772,227873734,557245346,49,7680,4320,3,270,259200,0,0,1036800,0,0,4050,0,0,303759,0,0,0,0,4050,162273,270,0,540,0,11452199,4320,45837618,59123974,174550936,115015492,0,0,0,0,4050,132710400,0,0,0,165888000,199065600,132710400,133201920,0,6,1036800,810,4320,0,10
575,progressive-440,speed_bench_prog_v_sampling.jpg,packed-bgra,zune-scalar,0,237795503,235946872,576987495,49,7680,4320,3,270,259200,0,0,1036800,0,0,4050,0,0,259238,0,0,0,0,4050,169229,270,0,540,0,11692456,4320,48204855,61866049,182194936,119928393,0,0,0,0,4050,132710400,0,0,0,165888000,199065600,132710400,133201920,0,6,1036800,810,4320,0,10
576,progressive-440,speed_bench_prog_v_sampling.jpg,packed-bgra,zune-scalar,1,237159612,235258723,575304688,49,7680,4320,3,270,259200,0,0,1036800,0,0,4050,0,0,261461,0,0,0,0,4050,184707,270,0,540,0,11952998,4320,48558071,62451700,183039182,120196549,0,0,0,0,4050,132710400,0,0,0,165888000,199065600,132710400,133201920,0,6,1036800,810,4320,0,10
577,progressive-440,speed_bench_prog_v_sampling.jpg,packed-bgra,zune-scalar,1,233305796,231632833,566437869,49,7680,4320,3,270,259200,0,0,1036800,0,0,4050,0,0,249409,0,0,0,0,4050,224427,270,0,540,0,11276205,4320,45715460,58823321,174131888,114916103,0,0,0,0,4050,132710400,0,0,0,165888000,199065600,132710400,133201920,0,6,1036800,810,4320,0,10
578,progressive-440,speed_bench_prog_v_sampling.jpg,packed-bgra,zune-scalar,1,229810761,228131667,557876099,49,7680,4320,3,270,259200,0,0,1036800,0,0,4050,0,0,248032,0,0,0,0,4050,190399,270,0,540,0,11344443,4320,45926353,59075292,174628699,115158151,0,0,0,0,4050,132710400,0,0,0,165888000,199065600,132710400,133201920,0,6,1036800,810,4320,0,10
579,progressive-440,speed_bench_prog_v_sampling.jpg,packed-bgra,zune-simd,1,230554714,228882973,559713304,49,7680,4320,3,270,259200,0,0,1036800,0,0,4050,0,0,287865,0,0,0,0,4050,162773,270,0,540,0,11549712,4320,46326450,59712859,175825352,115695833,0,0,0,0,4050,132710400,0,0,0,165888000,199065600,132710400,133201920,0,6,1036800,810,4320,0,10
580,progressive-440,speed_bench_prog_v_sampling.jpg,packed-bgra,zune-simd,1,231005809,229316576,560773689,49,7680,4320,3,270,259200,0,0,1036800,0,0,4050,0,0,248150,0,0,0,0,4050,198786,270,0,540,0,11273898,4320,45781861,58962113,174612872,115251324,0,0,0,0,4050,132710400,0,0,0,165888000,199065600,132710400,133201920,0,6,1036800,810,4320,0,10
581,progressive-440,speed_bench_prog_v_sampling.jpg,packed-bgra,zune-simd,1,232206026,230304075,563188532,49,7680,4320,3,270,259200,0,0,1036800,0,0,4050,0,0,250642,0,0,0,0,4050,163447,270,0,540,0,11392972,4320,45880875,59092929,174163934,114679653,0,0,0,0,4050,132710400,0,0,0,165888000,199065600,132710400,133201920,0,6,1036800,810,4320,0,10
582,progressive-440,speed_bench_prog_v_sampling.jpg,packed-bgra,zune-simd,2,230618353,228924922,559815911,24,7680,4320,3,270,259200,0,0,1036800,0,0,4050,0,0,350272,0,0,0,0,4050,265243,270,0,540,0,11518524,4320,46171831,59560902,174714865,114750307,0,0,0,0,4050,132710400,0,0,0,165888000,199065600,132710400,133201920,0,6,1036800,810,4320,0,10
583,progressive-440,speed_bench_prog_v_sampling.jpg,packed-bgra,zune-simd,2,230966245,229269677,560658980,49,7680,4320,3,270,259200,0,0,1036800,0,0,4050,0,0,248233,0,0,0,0,4050,164932,270,0,540,0,11456829,4320,46175495,59531460,175453099,115524888,0,0,0,0,4050,132710400,0,0,0,165888000,199065600,132710400,133201920,0,6,1036800,810,4320,0,10
584,progressive-440,speed_bench_prog_v_sampling.jpg,packed-bgra,zune-simd,2,231337569,229674426,561648780,49,7680,4320,3,270,259200,0,0,1036800,0,0,4050,0,0,249466,0,0,0,0,4050,168038,270,0,540,0,11468745,4320,46438666,59736604,175049487,114914102,0,0,0,0,4050,132710400,0,0,0,165888000,199065600,132710400,133201920,0,6,1036800,810,4320,0,10
585,progressive-440,speed_bench_prog_v_sampling.jpg,packed-bgra,zune-scalar,2,230051975,228284714,558249993,24,7680,4320,3,270,259200,0,0,1036800,0,0,4050,0,0,382184,0,0,0,0,4050,264719,270,0,540,0,11260665,4320,46200345,59289338,174840820,115141540,0,0,0,0,4050,132710400,0,0,0,165888000,199065600,132710400,133201920,0,6,1036800,810,4320,0,10
586,progressive-440,speed_bench_prog_v_sampling.jpg,packed-bgra,zune-scalar,2,232668977,230154415,562822085,49,7680,4320,3,270,259200,0,0,1036800,0,0,4050,0,0,253943,0,0,0,0,4050,220666,270,0,540,0,11782802,4320,47051947,60717042,178129798,117018391,0,0,0,0,4050,132710400,0,0,0,165888000,199065600,132710400,133201920,0,6,1036800,810,4320,0,10
587,progressive-440,speed_bench_prog_v_sampling.jpg,packed-bgra,zune-scalar,2,240941946,239069929,584624071,49,7680,4320,3,270,259200,0,0,1036800,0,0,4050,0,0,252365,0,0,0,0,4050,198904,270,0,540,0,11277252,4320,46866404,59975287,176676336,116297865,0,0,0,0,4050,132710400,0,0,0,165888000,199065600,132710400,133201920,0,6,1036800,810,4320,0,10
588,progressive-440,speed_bench_prog_v_sampling.jpg,packed-bgra,zune-scalar,3,235167408,233483623,570963312,49,7680,4320,3,270,259200,0,0,1036800,0,0,4050,0,0,246679,0,0,0,0,4050,163054,270,0,540,0,11474894,4320,46057963,59362493,174691468,114948954,0,0,0,0,4050,132710400,0,0,0,165888000,199065600,132710400,133201920,0,6,1036800,810,4320,0,10
589,progressive-440,speed_bench_prog_v_sampling.jpg,packed-bgra,zune-scalar,3,230788744,228925043,559815690,49,7680,4320,3,270,259200,0,0,1036800,0,0,4050,0,0,272181,0,0,0,0,4050,171674,270,0,540,0,11666548,4320,45730864,59209889,174444116,114803865,0,0,0,0,4050,132710400,0,0,0,165888000,199065600,132710400,133201920,0,6,1036800,810,4320,0,10
590,progressive-440,speed_bench_prog_v_sampling.jpg,packed-bgra,zune-scalar,3,229357803,227557390,556471170,49,7680,4320,3,270,259200,0,0,1036800,0,0,4050,0,0,252084,0,0,0,0,4050,161766,270,0,540,0,11188221,4320,45672571,58697699,173743734,114649091,0,0,0,0,4050,132710400,0,0,0,165888000,199065600,132710400,133201920,0,6,1036800,810,4320,0,10
591,progressive-440,speed_bench_prog_v_sampling.jpg,packed-bgra,zune-simd,3,233091488,231415809,565906659,25,7680,4320,3,270,259200,0,0,1036800,0,0,4050,0,0,347651,0,0,0,0,4050,289123,270,0,540,0,11659789,4320,46175042,59695495,176752016,116591046,0,0,0,0,4050,132710400,0,0,0,165888000,199065600,132710400,133201920,0,6,1036800,810,4320,0,10
592,progressive-440,speed_bench_prog_v_sampling.jpg,packed-bgra,zune-simd,3,229607732,227939286,557405110,49,7680,4320,3,270,259200,0,0,1036800,0,0,4050,0,0,255371,0,0,0,0,4050,161651,270,0,540,0,11170633,4320,45937158,58920884,174443651,115108501,0,0,0,0,4050,132710400,0,0,0,165888000,199065600,132710400,133201920,0,6,1036800,810,4320,0,10
593,progressive-440,speed_bench_prog_v_sampling.jpg,packed-bgra,zune-simd,3,230642650,228974394,559936401,25,7680,4320,3,270,259200,0,0,1036800,0,0,4050,0,0,357157,0,0,0,0,4050,286484,270,0,540,0,11150952,4320,46011225,58965330,174096142,114730030,0,0,0,0,4050,132710400,0,0,0,165888000,199065600,132710400,133201920,0,6,1036800,810,4320,0,10
594,progressive-440,speed_bench_prog_v_sampling.jpg,packed-bgra,zune-simd,4,242466022,240783419,588814282,49,7680,4320,3,270,259200,0,0,1036800,0,0,4050,0,0,340785,0,0,0,0,4050,223946,270,0,540,0,12941515,4320,57002292,72092502,204500937,131990732,0,0,0,0,4050,132710400,0,0,0,165888000,199065600,132710400,133201920,0,6,1036800,810,4320,0,10
595,progressive-440,speed_bench_prog_v_sampling.jpg,packed-bgra,zune-simd,4,233814192,232134997,567665343,49,7680,4320,3,270,259200,0,0,1036800,0,0,4050,0,0,252864,0,0,0,0,4050,168392,270,0,540,0,11238097,4320,46475054,59604257,176173571,116156880,0,0,0,0,4050,132710400,0,0,0,165888000,199065600,132710400,133201920,0,6,1036800,810,4320,0,10
596,progressive-440,speed_bench_prog_v_sampling.jpg,packed-bgra,zune-simd,4,231201267,229344839,560842265,49,7680,4320,3,270,259200,0,0,1036800,0,0,4050,0,0,253176,0,0,0,0,4050,201682,270,0,540,0,11356409,4320,46416064,59626890,175685800,115618565,0,0,0,0,4050,132710400,0,0,0,165888000,199065600,132710400,133201920,0,6,1036800,810,4320,0,10
597,progressive-440,speed_bench_prog_v_sampling.jpg,packed-bgra,zune-scalar,4,231301640,229633235,561547571,49,7680,4320,3,270,259200,0,0,1036800,0,0,4050,0,0,250141,0,0,0,0,4050,159997,270,0,540,0,11205073,4320,46359909,59443324,175369187,115519094,0,0,0,0,4050,132710400,0,0,0,165888000,199065600,132710400,133201920,0,6,1036800,810,4320,0,10
598,progressive-440,speed_bench_prog_v_sampling.jpg,packed-bgra,zune-scalar,4,231608154,229764720,561869109,49,7680,4320,3,270,259200,0,0,1036800,0,0,4050,0,0,248022,0,0,0,0,4050,162166,270,0,540,0,11370649,4320,45887168,59136998,174866790,115311012,0,0,0,0,4050,132710400,0,0,0,165888000,199065600,132710400,133201920,0,6,1036800,810,4320,0,10
599,progressive-440,speed_bench_prog_v_sampling.jpg,packed-bgra,zune-scalar,4,230869389,228984859,559962053,49,7680,4320,3,270,259200,0,0,1036800,0,0,4050,0,0,254816,0,0,0,0,4050,162443,270,0,540,0,11392991,4320,45753558,58959498,174083745,114725383,0,0,0,0,4050,132710400,0,0,0,165888000,199065600,132710400,133201920,0,6,1036800,810,4320,0,10
600,progressive-440,speed_bench_prog_v_sampling.jpg,scanlines-bgra,zune-simd,0,307810791,306621933,749816522,49,7680,4320,3,270,259200,0,0,1036800,0,0,4050,0,0,238915,0,0,0,0,4050,154461,270,0,540,0,11417622,4320,30441548,43686880,168897516,115043749,43,0,0,0,4050,132710400,0,0,0,165888000,199065600,132710400,265420800,663552000,813,1036800,810,4320,270,10
601,progressive-440,speed_bench_prog_v_sampling.jpg,scanlines-bgra,zune-simd,0,306580756,305355461,746719502,49,7680,4320,3,270,259200,0,0,1036800,0,0,4050,0,0,262173,0,0,0,0,4050,152102,270,0,540,0,11538297,4320,29218231,42574944,167477607,114729705,43,0,0,0,4050,132710400,0,0,0,165888000,199065600,132710400,265420800,663552000,813,1036800,810,4320,270,10
602,progressive-440,speed_bench_prog_v_sampling.jpg,scanlines-bgra,zune-simd,0,308831312,307386196,751685456,49,7680,4320,3,270,259200,0,0,1036800,0,0,4050,0,0,271525,0,0,0,0,4050,183394,270,0,540,0,11523595,4320,29933094,43323771,169038588,115387955,43,0,0,0,4050,132710400,0,0,0,165888000,199065600,132710400,265420800,663552000,813,1036800,810,4320,270,10
603,progressive-440,speed_bench_prog_v_sampling.jpg,scanlines-bgra,zune-scalar,0,306287848,305092859,746077307,49,7680,4320,3,270,259200,0,0,1036800,0,0,4050,0,0,235277,0,0,0,0,4050,152349,270,0,540,0,11420311,4320,29474544,42690421,167703506,114852564,43,0,0,0,4050,132710400,0,0,0,165888000,199065600,132710400,265420800,663552000,813,1036800,810,4320,270,10
604,progressive-440,speed_bench_prog_v_sampling.jpg,scanlines-bgra,zune-scalar,0,307607170,306192369,748766084,49,7680,4320,3,270,259200,0,0,1036800,0,0,4050,0,0,235986,0,0,0,0,4050,152897,270,0,540,0,11631234,4320,29737775,43219825,168611105,115158765,43,0,0,0,4050,132710400,0,0,0,165888000,199065600,132710400,265420800,663552000,813,1036800,810,4320,270,10
605,progressive-440,speed_bench_prog_v_sampling.jpg,scanlines-bgra,zune-scalar,0,305338800,303321380,741745365,49,7680,4320,3,270,259200,0,0,1036800,0,0,4050,0,0,240287,0,0,0,0,4050,161351,270,0,540,0,11384929,4320,30572146,43782230,171029224,116828054,43,0,0,0,4050,132710400,0,0,0,165888000,199065600,132710400,265420800,663552000,813,1036800,810,4320,270,10
606,progressive-440,speed_bench_prog_v_sampling.jpg,scanlines-bgra,zune-scalar,1,307285917,305805835,747820825,49,7680,4320,3,270,259200,0,0,1036800,0,0,4050,0,0,236392,0,0,0,0,4050,153728,270,0,540,0,11335588,4320,29642171,42792095,168084214,115091090,43,0,0,0,4050,132710400,0,0,0,165888000,199065600,132710400,265420800,663552000,813,1036800,810,4320,270,10
607,progressive-440,speed_bench_prog_v_sampling.jpg,scanlines-bgra,zune-scalar,1,304460204,303226162,741512492,49,7680,4320,3,270,259200,0,0,1036800,0,0,4050,0,0,235578,0,0,0,0,4050,153778,270,0,540,0,11481732,4320,30124035,43409173,167728496,114066042,43,0,0,0,4050,132710400,0,0,0,165888000,199065600,132710400,265420800,663552000,813,1036800,810,4320,270,10
608,progressive-440,speed_bench_prog_v_sampling.jpg,scanlines-bgra,zune-scalar,1,307385765,305965865,748212360,49,7680,4320,3,270,259200,0,0,1036800,0,0,4050,0,0,235368,0,0,0,0,4050,154328,270,0,540,0,11408208,4320,29287932,42532226,167632995,114939769,43,0,0,0,4050,132710400,0,0,0,165888000,199065600,132710400,265420800,663552000,813,1036800,810,4320,270,10
609,progressive-440,speed_bench_prog_v_sampling.jpg,scanlines-bgra,zune-simd,1,312087442,310640122,759642639,49,7680,4320,3,270,259200,0,0,1036800,0,0,4050,0,0,237782,0,0,0,0,4050,154283,270,0,540,0,11583815,4320,29647513,43075517,168413606,115087457,43,0,0,0,4050,132710400,0,0,0,165888000,199065600,132710400,265420800,663552000,813,1036800,810,4320,270,10
610,progressive-440,speed_bench_prog_v_sampling.jpg,scanlines-bgra,zune-simd,1,307897142,306674172,749944240,49,7680,4320,3,270,259200,0,0,1036800,0,0,4050,0,0,234883,0,0,0,0,4050,152605,270,0,540,0,11422140,4320,30012897,43232481,167823450,114413534,43,0,0,0,4050,132710400,0,0,0,165888000,199065600,132710400,265420800,663552000,813,1036800,810,4320,270,10
611,progressive-440,speed_bench_prog_v_sampling.jpg,scanlines-bgra,zune-simd,1,326435963,325233381,795329143,49,7680,4320,3,270,259200,0,0,1036800,0,0,4050,0,0,245141,0,0,0,0,4050,191099,270,0,540,0,11575553,4320,30275206,43713411,170201182,116343321,43,0,0,0,4050,132710400,0,0,0,165888000,199065600,132710400,265420800,663552000,813,1036800,810,4320,270,10
612,progressive-440,speed_bench_prog_v_sampling.jpg,scanlines-bgra,zune-simd,2,308004363,306588000,749733565,49,7680,4320,3,270,259200,0,0,1036800,0,0,4050,0,0,237018,0,0,0,0,4050,179105,270,0,540,0,11339091,4320,29244327,42372706,167554616,114964544,43,0,0,0,4050,132710400,0,0,0,165888000,199065600,132710400,265420800,663552000,813,1036800,810,4320,270,10
613,progressive-440,speed_bench_prog_v_sampling.jpg,scanlines-bgra,zune-simd,2,304220846,302795245,740458747,24,7680,4320,3,270,259200,0,0,1036800,0,0,4050,0,0,340203,0,0,0,0,4050,255602,270,0,540,0,11498013,4320,29926321,43263204,168246076,114704251,43,0,0,0,4050,132710400,0,0,0,165888000,199065600,132710400,265420800,663552000,813,1036800,810,4320,270,10
614,progressive-440,speed_bench_prog_v_sampling.jpg,scanlines-bgra,zune-simd,2,308208025,307014129,750775599,49,7680,4320,3,270,259200,0,0,1036800,0,0,4050,0,0,264480,0,0,0,0,4050,181718,270,0,540,0,11541906,4320,29550325,42953107,168068401,114862146,43,0,0,0,4050,132710400,0,0,0,165888000,199065600,132710400,265420800,663552000,813,1036800,810,4320,270,10
615,progressive-440,speed_bench_prog_v_sampling.jpg,scanlines-bgra,zune-scalar,2,304431480,302988957,740932430,49,7680,4320,3,270,259200,0,0,1036800,0,0,4050,0,0,236213,0,0,0,0,4050,152699,270,0,540,0,11523409,4320,29847506,43210306,169210708,115472834,43,0,0,0,4050,132710400,0,0,0,165888000,199065600,132710400,265420800,663552000,813,1036800,810,4320,270,10
616,progressive-440,speed_bench_prog_v_sampling.jpg,scanlines-bgra,zune-scalar,2,307731302,306300051,749029386,49,7680,4320,3,270,259200,0,0,1036800,0,0,4050,0,0,289210,0,0,0,0,4050,154164,270,0,540,0,11607565,4320,29426457,42825799,167791754,114538531,43,0,0,0,4050,132710400,0,0,0,165888000,199065600,132710400,265420800,663552000,813,1036800,810,4320,270,10
617,progressive-440,speed_bench_prog_v_sampling.jpg,scanlines-bgra,zune-scalar,2,304600126,303363569,741848534,49,7680,4320,3,270,259200,0,0,1036800,0,0,4050,0,0,333998,0,0,0,0,4050,182213,270,0,540,0,11733099,4320,29378744,42956217,168597940,114977735,43,0,0,0,4050,132710400,0,0,0,165888000,199065600,132710400,265420800,663552000,813,1036800,810,4320,270,10
618,progressive-440,speed_bench_prog_v_sampling.jpg,scanlines-bgra,zune-scalar,3,305894261,304423104,744439507,49,7680,4320,3,270,259200,0,0,1036800,0,0,4050,0,0,235145,0,0,0,0,4050,152432,270,0,540,0,11447063,4320,29290775,42606827,167503267,114356053,43,0,0,0,4050,132710400,0,0,0,165888000,199065600,132710400,265420800,663552000,813,1036800,810,4320,270,10
619,progressive-440,speed_bench_prog_v_sampling.jpg,scanlines-bgra,zune-scalar,3,340564592,338545910,827883812,49,7680,4320,3,270,259200,0,0,1036800,0,0,4050,0,0,300675,0,0,0,0,4050,283912,270,0,540,0,13535760,4320,45005516,60784858,215136997,141727965,43,0,0,0,4050,132710400,0,0,0,165888000,199065600,132710400,265420800,663552000,813,1036800,810,4320,270,10
620,progressive-440,speed_bench_prog_v_sampling.jpg,scanlines-bgra,zune-scalar,3,401755316,400026447,978228895,49,7680,4320,3,270,259200,0,0,1036800,0,0,4050,0,0,318736,0,0,0,0,4050,254643,270,0,540,0,13587043,4320,47410582,63235500,220722016,145184677,43,0,0,0,4050,132710400,0,0,0,165888000,199065600,132710400,265420800,663552000,813,1036800,810,4320,270,10
621,progressive-440,speed_bench_prog_v_sampling.jpg,scanlines-bgra,zune-simd,3,407719895,405685795,992068798,49,7680,4320,3,270,259200,0,0,1036800,0,0,4050,0,0,320410,0,0,0,0,4050,291746,270,0,540,0,13708999,4320,47559291,63527547,220617557,145123793,43,0,0,0,4050,132710400,0,0,0,165888000,199065600,132710400,265420800,663552000,813,1036800,810,4320,270,10
622,progressive-440,speed_bench_prog_v_sampling.jpg,scanlines-bgra,zune-simd,3,332055053,330649881,808575264,49,7680,4320,3,270,259200,0,0,1036800,0,0,4050,0,0,238366,0,0,0,0,4050,157580,270,0,540,0,11512278,4320,29668649,42978397,169220981,115782355,43,0,0,0,4050,132710400,0,0,0,165888000,199065600,132710400,265420800,663552000,813,1036800,810,4320,270,10
623,progressive-440,speed_bench_prog_v_sampling.jpg,scanlines-bgra,zune-simd,3,301759648,300527991,734914838,49,7680,4320,3,270,259200,0,0,1036800,0,0,4050,0,0,511528,0,0,0,0,4050,153553,270,0,540,0,11430145,4320,29486048,42821981,168506055,115437363,43,0,0,0,4050,132710400,0,0,0,165888000,199065600,132710400,265420800,663552000,813,1036800,810,4320,270,10
624,progressive-440,speed_bench_prog_v_sampling.jpg,scanlines-bgra,zune-simd,4,307979415,306551651,749645169,49,7680,4320,3,270,259200,0,0,1036800,0,0,4050,0,0,235968,0,0,0,0,4050,152993,270,0,540,0,11527083,4320,29209898,42556427,167764843,114883928,43,0,0,0,4050,132710400,0,0,0,165888000,199065600,132710400,265420800,663552000,813,1036800,810,4320,270,10
625,progressive-440,speed_bench_prog_v_sampling.jpg,scanlines-bgra,zune-simd,4,307271189,306096419,748531938,49,7680,4320,3,270,259200,0,0,1036800,0,0,4050,0,0,237727,0,0,0,0,4050,157335,270,0,540,0,11319473,4320,29499026,42656213,167855306,115100707,43,0,0,0,4050,132710400,0,0,0,165888000,199065600,132710400,265420800,663552000,813,1036800,810,4320,270,10
626,progressive-440,speed_bench_prog_v_sampling.jpg,scanlines-bgra,zune-simd,4,306717332,305524479,747133282,49,7680,4320,3,270,259200,0,0,1036800,0,0,4050,0,0,236911,0,0,0,0,4050,155199,270,0,540,0,11520844,4320,29373093,42686436,167396105,114612605,43,0,0,0,4050,132710400,0,0,0,165888000,199065600,132710400,265420800,663552000,813,1036800,810,4320,270,10
627,progressive-440,speed_bench_prog_v_sampling.jpg,scanlines-bgra,zune-scalar,4,330595950,329171573,804960166,49,7680,4320,3,270,259200,0,0,1036800,0,0,4050,0,0,314181,0,0,0,0,4050,154350,270,0,540,0,11501062,4320,29566988,42932409,169003062,115464412,43,0,0,0,4050,132710400,0,0,0,165888000,199065600,132710400,265420800,663552000,813,1036800,810,4320,270,10
628,progressive-440,speed_bench_prog_v_sampling.jpg,scanlines-bgra,zune-scalar,4,308043296,306840393,750351235,49,7680,4320,3,270,259200,0,0,1036800,0,0,4050,0,0,239810,0,0,0,0,4050,159311,270,0,540,0,11628017,4320,30081988,43489722,168561089,114843706,43,0,0,0,4050,132710400,0,0,0,165888000,199065600,132710400,265420800,663552000,813,1036800,810,4320,270,10
629,progressive-440,speed_bench_prog_v_sampling.jpg,scanlines-bgra,zune-scalar,4,307835196,306650397,749886641,49,7680,4320,3,270,259200,0,0,1036800,0,0,4050,0,0,240622,0,0,0,0,4050,157015,270,0,540,0,11713156,4320,29669844,43225741,168816566,115251948,43,0,0,0,4050,132710400,0,0,0,165888000,199065600,132710400,265420800,663552000,813,1036800,810,4320,270,10
630,progressive-440,speed_bench_prog_v_sampling.jpg,raw,zune-simd,0,291417359,290385857,710113145,49,7680,4320,3,270,259200,0,0,1040640,0,0,4066,0,0,241451,0,0,0,0,4066,153154,0,0,0,0,0,0,0,0,135459820,115194427,43,0,0,0,4051,133201920,66600960,9671852,0,0,0,0,265912320,663552000,816,1040640,0,0,271,10
631,progressive-440,speed_bench_prog_v_sampling.jpg,raw,zune-simd,0,293473119,292447738,715155269,49,7680,4320,3,270,259200,0,0,1040640,0,0,4066,0,0,238803,0,0,0,0,4066,153026,0,0,0,0,0,0,0,0,135107105,115370033,43,0,0,0,4051,133201920,66600960,9416814,0,0,0,0,265912320,663552000,816,1040640,0,0,271,10
632,progressive-440,speed_bench_prog_v_sampling.jpg,raw,zune-simd,0,294890363,293674286,718154731,49,7680,4320,3,270,259200,0,0,1040640,0,0,4066,0,0,238283,0,0,0,0,4066,152242,0,0,0,0,0,0,0,0,135159695,115223199,43,0,0,0,4051,133201920,66600960,9573104,0,0,0,0,265912320,663552000,816,1040640,0,0,271,10
633,progressive-440,speed_bench_prog_v_sampling.jpg,raw,zune-scalar,0,294017819,292975738,716446444,49,7680,4320,3,270,259200,0,0,1040640,0,0,4066,0,0,239264,0,0,0,0,4066,152960,0,0,0,0,0,0,0,0,135026283,115173862,43,0,0,0,4051,133201920,66600960,9483295,0,0,0,0,265912320,663552000,816,1040640,0,0,271,10
634,progressive-440,speed_bench_prog_v_sampling.jpg,raw,zune-scalar,0,293350059,292323807,714852205,49,7680,4320,3,270,259200,0,0,1040640,0,0,4066,0,0,293501,0,0,0,0,4066,153641,0,0,0,0,0,0,0,0,135486565,115398209,43,0,0,0,4051,133201920,66600960,9482967,0,0,0,0,265912320,663552000,816,1040640,0,0,271,10
635,progressive-440,speed_bench_prog_v_sampling.jpg,raw,zune-scalar,0,294167228,293114548,716785892,49,7680,4320,3,270,259200,0,0,1040640,0,0,4066,0,0,264065,0,0,0,0,4066,149360,0,0,0,0,0,0,0,0,134926931,114859233,43,0,0,0,4051,133201920,66600960,9573425,0,0,0,0,265912320,663552000,816,1040640,0,0,271,10
636,progressive-440,speed_bench_prog_v_sampling.jpg,raw,zune-scalar,1,293222690,292193392,714533312,49,7680,4320,3,270,259200,0,0,1040640,0,0,4066,0,0,267488,0,0,0,0,4066,150816,0,0,0,0,0,0,0,0,135174147,115023685,43,0,0,0,4051,133201920,66600960,9577122,0,0,0,0,265912320,663552000,816,1040640,0,0,271,10
637,progressive-440,speed_bench_prog_v_sampling.jpg,raw,zune-scalar,1,305806085,304353696,744270261,49,7680,4320,3,270,259200,0,0,1040640,0,0,4066,0,0,284086,0,0,0,0,4066,270244,0,0,0,0,0,0,0,0,162932813,137358127,43,0,0,0,4051,133201920,66600960,14093419,0,0,0,0,265912320,663552000,816,1040640,0,0,271,10
638,progressive-440,speed_bench_prog_v_sampling.jpg,raw,zune-scalar,1,295195836,294100424,719196765,49,7680,4320,3,270,259200,0,0,1040640,0,0,4066,0,0,237027,0,0,0,0,4066,177954,0,0,0,0,0,0,0,0,135872367,115630959,43,0,0,0,4051,133201920,66600960,9705799,0,0,0,0,265912320,663552000,816,1040640,0,0,271,10
639,progressive-440,speed_bench_prog_v_sampling.jpg,raw,zune-simd,1,293657757,292623009,715583480,49,7680,4320,3,270,259200,0,0,1040640,0,0,4066,0,0,290479,0,0,0,0,4066,152227,0,0,0,0,0,0,0,0,135074069,115074146,43,0,0,0,4051,133201920,66600960,9448571,0,0,0,0,265912320,663552000,816,1040640,0,0,271,10
640,progressive-440,speed_bench_prog_v_sampling.jpg,raw,zune-simd,1,292965307,291675601,713266613,49,7680,4320,3,270,259200,0,0,1040640,0,0,4066,0,0,239169,0,0,0,0,4066,152352,0,0,0,0,0,0,0,0,135039721,114770030,43,0,0,0,4051,133201920,66600960,9674433,0,0,0,0,265912320,663552000,816,1040640,0,0,271,10
641,progressive-440,speed_bench_prog_v_sampling.jpg,raw,zune-simd,1,292855793,291823779,713628969,49,7680,4320,3,270,259200,0,0,1040640,0,0,4066,0,0,239679,0,0,0,0,4066,153995,0,0,0,0,0,0,0,0,135696201,115248021,43,0,0,0,4051,133201920,66600960,9667922,0,0,0,0,265912320,663552000,816,1040640,0,0,271,10
642,progressive-440,speed_bench_prog_v_sampling.jpg,raw,zune-simd,2,293881964,292619830,715575665,49,7680,4320,3,270,259200,0,0,1040640,0,0,4066,0,0,235616,0,0,0,0,4066,156147,0,0,0,0,0,0,0,0,134657812,114664305,43,0,0,0,4051,133201920,66600960,9506388,0,0,0,0,265912320,663552000,816,1040640,0,0,271,10
643,progressive-440,speed_bench_prog_v_sampling.jpg,raw,zune-simd,2,304308808,303282135,741649349,49,7680,4320,3,270,259200,0,0,1040640,0,0,4066,0,0,240008,0,0,0,0,4066,154891,0,0,0,0,0,0,0,0,135809024,115405272,43,0,0,0,4051,133201920,66600960,9740393,0,0,0,0,265912320,663552000,816,1040640,0,0,271,10
644,progressive-440,speed_bench_prog_v_sampling.jpg,raw,zune-simd,2,293269678,292248044,714666445,25,7680,4320,3,270,259200,0,0,1040640,0,0,4066,0,0,338958,0,0,0,0,4066,252717,0,0,0,0,0,0,0,0,135423740,115271487,43,0,0,0,4051,133201920,66600960,9688970,0,0,0,0,265912320,663552000,816,1040640,0,0,271,10
645,progressive-440,speed_bench_prog_v_sampling.jpg,raw,zune-scalar,2,293377647,292133887,714387391,49,7680,4320,3,270,259200,0,0,1040640,0,0,4066,0,0,238712,0,0,0,0,4066,154195,0,0,0,0,0,0,0,0,135171350,114874916,43,0,0,0,4051,133201920,66600960,9731249,0,0,0,0,265912320,663552000,816,1040640,0,0,271,10
646,progressive-440,speed_bench_prog_v_sampling.jpg,raw,zune-scalar,2,292838863,291820825,713621937,49,7680,4320,3,270,259200,0,0,1040640,0,0,4066,0,0,237884,0,0,0,0,4066,163329,0,0,0,0,0,0,0,0,136560946,115680390,43,0,0,0,4051,133201920,66600960,9975598,0,0,0,0,265912320,663552000,816,1040640,0,0,271,10
647,progressive-440,speed_bench_prog_v_sampling.jpg,raw,zune-scalar,2,291501126,290498799,710389040,49,7680,4320,3,270,259200,0,0,1040640,0,0,4066,0,0,237685,0,0,0,0,4066,153647,0,0,0,0,0,0,0,0,136143820,115685890,43,0,0,0,4051,133201920,66600960,9807858,0,0,0,0,265912320,663552000,816,1040640,0,0,271,10
648,progressive-440,speed_bench_prog_v_sampling.jpg,raw,zune-scalar,3,291690641,290574110,710573206,49,7680,4320,3,270,259200,0,0,1040640,0,0,4066,0,0,240050,0,0,0,0,4066,154082,0,0,0,0,0,0,0,0,136780141,115925226,43,0,0,0,4051,133201920,66600960,9946580,0,0,0,0,265912320,663552000,816,1040640,0,0,271,10
649,progressive-440,speed_bench_prog_v_sampling.jpg,raw,zune-scalar,3,291825935,290773284,711060266,49,7680,4320,3,270,259200,0,0,1040640,0,0,4066,0,0,241184,0,0,0,0,4066,157413,0,0,0,0,0,0,0,0,137533786,116563574,43,0,0,0,4051,133201920,66600960,10030649,0,0,0,0,265912320,663552000,816,1040640,0,0,271,10
650,progressive-440,speed_bench_prog_v_sampling.jpg,raw,zune-scalar,3,288881490,287851490,703915282,49,7680,4320,3,270,259200,0,0,1040640,0,0,4066,0,0,238723,0,0,0,0,4066,153583,0,0,0,0,0,0,0,0,135424116,115447746,43,0,0,0,4051,133201920,66600960,9535376,0,0,0,0,265912320,663552000,816,1040640,0,0,271,10
651,progressive-440,speed_bench_prog_v_sampling.jpg,raw,zune-simd,3,289432592,288391672,705236248,49,7680,4320,3,270,259200,0,0,1040640,0,0,4066,0,0,239435,0,0,0,0,4066,241483,0,0,0,0,0,0,0,0,135314804,115282551,43,0,0,0,4051,133201920,66600960,9427082,0,0,0,0,265912320,663552000,816,1040640,0,0,271,10
652,progressive-440,speed_bench_prog_v_sampling.jpg,raw,zune-simd,3,289957324,288807901,706254101,49,7680,4320,3,270,259200,0,0,1040640,0,0,4066,0,0,238502,0,0,0,0,4066,178963,0,0,0,0,0,0,0,0,135069868,115176192,43,0,0,0,4051,133201920,66600960,9486645,0,0,0,0,265912320,663552000,816,1040640,0,0,271,10
653,progressive-440,speed_bench_prog_v_sampling.jpg,raw,zune-simd,3,294425213,293221639,717047527,49,7680,4320,3,270,259200,0,0,1040640,0,0,4066,0,0,236438,0,0,0,0,4066,152275,0,0,0,0,0,0,0,0,135151650,114894173,43,0,0,0,4051,133201920,66600960,9603413,0,0,0,0,265912320,663552000,816,1040640,0,0,271,10
654,progressive-440,speed_bench_prog_v_sampling.jpg,raw,zune-simd,4,293747233,292715521,715809885,49,7680,4320,3,270,259200,0,0,1040640,0,0,4066,0,0,265230,0,0,0,0,4066,181430,0,0,0,0,0,0,0,0,134986025,115166296,43,0,0,0,4051,133201920,66600960,9375900,0,0,0,0,265912320,663552000,816,1040640,0,0,271,10
655,progressive-440,speed_bench_prog_v_sampling.jpg,raw,zune-simd,4,298976459,297183901,726736885,49,7680,4320,3,270,259200,0,0,1040640,0,0,4066,0,0,255981,0,0,0,0,4066,180750,0,0,0,0,0,0,0,0,145087359,123054726,43,0,0,0,4051,133201920,66600960,11333417,0,0,0,0,265912320,663552000,816,1040640,0,0,271,10
656,progressive-440,speed_bench_prog_v_sampling.jpg,raw,zune-simd,4,288768518,287725995,703608395,49,7680,4320,3,270,259200,0,0,1040640,0,0,4066,0,0,238775,0,0,0,0,4066,156289,0,0,0,0,0,0,0,0,135675172,115440793,43,0,0,0,4051,133201920,66600960,9516536,0,0,0,0,265912320,663552000,816,1040640,0,0,271,10
657,progressive-440,speed_bench_prog_v_sampling.jpg,raw,zune-scalar,4,293813838,292574676,715465439,49,7680,4320,3,270,259200,0,0,1040640,0,0,4066,0,0,244792,0,0,0,0,4066,155279,0,0,0,0,0,0,0,0,136150565,115779451,43,0,0,0,4051,133201920,66600960,9713236,0,0,0,0,265912320,663552000,816,1040640,0,0,271,10
658,progressive-440,speed_bench_prog_v_sampling.jpg,raw,zune-scalar,4,293367392,292348013,714911176,49,7680,4320,3,270,259200,0,0,1040640,0,0,4066,0,0,267050,0,0,0,0,4066,152671,0,0,0,0,0,0,0,0,134821933,115051094,43,0,0,0,4051,133201920,66600960,9387430,0,0,0,0,265912320,663552000,816,1040640,0,0,271,10
659,progressive-440,speed_bench_prog_v_sampling.jpg,raw,zune-scalar,4,294362586,293336975,717329546,49,7680,4320,3,270,259200,0,0,1040640,0,0,4066,0,0,236441,0,0,0,0,4066,154909,0,0,0,0,0,0,0,0,135354468,115173155,43,0,0,0,4051,133201920,66600960,9665623,0,0,0,0,265912320,663552000,816,1040640,0,0,271,10
660,progressive-420,speed_bench_prog_hv_sampling.jpg,packed-bgra,zune-simd,0,250589614,248910529,608688608,49,7680,4320,3,270,259200,0,0,1036800,0,0,4050,0,0,249778,0,0,0,0,4050,165249,270,0,540,0,11603367,4320,46393480,59848871,176322850,116043513,0,0,0,0,4050,132710400,0,0,0,165888000,199065600,132710400,133201920,0,6,1036800,810,4320,0,10
661,progressive-420,speed_bench_prog_hv_sampling.jpg,packed-bgra,zune-simd,0,230841263,229150326,560366817,49,7680,4320,3,270,259200,0,0,1036800,0,0,4050,0,0,248606,0,0,0,0,4050,162974,270,0,540,0,11197268,4320,45852159,58851450,173775046,114510607,0,0,0,0,4050,132710400,0,0,0,165888000,199065600,132710400,133201920,0,6,1036800,810,4320,0,10
662,progressive-420,speed_bench_prog_hv_sampling.jpg,packed-bgra,zune-simd,0,229971133,228230553,558117595,49,7680,4320,3,270,259200,0,0,1036800,0,0,4050,0,0,248037,0,0,0,0,4050,162210,270,0,540,0,11333439,4320,46064286,59289853,174215457,114517823,0,0,0,0,4050,132710400,0,0,0,165888000,199065600,132710400,133201920,0,6,1036800,810,4320,0,10
663,progressive-420,speed_bench_prog_hv_sampling.jpg,packed-bgra,zune-scalar,0,229610078,227903851,557318675,49,7680,4320,3,270,259200,0,0,1036800,0,0,4050,0,0,247205,0,0,0,0,4050,202413,270,0,540,0,11381766,4320,45796225,59006920,174358538,114928878,0,0,0,0,4050,132710400,0,0,0,165888000,199065600,132710400,133201920,0,6,1036800,810,4320,0,10
664,progressive-420,speed_bench_prog_hv_sampling.jpg,packed-bgra,zune-scalar,0,229594017,227889976,557284767,49,7680,4320,3,270,259200,0,0,1036800,0,0,4050,0,0,282679,0,0,0,0,4050,162548,270,0,540,0,11510294,4320,46188548,59503591,174501128,114583751,0,0,0,0,4050,132710400,0,0,0,165888000,199065600,132710400,133201920,0,6,1036800,810,4320,0,10
665,progressive-420,speed_bench_prog_hv_sampling.jpg,packed-bgra,zune-scalar,0,230462544,228691766,559245453,49,7680,4320,3,270,259200,0,0,1036800,0,0,4050,0,0,249219,0,0,0,0,4050,164571,270,0,540,0,11024031,4320,46029341,58916037,174334944,115024315,0,0,0,0,4050,132710400,0,0,0,165888000,199065600,132710400,133201920,0,6,1036800,810,4320,0,10
666,progressive-420,speed_bench_prog_hv_sampling.jpg,packed-bgra,zune-scalar,1,232095392,230403002,563430126,49,7680,4320,3,270,259200,0,0,1036800,0,0,4050,0,0,247768,0,0,0,0,4050,164936,270,0,540,0,11277866,4320,45843849,58967877,174148597,114781249,0,0,0,0,4050,132710400,0,0,0,165888000,199065600,132710400,133201920,0,6,1036800,810,4320,0,10
667,progressive-420,speed_bench_prog_hv_sampling.jpg,packed-bgra,zune-scalar,1,230231371,228536867,558866683,49,7680,4320,3,270,259200,0,0,1036800,0,0,4050,0,0,250630,0,0,0,0,4050,162688,270,0,540,0,11453437,4320,46297785,59587498,175633983,115645213,0,0,0,0,4050,132710400,0,0,0,165888000,199065600,132710400,133201920,0,6,1036800,810,4320,0,10
668,progressive-420,speed_bench_prog_hv_sampling.jpg,packed-bgra,zune-scalar,1,230334484,228645059,559131258,49,7680,4320,3,270,259200,0,0,1036800,0,0,4050,0,0,295536,0,0,0,0,4050,163580,270,0,540,0,11289430,4320,46069279,59189140,174928995,115337645,0,0,0,0,4050,132710400,0,0,0,165888000,199065600,132710400,133201920,0,6,1036800,810,4320,0,10
669,progressive-420,speed_bench_prog_hv_sampling.jpg,packed-bgra,zune-simd,1,230802710,229138444,560337760,49,7680,4320,3,270,259200,0,0,1036800,0,0,4050,0,0,246228,0,0,0,0,4050,162316,270,0,540,0,11348865,4320,45965774,59251932,174252281,114532377,0,0,0,0,4050,132710400,0,0,0,165888000,199065600,132710400,133201920,0,6,1036800,810,4320,0,10
670,progressive-420,speed_bench_prog_hv_sampling.jpg,packed-bgra,zune-simd,1,229765188,228036138,557642197,49,7680,4320,3,270,259200,0,0,1036800,0,0,4050,0,0,247644,0,0,0,0,4050,187471,270,0,540,0,11727271,4320,45713311,59315109,174236748,114520027,0,0,0,0,4050,132710400,0,0,0,165888000,199065600,132710400,133201920,0,6,1036800,810,4320,0,10
671,progressive-420,speed_bench_prog_hv_sampling.jpg,packed-bgra,zune-simd,1,230736978,228901259,559757747,49,7680,4320,3,270,259200,0,0,1036800,0,0,4050,0,0,248507,0,0,0,0,4050,191193,270,0,540,0,11026591,4320,45864023,58708764,173897252,114794869,0,0,0,0,4050,132710400,0,0,0,165888000,199065600,132710400,133201920,0,6,1036800,810,4320,0,10
672,progressive-420,speed_bench_prog_hv_sampling.jpg,packed-bgra,zune-simd,2,230394005,228718046,559309740,49,7680,4320,3,270,259200,0,0,1036800,0,0,4050,0,0,247909,0,0,0,0,4050,163246,270,0,540,0,11074776,4320,45854595,58832603,174151439,114921849,0,0,0,0,4050,132710400,0,0,0,165888000,199065600,132710400,133201920,0,6,1036800,810,4320,0,10
673,progressive-420,speed_bench_prog_hv_sampling.jpg,packed-bgra,zune-simd,2,229674678,227867864,557230646,49,7680,4320,3,270,259200,0,0,1036800,0,0,4050,0,0,280809,0,0,0,0,4050,161464,270,0,540,0,11338376,4320,45818260,59007390,174044374,114641235,0,0,0,0,4050,132710400,0,0,0,165888000,199065600,132710400,133201920,0,6,1036800,810,4320,0,10
674,progressive-420,speed_bench_prog_hv_sampling.jpg,packed-bgra,zune-simd,2,229835844,228157638,557940803,49,7680,4320,3,270,259200,0,0,1036800,0,0,4050,0,0,254917,0,0,0,0,4050,163206,270,0,540,0,11232690,4320,46336136,59408464,174163321,114258550,0,0,0,0,4050,132710400,0,0,0,165888000,199065600,132710400,133201920,0,6,1036800,810,4320,0,10
675,progressive-420,speed_bench_prog_hv_sampling.jpg,packed-bgra,zune-scalar,2,253087544,251398438,614775413,49,7680,4320,3,270,259200,0,0,1036800,0,0,4050,0,0,250726,0,0,0,0,4050,166504,270,0,540,0,11405367,4320,46369094,59737499,176154780,115977900,0,0,0,0,4050,132710400,0,0,0,165888000,199065600,132710400,133201920,0,6,1036800,810,4320,0,10
676,progressive-420,speed_bench_prog_hv_sampling.jpg,packed-bgra,zune-scalar,2,232757676,231076715,565080201,49,7680,4320,3,270,259200,0,0,1036800,0,0,4050,0,0,248787,0,0,0,0,4050,164598,270,0,540,0,11386716,4320,45789900,59059322,173798247,114324239,0,0,0,0,4050,132710400,0,0,0,165888000,199065600,132710400,133201920,0,6,1036800,810,4320,0,10
677,progressive-420,speed_bench_prog_hv_sampling.jpg,packed-bgra,zune-scalar,2,230577843,228901741,559761472,49,7680,4320,3,270,259200,0,0,1036800,0,0,4050,0,0,250259,0,0,0,0,4050,166229,270,0,540,0,11248076,4320,46402849,59475170,174897587,115021377,0,0,0,0,4050,132710400,0,0,0,165888000,199065600,132710400,133201920,0,6,1036800,810,4320,0,10
678,progressive-420,speed_bench_prog_hv_sampling.jpg,packed-bgra,zune-scalar,3,229036563,227298896,555841839,49,7680,4320,3,270,259200,0,0,1036800,0,0,4050,0,0,274751,0,0,0,0,4050,165630,270,0,540,0,11177876,4320,45719074,58772609,174109544,114936701,0,0,0,0,4050,132710400,0,0,0,165888000,199065600,132710400,133201920,0,6,1036800,810,4320,0,10
679,progressive-420,speed_bench_prog_hv_sampling.jpg,packed-bgra,zune-scalar,3,231025400,229358013,560877251,49,7680,4320,3,270,259200,0,0,1036800,0,0,4050,0,0,270618,0,0,0,0,4050,167375,270,0,540,0,11569313,4320,46472742,59883531,176135449,115796283,0,0,0,0,4050,132710400,0,0,0,165888000,199065600,132710400,133201920,0,6,1036800,810,4320,0,10
680,progressive-420,speed_bench_prog_hv_sampling.jpg,packed-bgra,zune-scalar,3,229690605,228044169,557664345,49,7680,4320,3,270,259200,0,0,1036800,0,0,4050,0,0,247644,0,0,0,0,4050,163494,270,0,540,0,11695177,4320,46040038,59536119,174761073,114820591,0,0,0,0,4050,132710400,0,0,0,165888000,199065600,132710400,133201920,0,6,1036800,810,4320,0,10
681,progressive-420,speed_bench_prog_hv_sampling.jpg,packed-bgra,zune-simd,3,229796323,227955693,557447936,49,7680,4320,3,270,259200,0,0,1036800,0,0,4050,0,0,247099,0,0,0,0,4050,160234,270,0,540,0,11242674,4320,45757504,58835812,173739177,114500726,0,0,0,0,4050,132710400,0,0,0,165888000,199065600,132710400,133201920,0,6,1036800,810,4320,0,10
682,progressive-420,speed_bench_prog_hv_sampling.jpg,packed-bgra,zune-simd,3,229480709,227676439,556764583,49,7680,4320,3,270,259200,0,0,1036800,0,0,4050,0,0,244882,0,0,0,0,4050,164343,270,0,540,0,11428708,4320,45550805,58880893,174051185,114747833,0,0,0,0,4050,132710400,0,0,0,165888000,199065600,132710400,133201920,0,6,1036800,810,4320,0,10
683,progressive-420,speed_bench_prog_hv_sampling.jpg,packed-bgra,zune-simd,3,251443721,249604066,610384572,24,7680,4320,3,270,259200,0,0,1036800,0,0,4050,0,0,359067,0,0,0,0,4050,265060,270,0,540,0,11686560,4320,46687883,60229578,176263290,115597164,0,0,0,0,4050,132710400,0,0,0,165888000,199065600,132710400,133201920,0,6,1036800,810,4320,0,10
684,progressive-420,speed_bench_prog_hv_sampling.jpg,packed-bgra,zune-simd,4,233884870,232134151,567663457,24,7680,4320,3,270,259200,0,0,1036800,0,0,4050,0,0,352892,0,0,0,0,4050,263775,270,0,540,0,11395526,4320,46195737,59433474,174617012,114793766,0,0,0,0,4050,132710400,0,0,0,165888000,199065600,132710400,133201920,0,6,1036800,810,4320,0,10
685,progressive-420,speed_bench_prog_hv_sampling.jpg,packed-bgra,zune-simd,4,230880542,229053219,560129290,49,7680,4320,3,270,259200,0,0,1036800,0,0,4050,0,0,249796,0,0,0,0,4050,160222,270,0,540,0,11607735,4320,46067552,59521816,174576367,114652571,0,0,0,0,4050,132710400,0,0,0,165888000,199065600,132710400,133201920,0,6,1036800,810,4320,0,10
686,progressive-420,speed_bench_prog_hv_sampling.jpg,packed-bgra,zune-simd,4,230389693,228704917,559277547,49,7680,4320,3,270,259200,0,0,1036800,0,0,4050,0,0,251910,0,0,0,0,4050,164832,270,0,540,0,11400071,4320,45992769,59291348,174871176,115175791,0,0,0,0,4050,132710400,0,0,0,165888000,199065600,132710400,133201920,0,6,1036800,810,4320,0,10
687,progressive-420,speed_bench_prog_hv_sampling.jpg,packed-bgra,zune-scalar,4,230378201,228702783,559272304,49,7680,4320,3,270,259200,0,0,1036800,0,0,4050,0,0,275754,0,0,0,0,4050,163342,270,0,540,0,11424177,4320,46063906,59387557,174270019,114482521,0,0,0,0,4050,132710400,0,0,0,165888000,199065600,132710400,133201920,0,6,1036800,810,4320,0,10
688,progressive-420,speed_bench_prog_hv_sampling.jpg,packed-bgra,zune-scalar,4,231417349,229566972,561385675,25,7680,4320,3,270,259200,0,0,1036800,0,0,4050,0,0,347195,0,0,0,0,4050,263578,270,0,540,0,11873443,4320,45547989,59268735,174640802,114938437,0,0,0,0,4050,132710400,0,0,0,165888000,199065600,132710400,133201920,0,6,1036800,810,4320,0,10
689,progressive-420,speed_bench_prog_hv_sampling.jpg,packed-bgra,zune-scalar,4,231224557,229547445,561337900,25,7680,4320,3,270,259200,0,0,1036800,0,0,4050,0,0,344203,0,0,0,0,4050,259419,270,0,540,0,11375934,4320,45750408,58938660,174169643,114812855,0,0,0,0,4050,132710400,0,0,0,165888000,199065600,132710400,133201920,0,6,1036800,810,4320,0,10
690,progressive-420,speed_bench_prog_hv_sampling.jpg,scanlines-bgra,zune-simd,0,307101511,305608465,747338274,49,7680,4320,3,270,259200,0,0,1036800,0,0,4050,0,0,292424,0,0,0,0,4050,155235,270,0,540,0,11496776,4320,29382898,42698627,168052459,114852574,43,0,0,0,4050,132710400,0,0,0,165888000,199065600,132710400,265420800,663552000,813,1036800,810,4320,270,10
691,progressive-420,speed_bench_prog_hv_sampling.jpg,scanlines-bgra,zune-simd,0,306093163,304896421,745597254,49,7680,4320,3,270,259200,0,0,1036800,0,0,4050,0,0,236704,0,0,0,0,4050,153686,270,0,540,0,11484254,4320,29286894,42570004,167464923,114484427,43,0,0,0,4050,132710400,0,0,0,165888000,199065600,132710400,265420800,663552000,813,1036800,810,4320,270,10
692,progressive-420,speed_bench_prog_hv_sampling.jpg,scanlines-bgra,zune-simd,0,306830284,305387331,746797558,49,7680,4320,3,270,259200,0,0,1036800,0,0,4050,0,0,235964,0,0,0,0,4050,153992,270,0,540,0,11553295,4320,29618787,43064269,167723392,114421125,43,0,0,0,4050,132710400,0,0,0,165888000,199065600,132710400,265420800,663552000,813,1036800,810,4320,270,10
693,progressive-420,speed_bench_prog_hv_sampling.jpg,scanlines-bgra,zune-scalar,0,307191560,305781199,747760678,49,7680,4320,3,270,259200,0,0,1036800,0,0,4050,0,0,243397,0,0,0,0,4050,154698,270,0,540,0,11575077,4320,29776818,43217999,168261195,114744950,43,0,0,0,4050,132710400,0,0,0,165888000,199065600,132710400,265420800,663552000,813,1036800,810,4320,270,10
694,progressive-420,speed_bench_prog_hv_sampling.jpg,scanlines-bgra,zune-scalar,0,307985458,306771364,750182087,49,7680,4320,3,270,259200,0,0,1036800,0,0,4050,0,0,238454,0,0,0,0,4050,159460,270,0,540,0,11565645,4320,30254465,43654147,171265706,116909419,43,0,0,0,4050,132710400,0,0,0,165888000,199065600,132710400,265420800,663552000,813,1036800,810,4320,270,10
695,progressive-420,speed_bench_prog_hv_sampling.jpg,scanlines-bgra,zune-scalar,0,305108158,303681505,742626139,49,7680,4320,3,270,259200,0,0,1036800,0,0,4050,0,0,237776,0,0,0,0,4050,155318,270,0,540,0,11565003,4320,29591019,42934419,168770700,115663935,43,0,0,0,4050,132710400,0,0,0,165888000,199065600,132710400,265420800,663552000,813,1036800,810,4320,270,10
696,progressive-420,speed_bench_prog_hv_sampling.jpg,scanlines-bgra,zune-scalar,1,307350278,306141523,748641894,24,7680,4320,3,270,259200,0,0,1036800,0,0,4050,0,0,342489,0,0,0,0,4050,258474,270,0,540,0,11483056,4320,29571908,42867178,168626002,114792421,43,0,0,0,4050,132710400,0,0,0,165888000,199065600,132710400,265420800,663552000,813,1036800,810,4320,270,10
697,progressive-420,speed_bench_prog_hv_sampling.jpg,scanlines-bgra,zune-scalar,1,305990551,304815540,745399270,49,7680,4320,3,270,259200,0,0,1036800,0,0,4050,0,0,263867,0,0,0,0,4050,152131,270,0,540,0,11441470,4320,29567134,42799911,167462356,114528345,43,0,0,0,4050,132710400,0,0,0,165888000,199065600,132710400,265420800,663552000,813,1036800,810,4320,270,10
698,progressive-420,speed_bench_prog_hv_sampling.jpg,scanlines-bgra,zune-scalar,1,307421331,305972257,748227942,49,7680,4320,3,270,259200,0,0,1036800,0,0,4050,0,0,239399,0,0,0,0,4050,155157,270,0,540,0,11425359,4320,29226999,42473936,167665337,114953369,43,0,0,0,4050,132710400,0,0,0,165888000,199065600,132710400,265420800,663552000,813,1036800,810,4320,270,10
699,progressive-420,speed_bench_prog_hv_sampling.jpg,scanlines-bgra,zune-simd,1,305061070,303602327,742432467,49,7680,4320,3,270,259200,0,0,1036800,0,0,4050,0,0,234366,0,0,0,0,4050,153619,270,0,540,0,11391495,4320,29752540,42935945,167594286,114535225,43,0,0,0,4050,132710400,0,0,0,165888000,199065600,132710400,265420800,663552000,813,1036800,810,4320,270,10
700,progressive-420,speed_bench_prog_hv_sampling.jpg,scanlines-bgra,zune-simd,1,298372921,297153557,726662601,49,7680,4320,3,270,259200,0,0,1036800,0,0,4050,0,0,239486,0,0,0,0,4050,156783,270,0,540,0,11440022,4320,30071770,43333522,169711279,116115490,43,0,0,0,4050,132710400,0,0,0,165888000,199065600,132710400,265420800,663552000,813,1036800,810,4320,270,10
701,progressive-420,speed_bench_prog_hv_sampling.jpg,scanlines-bgra,zune-simd,1,307063841,305629595,747389993,49,7680,4320,3,270,259200,0,0,1036800,0,0,4050,0,0,237347,0,0,0,0,4050,156710,270,0,540,0,11489197,4320,29476882,42770853,167602472,114678700,43,0,0,0,4050,132710400,0,0,0,165888000,199065600,132710400,265420800,663552000,813,1036800,810,4320,270,10
702,progressive-420,speed_bench_prog_hv_sampling.jpg,scanlines-bgra,zune-simd,2,305815025,304595612,744862108,49,7680,4320,3,270,259200,0,0,1036800,0,0,4050,0,0,240694,0,0,0,0,4050,155675,270,0,540,0,11509434,4320,29444686,42758963,167761466,114953436,43,0,0,0,4050,132710400,0,0,0,165888000,199065600,132710400,265420800,663552000,813,1036800,810,4320,270,10
703,progressive-420,speed_bench_prog_hv_sampling.jpg,scanlines-bgra,zune-simd,2,311765991,309960692,757982151,49,7680,4320,3,270,259200,0,0,1036800,0,0,4050,0,0,249718,0,0,0,0,4050,168534,270,0,540,0,11845845,4320,32932996,46736955,176559868,119044806,43,0,0,0,4050,132710400,0,0,0,165888000,199065600,132710400,265420800,663552000,813,1036800,810,4320,270,10
704,progressive-420,speed_bench_prog_hv_sampling.jpg,scanlines-bgra,zune-simd,2,293970245,292553814,715415117,49,7680,4320,3,270,259200,0,0,1036800,0,0,4050,0,0,267480,0,0,0,0,4050,156927,270,0,540,0,11458585,4320,29829605,43121537,170218379,116408286,43,0,0,0,4050,132710400,0,0,0,165888000,199065600,132710400,265420800,663552000,813,1036800,810,4320,270,10
705,progressive-420,speed_bench_prog_hv_sampling.jpg,scanlines-bgra,zune-scalar,2,305855276,304443813,744491079,49,7680,4320,3,270,259200,0,0,1036800,0,0,4050,0,0,262354,0,0,0,0,4050,154122,270,0,540,0,11425159,4320,29581471,42928645,167901904,114657207,43,0,0,0,4050,132710400,0,0,0,165888000,199065600,132710400,265420800,663552000,813,1036800,810,4320,270,10
706,progressive-420,speed_bench_prog_hv_sampling.jpg,scanlines-bgra,zune-scalar,2,307650556,306207736,748804647,49,7680,4320,3,270,259200,0,0,1036800,0,0,4050,0,0,240724,0,0,0,0,4050,156179,270,0,540,0,11639934,4320,29831670,43375753,169265548,115536675,43,0,0,0,4050,132710400,0,0,0,165888000,199065600,132710400,265420800,663552000,813,1036800,810,4320,270,10
707,progressive-420,speed_bench_prog_hv_sampling.jpg,scanlines-bgra,zune-scalar,2,307855421,306667076,749927874,49,7680,4320,3,270,259200,0,0,1036800,0,0,4050,0,0,265662,0,0,0,0,4050,155186,270,0,540,0,11449435,4320,29389461,42639186,168385022,115499595,43,0,0,0,4050,132710400,0,0,0,165888000,199065600,132710400,265420800,663552000,813,1036800,810,4320,270,10
708,progressive-420,speed_bench_prog_hv_sampling.jpg,scanlines-bgra,zune-scalar,3,307948484,306772373,750185370,49,7680,4320,3,270,259200,0,0,1036800,0,0,4050,0,0,236458,0,0,0,0,4050,154255,270,0,540,0,11513335,4320,29631577,42986372,167861120,114820643,43,0,0,0,4050,132710400,0,0,0,165888000,199065600,132710400,265420800,663552000,813,1036800,810,4320,270,10
709,progressive-420,speed_bench_prog_hv_sampling.jpg,scanlines-bgra,zune-scalar,3,302981646,301780137,737977338,49,7680,4320,3,270,259200,0,0,1036800,0,0,4050,0,0,236971,0,0,0,0,4050,155267,270,0,540,0,11467523,4320,29395362,42645670,167592437,114637428,43,0,0,0,4050,132710400,0,0,0,165888000,199065600,132710400,265420800,663552000,813,1036800,810,4320,270,10
710,progressive-420,speed_bench_prog_hv_sampling.jpg,scanlines-bgra,zune-scalar,3,305522563,303973533,743341074,49,7680,4320,3,270,259200,0,0,1036800,0,0,4050,0,0,281625,0,0,0,0,4050,157434,270,0,540,0,11421755,4320,29344726,42549829,167298220,114536727,43,0,0,0,4050,132710400,0,0,0,165888000,199065600,132710400,265420800,663552000,813,1036800,810,4320,270,10
711,progressive-420,speed_bench_prog_hv_sampling.jpg,scanlines-bgra,zune-simd,3,328540085,327341050,800484311,49,7680,4320,3,270,259200,0,0,1036800,0,0,4050,0,0,243245,0,0,0,0,4050,160273,270,0,540,0,11647984,4320,30528888,43981689,170912952,116705360,43,0,0,0,4050,132710400,0,0,0,165888000,199065600,132710400,265420800,663552000,813,1036800,810,4320,270,10
712,progressive-420,speed_bench_prog_hv_sampling.jpg,scanlines-bgra,zune-simd,3,303176591,301785126,737989539,49,7680,4320,3,270,259200,0,0,1036800,0,0,4050,0,0,264123,0,0,0,0,4050,152510,270,0,540,0,11385341,4320,29901139,43074180,167882455,114781846,43,0,0,0,4050,132710400,0,0,0,165888000,199065600,132710400,265420800,663552000,813,1036800,810,4320,270,10
713,progressive-420,speed_bench_prog_hv_sampling.jpg,scanlines-bgra,zune-simd,3,306545638,305341504,746686328,49,7680,4320,3,270,259200,0,0,1036800,0,0,4050,0,0,237567,0,0,0,0,4050,152926,270,0,540,0,11395637,4320,29186994,42397175,167381104,114901770,43,0,0,0,4050,132710400,0,0,0,165888000,199065600,132710400,265420800,663552000,813,1036800,810,4320,270,10
714,progressive-420,speed_bench_prog_hv_sampling.jpg,scanlines-bgra,zune-simd,4,307698326,306512416,749549668,49,7680,4320,3,270,259200,0,0,1036800,0,0,4050,0,0,239952,0,0,0,0,4050,155610,270,0,540,0,11333798,4320,29596837,42734955,168222915,115431531,43,0,0,0,4050,132710400,0,0,0,165888000,199065600,132710400,265420800,663552000,813,1036800,810,4320,270,10
715,progressive-420,speed_bench_prog_hv_sampling.jpg,scanlines-bgra,zune-simd,4,307188131,305736253,747651604,49,7680,4320,3,270,259200,0,0,1036800,0,0,4050,0,0,266041,0,0,0,0,4050,155506,270,0,540,0,11470815,4320,29579181,42880043,168431869,115288010,43,0,0,0,4050,132710400,0,0,0,165888000,199065600,132710400,265420800,663552000,813,1036800,810,4320,270,10
716,progressive-420,speed_bench_prog_hv_sampling.jpg,scanlines-bgra,zune-simd,4,302018662,300804849,735591699,24,7680,4320,3,270,259200,0,0,1036800,0,0,4050,0,0,339836,0,0,0,0,4050,254180,270,0,540,0,11611408,4320,29679516,43140234,167857852,114419283,43,0,0,0,4050,132710400,0,0,0,165888000,199065600,132710400,265420800,663552000,813,1036800,810,4320,270,10
717,progressive-420,speed_bench_prog_hv_sampling.jpg,scanlines-bgra,zune-scalar,4,315879241,314673472,769506143,49,7680,4320,3,270,259200,0,0,1036800,0,0,4050,0,0,240579,0,0,0,0,4050,156160,270,0,540,0,11429393,4320,30157831,43399913,169157163,115481689,43,0,0,0,4050,132710400,0,0,0,165888000,199065600,132710400,265420800,663552000,813,1036800,810,4320,270,10
718,progressive-420,speed_bench_prog_hv_sampling.jpg,scanlines-bgra,zune-scalar,4,302886705,301475502,737231656,49,7680,4320,3,270,259200,0,0,1036800,0,0,4050,0,0,238206,0,0,0,0,4050,153698,270,0,540,0,11848634,4320,29734323,43447104,168189834,114391505,43,0,0,0,4050,132710400,0,0,0,165888000,199065600,132710400,265420800,663552000,813,1036800,810,4320,270,10
719,progressive-420,speed_bench_prog_hv_sampling.jpg,scanlines-bgra,zune-scalar,4,306389256,305185802,746304863,49,7680,4320,3,270,259200,0,0,1036800,0,0,4050,0,0,239223,0,0,0,0,4050,156587,270,0,540,0,11474592,4320,29778540,43067982,168399036,115136207,43,0,0,0,4050,132710400,0,0,0,165888000,199065600,132710400,265420800,663552000,813,1036800,810,4320,270,10
720,progressive-420,speed_bench_prog_hv_sampling.jpg,raw,zune-simd,0,292870746,291631855,713159867,49,7680,4320,3,270,259200,0,0,1040640,0,0,4066,0,0,239621,0,0,0,0,4066,154135,0,0,0,0,0,0,0,0,135004755,115287108,43,0,0,0,4051,133201920,66600960,9350249,0,0,0,0,265912320,663552000,816,1040640,0,0,271,10
721,progressive-420,speed_bench_prog_hv_sampling.jpg,raw,zune-simd,0,295085473,293867783,718627655,49,7680,4320,3,270,259200,0,0,1040640,0,0,4066,0,0,265163,0,0,0,0,4066,155928,0,0,0,0,0,0,0,0,135382373,115111530,43,0,0,0,4051,133201920,66600960,9697605,0,0,0,0,265912320,663552000,816,1040640,0,0,271,10
722,progressive-420,speed_bench_prog_hv_sampling.jpg,raw,zune-simd,0,292520359,291482344,712794278,49,7680,4320,3,270,259200,0,0,1040640,0,0,4066,0,0,240538,0,0,0,0,4066,153698,0,0,0,0,0,0,0,0,135754161,115600017,43,0,0,0,4051,133201920,66600960,9684047,0,0,0,0,265912320,663552000,816,1040640,0,0,271,10
723,progressive-420,speed_bench_prog_hv_sampling.jpg,raw,zune-scalar,0,293670263,292409141,715060651,49,7680,4320,3,270,259200,0,0,1040640,0,0,4066,0,0,235519,0,0,0,0,4066,154713,0,0,0,0,0,0,0,0,134984851,115076137,43,0,0,0,4051,133201920,66600960,9436732,0,0,0,0,265912320,663552000,816,1040640,0,0,271,10
724,progressive-420,speed_bench_prog_hv_sampling.jpg,raw,zune-scalar,0,295149814,294089849,719170697,49,7680,4320,3,270,259200,0,0,1040640,0,0,4066,0,0,251407,0,0,0,0,4066,162885,0,0,0,0,0,0,0,0,139698538,118420078,43,0,0,0,4051,133201920,66600960,10363440,0,0,0,0,265912320,663552000,816,1040640,0,0,271,10
725,progressive-420,speed_bench_prog_hv_sampling.jpg,raw,zune-scalar,0,293052576,291964457,713973243,49,7680,4320,3,270,259200,0,0,1040640,0,0,4066,0,0,238516,0,0,0,0,4066,155257,0,0,0,0,0,0,0,0,134981897,115091102,43,0,0,0,4051,133201920,66600960,9459459,0,0,0,0,265912320,663552000,816,1040640,0,0,271,10
726,progressive-420,speed_bench_prog_hv_sampling.jpg,raw,zune-scalar,1,307246673,306216916,748826624,49,7680,4320,3,270,259200,0,0,1040640,0,0,4066,0,0,288839,0,0,0,0,4066,240806,0,0,0,0,0,0,0,0,162019581,135821154,43,0,0,0,4051,133201920,66600960,13684745,0,0,0,0,265912320,663552000,816,1040640,0,0,271,10
727,progressive-420,speed_bench_prog_hv_sampling.jpg,raw,zune-scalar,1,287978043,286959607,701735002,49,7680,4320,3,270,259200,0,0,1040640,0,0,4066,0,0,238961,0,0,0,0,4066,153987,0,0,0,0,0,0,0,0,135225946,115326398,43,0,0,0,4051,133201920,66600960,9440953,0,0,0,0,265912320,663552000,816,1040640,0,0,271,10
728,progressive-420,speed_bench_prog_hv_sampling.jpg,raw,zune-scalar,1,291303951,290280945,709857022,49,7680,4320,3,270,259200,0,0,1040640,0,0,4066,0,0,237774,0,0,0,0,4066,154636,0,0,0,0,0,0,0,0,134909392,115104176,43,0,0,0,4051,133201920,66600960,9455108,0,0,0,0,265912320,663552000,816,1040640,0,0,271,10
729,progressive-420,speed_bench_prog_hv_sampling.jpg,raw,zune-simd,1,293567067,292540164,715381772,49,7680,4320,3,270,259200,0,0,1040640,0,0,4066,0,0,240423,0,0,0,0,4066,152322,0,0,0,0,0,0,0,0,135198104,115005914,43,0,0,0,4051,133201920,66600960,9547775,0,0,0,0,265912320,663552000,816,1040640,0,0,271,10
730,progressive-420,speed_bench_prog_hv_sampling.jpg,raw,zune-simd,1,291163107,289824981,708742027,49,7680,4320,3,270,259200,0,0,1040640,0,0,4066,0,0,238903,0,0,0,0,4066,151461,0,0,0,0,0,0,0,0,135048284,115250462,43,0,0,0,4051,133201920,66600960,9444846,0,0,0,0,265912320,663552000,816,1040640,0,0,271,10
731,progressive-420,speed_bench_prog_hv_sampling.jpg,raw,zune-simd,1,293986413,292859983,716163886,49,7680,4320,3,270,259200,0,0,1040640,0,0,4066,0,0,239426,0,0,0,0,4066,161432,0,0,0,0,0,0,0,0,135933199,115897882,43,0,0,0,4051,133201920,66600960,9529455,0,0,0,0,265912320,663552000,816,1040640,0,0,271,10
732,progressive-420,speed_bench_prog_hv_sampling.jpg,raw,zune-simd,2,294274361,293253160,717125339,49,7680,4320,3,270,259200,0,0,1040640,0,0,4066,0,0,239474,0,0,0,0,4066,154748,0,0,0,0,0,0,0,0,135004813,115066924,43,0,0,0,4051,133201920,66600960,9530258,0,0,0,0,265912320,663552000,816,1040640,0,0,271,10
733,progressive-420,speed_bench_prog_hv_sampling.jpg,raw,zune-simd,2,310599834,309360764,756515312,49,7680,4320,3,270,259200,0,0,1040640,0,0,4066,0,0,269855,0,0,0,0,4066,155610,0,0,0,0,0,0,0,0,135210445,115332108,43,0,0,0,4051,133201920,66600960,9525642,0,0,0,0,265912320,663552000,816,1040640,0,0,271,10
734,progressive-420,speed_bench_prog_hv_sampling.jpg,raw,zune-simd,2,293731555,292700926,715774874,24,7680,4320,3,270,259200,0,0,1040640,0,0,4066,0,0,343456,0,0,0,0,4066,256051,0,0,0,0,0,0,0,0,135282017,115353746,43,0,0,0,4051,133201920,66600960,9530102,0,0,0,0,265912320,663552000,816,1040640,0,0,271,10
735,progressive-420,speed_bench_prog_hv_sampling.jpg,raw,zune-scalar,2,292438545,291422141,712647744,49,7680,4320,3,270,259200,0,0,1040640,0,0,4066,0,0,239922,0,0,0,0,4066,154012,0,0,0,0,0,0,0,0,135568915,115256839,43,0,0,0,4051,133201920,66600960,9688868,0,0,0,0,265912320,663552000,816,1040640,0,0,271,10
736,progressive-420,speed_bench_prog_hv_sampling.jpg,raw,zune-scalar,2,292659528,291625643,713145388,49,7680,4320,3,270,259200,0,0,1040640,0,0,4066,0,0,239974,0,0,0,0,4066,204435,0,0,0,0,0,0,0,0,135084998,115143317,43,0,0,0,4051,133201920,66600960,9491429,0,0,0,0,265912320,663552000,816,1040640,0,0,271,10
737,progressive-420,speed_bench_prog_hv_sampling.jpg,raw,zune-scalar,2,290695903,289454749,707836654,49,7680,4320,3,270,259200,0,0,1040640,0,0,4066,0,0,236520,0,0,0,0,4066,153559,0,0,0,0,0,0,0,0,135430931,115234279,43,0,0,0,4051,133201920,66600960,9739147,0,0,0,0,265912320,663552000,816,1040640,0,0,271,10
738,progressive-420,speed_bench_prog_hv_sampling.jpg,raw,zune-scalar,3,293298560,292234887,714635061,49,7680,4320,3,270,259200,0,0,1040640,0,0,4066,0,0,236338,0,0,0,0,4066,193165,0,0,0,0,0,0,0,0,135464843,115483104,43,0,0,0,4051,133201920,66600960,9428138,0,0,0,0,265912320,663552000,816,1040640,0,0,271,10
739,progressive-420,speed_bench_prog_hv_sampling.jpg,raw,zune-scalar,3,293073458,292046164,714173187,25,7680,4320,3,270,259200,0,0,1040640,0,0,4066,0,0,339324,0,0,0,0,4066,287409,0,0,0,0,0,0,0,0,136111912,115789369,43,0,0,0,4051,133201920,66600960,9759500,0,0,0,0,265912320,663552000,816,1040640,0,0,271,10
740,progressive-420,speed_bench_prog_hv_sampling.jpg,raw,zune-scalar,3,292768327,291755821,713463128,49,7680,4320,3,270,259200,0,0,1040640,0,0,4066,0,0,278727,0,0,0,0,4066,189135,0,0,0,0,0,0,0,0,135231849,115096571,43,0,0,0,4051,133201920,66600960,9572670,0,0,0,0,265912320,663552000,816,1040640,0,0,271,10
741,progressive-420,speed_bench_prog_hv_sampling.jpg,raw,zune-simd,3,294031282,292736738,715861874,49,7680,4320,3,270,259200,0,0,1040640,0,0,4066,0,0,239311,0,0,0,0,4066,149348,0,0,0,0,0,0,0,0,135259600,115136720,43,0,0,0,4051,133201920,66600960,9654201,0,0,0,0,265912320,663552000,816,1040640,0,0,271,10
742,progressive-420,speed_bench_prog_hv_sampling.jpg,raw,zune-simd,3,292540851,291507295,712855381,49,7680,4320,3,270,259200,0,0,1040640,0,0,4066,0,0,239247,0,0,0,0,4066,152913,0,0,0,0,0,0,0,0,134899491,115109995,43,0,0,0,4051,133201920,66600960,9390218,0,0,0,0,265912320,663552000,816,1040640,0,0,271,10
743,progressive-420,speed_bench_prog_hv_sampling.jpg,raw,zune-simd,3,293712225,292678849,715720313,49,7680,4320,3,270,259200,0,0,1040640,0,0,4066,0,0,238693,0,0,0,0,4066,152692,0,0,0,0,0,0,0,0,134709253,114821776,43,0,0,0,4051,133201920,66600960,9577385,0,0,0,0,265912320,663552000,816,1040640,0,0,271,10
744,progressive-420,speed_bench_prog_hv_sampling.jpg,raw,zune-simd,4,317562765,316438950,773823533,49,7680,4320,3,270,259200,0,0,1040640,0,0,4066,0,0,239929,0,0,0,0,4066,158664,0,0,0,0,0,0,0,0,136316088,115736207,43,0,0,0,4051,133201920,66600960,9895638,0,0,0,0,265912320,663552000,816,1040640,0,0,271,10
745,progressive-420,speed_bench_prog_hv_sampling.jpg,raw,zune-simd,4,295479034,294442973,720034346,49,7680,4320,3,270,259200,0,0,1040640,0,0,4066,0,0,237493,0,0,0,0,4066,154215,0,0,0,0,0,0,0,0,135043581,115247290,43,0,0,0,4051,133201920,66600960,9417741,0,0,0,0,265912320,663552000,816,1040640,0,0,271,10
746,progressive-420,speed_bench_prog_hv_sampling.jpg,raw,zune-simd,4,292904352,291687352,713295720,25,7680,4320,3,270,259200,0,0,1040640,0,0,4066,0,0,335983,0,0,0,0,4066,250990,0,0,0,0,0,0,0,0,134992849,115215114,43,0,0,0,4051,133201920,66600960,9399883,0,0,0,0,265912320,663552000,816,1040640,0,0,271,10
747,progressive-420,speed_bench_prog_hv_sampling.jpg,raw,zune-scalar,4,293937657,292908129,716280996,49,7680,4320,3,270,259200,0,0,1040640,0,0,4066,0,0,237322,0,0,0,0,4066,154476,0,0,0,0,0,0,0,0,134735155,114974700,43,0,0,0,4051,133201920,66600960,9357021,0,0,0,0,265912320,663552000,816,1040640,0,0,271,10
748,progressive-420,speed_bench_prog_hv_sampling.jpg,raw,zune-scalar,4,291537101,290312076,709932629,49,7680,4320,3,270,259200,0,0,1040640,0,0,4066,0,0,239095,0,0,0,0,4066,153792,0,0,0,0,0,0,0,0,135419785,115111962,43,0,0,0,4051,133201920,66600960,9705767,0,0,0,0,265912320,663552000,816,1040640,0,0,271,10
749,progressive-420,speed_bench_prog_hv_sampling.jpg,raw,zune-scalar,4,298208105,296704589,725564976,49,7680,4320,3,270,259200,0,0,1040640,0,0,4066,0,0,268080,0,0,0,0,4066,241099,0,0,0,0,0,0,0,0,148649413,125624411,43,0,0,0,4051,133201920,66600960,11938455,0,0,0,0,265912320,663552000,816,1040640,0,0,271,10
