sample_id,scan_index,kind,component,ticks,mcus
390,0,DcFirst,-1,86138104,518400
390,1,AcFirst,0,4930306,518400
390,2,AcFirst,2,4916538,518400
390,3,AcFirst,1,4797639,518400
390,4,AcFirst,0,4495848,518400
390,5,AcRefine,0,82683531,518400
390,6,DcRefine,-1,83960814,518400
390,7,AcRefine,2,28402090,518400
390,8,AcRefine,1,22107600,518400
390,9,AcRefine,0,118771688,518400
391,0,DcFirst,-1,86557177,518400
391,1,AcFirst,0,5008143,518400
391,2,AcFirst,2,4897183,518400
391,3,AcFirst,1,4801755,518400
391,4,AcFirst,0,4511602,518400
391,5,AcRefine,0,82924586,518400
391,6,DcRefine,-1,87529386,518400
391,7,AcRefine,2,28189038,518400
391,8,AcRefine,1,22155767,518400
391,9,AcRefine,0,119317131,518400
392,0,DcFirst,-1,86624871,518400
392,1,AcFirst,0,5041536,518400
392,2,AcFirst,2,4886892,518400
392,3,AcFirst,1,4761795,518400
392,4,AcFirst,0,4508196,518400
392,5,AcRefine,0,82757227,518400
392,6,DcRefine,-1,84234798,518400
392,7,AcRefine,2,28173505,518400
392,8,AcRefine,1,22127983,518400
392,9,AcRefine,0,119254509,518400
393,0,DcFirst,-1,85717195,518400
393,1,AcFirst,0,4915900,518400
393,2,AcFirst,2,4872340,518400
393,3,AcFirst,1,4752853,518400
393,4,AcFirst,0,4494133,518400
393,5,AcRefine,0,82946710,518400
393,6,DcRefine,-1,83408315,518400
393,7,AcRefine,2,28967624,518400
393,8,AcRefine,1,22043973,518400
393,9,AcRefine,0,118929517,518400
394,0,DcFirst,-1,86047381,518400
394,1,AcFirst,0,4944124,518400
394,2,AcFirst,2,4866729,518400
394,3,AcFirst,1,4765715,518400
394,4,AcFirst,0,4559181,518400
394,5,AcRefine,0,82473002,518400
394,6,DcRefine,-1,83026605,518400
394,7,AcRefine,2,28228851,518400
394,8,AcRefine,1,22016484,518400
394,9,AcRefine,0,119392444,518400
395,0,DcFirst,-1,85819213,518400
395,1,AcFirst,0,4985285,518400
395,2,AcFirst,2,4947236,518400
395,3,AcFirst,1,4764491,518400
395,4,AcFirst,0,4507314,518400
395,5,AcRefine,0,82810808,518400
395,6,DcRefine,-1,84357347,518400
395,7,AcRefine,2,28509057,518400
395,8,AcRefine,1,22006610,518400
395,9,AcRefine,0,118346785,518400
396,0,DcFirst,-1,86360810,518400
396,1,AcFirst,0,5039209,518400
396,2,AcFirst,2,4914357,518400
396,3,AcFirst,1,4807635,518400
396,4,AcFirst,0,4489502,518400
396,5,AcRefine,0,83005976,518400
396,6,DcRefine,-1,83861099,518400
396,7,AcRefine,2,28484313,518400
396,8,AcRefine,1,22120707,518400
396,9,AcRefine,0,118738539,518400
397,0,DcFirst,-1,90707428,518400
397,1,AcFirst,0,4998270,518400
397,2,AcFirst,2,4948020,518400
397,3,AcFirst,1,4815254,518400
397,4,AcFirst,0,4607396,518400
397,5,AcRefine,0,83070974,518400
397,6,DcRefine,-1,84367661,518400
397,7,AcRefine,2,28624722,518400
397,8,AcRefine,1,21958125,518400
397,9,AcRefine,0,119087664,518400
398,0,DcFirst,-1,85769502,518400
398,1,AcFirst,0,4973819,518400
398,2,AcFirst,2,5014268,518400
398,3,AcFirst,1,4780366,518400
398,4,AcFirst,0,4612100,518400
398,5,AcRefine,0,84718623,518400
398,6,DcRefine,-1,84347155,518400
398,7,AcRefine,2,28463071,518400
398,8,AcRefine,1,21957513,518400
398,9,AcRefine,0,118802166,518400
399,0,DcFirst,-1,85936788,518400
399,1,AcFirst,0,4931458,518400
399,2,AcFirst,2,4909530,518400
399,3,AcFirst,1,4783454,518400
399,4,AcFirst,0,4552272,518400
399,5,AcRefine,0,82641563,518400
399,6,DcRefine,-1,84825664,518400
399,7,AcRefine,2,28435803,518400
399,8,AcRefine,1,22129748,518400
399,9,AcRefine,0,119615762,518400
400,0,DcFirst,-1,87123789,518400
400,1,AcFirst,0,5027571,518400
400,2,AcFirst,2,4964067,518400
400,3,AcFirst,1,4758316,518400
400,4,AcFirst,0,4524954,518400
400,5,AcRefine,0,82617969,518400
400,6,DcRefine,-1,85656361,518400
400,7,AcRefine,2,28449939,518400
400,8,AcRefine,1,21979219,518400
400,9,AcRefine,0,118750520,518400
401,0,DcFirst,-1,86858502,518400
401,1,AcFirst,0,4937117,518400
401,2,AcFirst,2,4905537,518400
401,3,AcFirst,1,4812584,518400
401,4,AcFirst,0,4514786,518400
401,5,AcRefine,0,82505980,518400
401,6,DcRefine,-1,85156708,518400
401,7,AcRefine,2,28216258,518400
401,8,AcRefine,1,22101940,518400
401,9,AcRefine,0,118501184,518400
402,0,DcFirst,-1,86432006,518400
402,1,AcFirst,0,5083652,518400
402,2,AcFirst,2,4907987,518400
402,3,AcFirst,1,4860898,518400
402,4,AcFirst,0,4528580,518400
402,5,AcRefine,0,82658492,518400
402,6,DcRefine,-1,85005029,518400
402,7,AcRefine,2,28112256,518400
402,8,AcRefine,1,21882910,518400
402,9,AcRefine,0,118897789,518400
403,0,DcFirst,-1,85765655,518400
403,1,AcFirst,0,4929621,518400
403,2,AcFirst,2,4898653,518400
403,3,AcFirst,1,4771253,518400
403,4,AcFirst,0,4521499,518400
403,5,AcRefine,0,83072223,518400
403,6,DcRefine,-1,84947086,518400
403,7,AcRefine,2,28309873,518400
403,8,AcRefine,1,23629931,518400
403,9,AcRefine,0,119252035,518400
404,0,DcFirst,-1,86556638,518400
404,1,AcFirst,0,4925358,518400
404,2,AcFirst,2,4893850,518400
404,3,AcFirst,1,4803396,518400
404,4,AcFirst,0,4703510,518400
404,5,AcRefine,0,83122890,518400
404,6,DcRefine,-1,84072509,518400
404,7,AcRefine,2,28455746,518400
404,8,AcRefine,1,21961016,518400
404,9,AcRefine,0,119073798,518400
405,0,DcFirst,-1,86583833,518400
405,1,AcFirst,0,5024877,518400
405,2,AcFirst,2,4950764,518400
405,3,AcFirst,1,4815622,518400
405,4,AcFirst,0,4591031,518400
405,5,AcRefine,0,82979687,518400
405,6,DcRefine,-1,84368837,518400
405,7,AcRefine,2,28458612,518400
405,8,AcRefine,1,22245142,518400
405,9,AcRefine,0,118685154,518400
406,0,DcFirst,-1,86073596,518400
406,1,AcFirst,0,5049156,518400
406,2,AcFirst,2,4891817,518400
406,3,AcFirst,1,4784090,518400
406,4,AcFirst,0,4521475,518400
406,5,AcRefine,0,82958397,518400
406,6,DcRefine,-1,85972950,518400
406,7,AcRefine,2,28503618,518400
406,8,AcRefine,1,21606158,518400
406,9,AcRefine,0,118769189,518400
407,0,DcFirst,-1,86750629,518400
407,1,AcFirst,0,4967399,518400
407,2,AcFirst,2,4929964,518400
407,3,AcFirst,1,4763510,518400
407,4,AcFirst,0,4508490,518400
407,5,AcRefine,0,82713593,518400
407,6,DcRefine,-1,83209718,518400
407,7,AcRefine,2,28421029,518400
407,8,AcRefine,1,22112426,518400
407,9,AcRefine,0,119167755,518400
408,0,DcFirst,-1,86383129,518400
408,1,AcFirst,0,4927024,518400
408,2,AcFirst,2,4934325,518400
408,3,AcFirst,1,4808982,518400
408,4,AcFirst,0,4533823,518400
408,5,AcRefine,0,83128157,518400
408,6,DcRefine,-1,84963966,518400
408,7,AcRefine,2,28609116,518400
408,8,AcRefine,1,21997864,518400
408,9,AcRefine,0,119217147,518400
409,0,DcFirst,-1,86134258,518400
409,1,AcFirst,0,4998245,518400
409,2,AcFirst,2,4940351,518400
409,3,AcFirst,1,4767381,518400
409,4,AcFirst,0,4491952,518400
409,5,AcRefine,0,83584420,518400
409,6,DcRefine,-1,83684380,518400
409,7,AcRefine,2,27755682,518400
409,8,AcRefine,1,21781210,518400
409,9,AcRefine,0,118567603,518400
410,0,DcFirst,-1,86486887,518400
410,1,AcFirst,0,4927538,518400
410,2,AcFirst,2,4872192,518400
410,3,AcFirst,1,4781101,518400
410,4,AcFirst,0,4482422,518400
410,5,AcRefine,0,83021999,518400
410,6,DcRefine,-1,83649493,518400
410,7,AcRefine,2,28431588,518400
410,8,AcRefine,1,22010922,518400
410,9,AcRefine,0,118419598,518400
411,0,DcFirst,-1,86586945,518400
411,1,AcFirst,0,4940229,518400
411,2,AcFirst,2,4964288,518400
411,3,AcFirst,1,4964851,518400
411,4,AcFirst,0,4523631,518400
411,5,AcRefine,0,82622501,518400
411,6,DcRefine,-1,84277452,518400
411,7,AcRefine,2,27830652,518400
411,8,AcRefine,1,21686224,518400
411,9,AcRefine,0,118778842,518400
412,0,DcFirst,-1,85808972,518400
412,1,AcFirst,0,4917762,518400
412,2,AcFirst,2,4882654,518400
412,3,AcFirst,1,4772036,518400
412,4,AcFirst,0,4523533,518400
412,5,AcRefine,0,82880266,518400
412,6,DcRefine,-1,83765206,518400
412,7,AcRefine,2,28705768,518400
412,8,AcRefine,1,22110001,518400
412,9,AcRefine,0,118472127,518400
413,0,DcFirst,-1,85582469,518400
413,1,AcFirst,0,4923422,518400
413,2,AcFirst,2,4912789,518400
413,3,AcFirst,1,4778456,518400
413,4,AcFirst,0,4552076,518400
413,5,AcRefine,0,82776802,518400
413,6,DcRefine,-1,85816223,518400
413,7,AcRefine,2,29924618,518400
413,8,AcRefine,1,22471057,518400
413,9,AcRefine,0,118692332,518400
414,0,DcFirst,-1,86460304,518400
414,1,AcFirst,0,4921805,518400
414,2,AcFirst,2,4887529,518400
414,3,AcFirst,1,4758341,518400
414,4,AcFirst,0,4492344,518400
414,5,AcRefine,0,83157949,518400
414,6,DcRefine,-1,84529312,518400
414,7,AcRefine,2,28124922,518400
414,8,AcRefine,1,22009893,518400
414,9,AcRefine,0,118699266,518400
415,0,DcFirst,-1,85494710,518400
415,1,AcFirst,0,4950715,518400
415,2,AcFirst,2,4894414,518400
415,3,AcFirst,1,4768288,518400
415,4,AcFirst,0,4535881,518400
415,5,AcRefine,0,82991570,518400
415,6,DcRefine,-1,85532416,518400
415,7,AcRefine,2,28324989,518400
415,8,AcRefine,1,23085517,518400
415,9,AcRefine,0,119092785,518400
416,0,DcFirst,-1,86495609,518400
416,1,AcFirst,0,4940891,518400
416,2,AcFirst,2,4904410,518400
416,3,AcFirst,1,4780268,518400
416,4,AcFirst,0,4529609,518400
416,5,AcRefine,0,82898273,518400
416,6,DcRefine,-1,86319331,518400
416,7,AcRefine,2,28210158,518400
416,8,AcRefine,1,22150548,518400
416,9,AcRefine,0,119028276,518400
417,0,DcFirst,-1,86099762,518400
417,1,AcFirst,0,5019903,518400
417,2,AcFirst,2,4862735,518400
417,3,AcFirst,1,4756136,518400
417,4,AcFirst,0,4527355,518400
417,5,AcRefine,0,82695217,518400
417,6,DcRefine,-1,85310151,518400
417,7,AcRefine,2,28305806,518400
417,8,AcRefine,1,21982062,518400
417,9,AcRefine,0,118849059,518400
418,0,DcFirst,-1,87256480,518400
418,1,AcFirst,0,4938244,518400
418,2,AcFirst,2,4894340,518400
418,3,AcFirst,1,4775907,518400
418,4,AcFirst,0,4613056,518400
418,5,AcRefine,0,83567613,518400
418,6,DcRefine,-1,85307506,518400
418,7,AcRefine,2,28627882,518400
418,8,AcRefine,1,22181491,518400
418,9,AcRefine,0,118651148,518400
419,0,DcFirst,-1,86517536,518400
419,1,AcFirst,0,7817044,518400
419,2,AcFirst,2,8664621,518400
419,3,AcFirst,1,8350800,518400
419,4,AcFirst,0,8087279,518400
419,5,AcRefine,0,117383445,518400
419,6,DcRefine,-1,88481750,518400
419,7,AcRefine,2,28460400,518400
419,8,AcRefine,1,22257099,518400
419,9,AcRefine,0,119115692,518400
420,0,DcFirst,-1,136203977,518400
420,1,AcFirst,0,11588524,518400
420,2,AcFirst,2,11856505,518400
420,3,AcFirst,1,11586834,518400
420,4,AcFirst,0,11457327,518400
420,5,AcRefine,0,89882685,518400
420,6,DcRefine,-1,105326945,518400
420,7,AcRefine,2,34998961,518400
420,8,AcRefine,1,28931879,518400
420,9,AcRefine,0,125862013,518400
421,0,DcFirst,-1,137003388,518400
421,1,AcFirst,0,11955951,518400
421,2,AcFirst,2,12558479,518400
421,3,AcFirst,1,11700636,518400
421,4,AcFirst,0,11412614,518400
421,5,AcRefine,0,89878960,518400
421,6,DcRefine,-1,105292400,518400
421,7,AcRefine,2,34532260,518400
421,8,AcRefine,1,28426419,518400
421,9,AcRefine,0,126030915,518400
422,0,DcFirst,-1,137715504,518400
422,1,AcFirst,0,11899038,518400
422,2,AcFirst,2,11769432,518400
422,3,AcFirst,1,11542465,518400
422,4,AcFirst,0,11278991,518400
422,5,AcRefine,0,90076210,518400
422,6,DcRefine,-1,105259056,518400
422,7,AcRefine,2,35000382,518400
422,8,AcRefine,1,29056559,518400
422,9,AcRefine,0,126167821,518400
423,0,DcFirst,-1,137587124,518400
423,1,AcFirst,0,11803830,518400
423,2,AcFirst,2,11692258,518400
423,3,AcFirst,1,11608027,518400
423,4,AcFirst,0,11417931,518400
423,5,AcRefine,0,90638044,518400
423,6,DcRefine,-1,105703707,518400
423,7,AcRefine,2,35196137,518400
423,8,AcRefine,1,28901082,518400
423,9,AcRefine,0,126326214,518400
424,0,DcFirst,-1,136827331,518400
424,1,AcFirst,0,11881177,518400
424,2,AcFirst,2,12099276,518400
424,3,AcFirst,1,11760931,518400
424,4,AcFirst,0,11320274,518400
424,5,AcRefine,0,90343775,518400
424,6,DcRefine,-1,105615629,518400
424,7,AcRefine,2,35079688,518400
424,8,AcRefine,1,28913896,518400
424,9,AcRefine,0,126148907,518400
425,0,DcFirst,-1,136563000,518400
425,1,AcFirst,0,11669595,518400
425,2,AcFirst,2,11576471,518400
425,3,AcFirst,1,11360699,518400
425,4,AcFirst,0,11311307,518400
425,5,AcRefine,0,89989774,518400
425,6,DcRefine,-1,104571611,518400
425,7,AcRefine,2,34874231,518400
425,8,AcRefine,1,28828488,518400
425,9,AcRefine,0,126047796,518400
426,0,DcFirst,-1,137061012,518400
426,1,AcFirst,0,11552975,518400
426,2,AcFirst,2,11584751,518400
426,3,AcFirst,1,11508214,518400
426,4,AcFirst,0,11415775,518400
426,5,AcRefine,0,89820087,518400
426,6,DcRefine,-1,104697785,518400
426,7,AcRefine,2,34894002,518400
426,8,AcRefine,1,28987763,518400
426,9,AcRefine,0,125837317,518400
427,0,DcFirst,-1,136868491,518400
427,1,AcFirst,0,11680571,518400
427,2,AcFirst,2,11678096,518400
427,3,AcFirst,1,11490157,518400
427,4,AcFirst,0,11284675,518400
427,5,AcRefine,0,89621735,518400
427,6,DcRefine,-1,105671146,518400
427,7,AcRefine,2,34792450,518400
427,8,AcRefine,1,28623669,518400
427,9,AcRefine,0,125717463,518400
428,0,DcFirst,-1,137829454,518400
428,1,AcFirst,0,11820099,518400
428,2,AcFirst,2,11715263,518400
428,3,AcFirst,1,11446277,518400
428,4,AcFirst,0,11748314,518400
428,5,AcRefine,0,90631797,518400
428,6,DcRefine,-1,105134204,518400
428,7,AcRefine,2,35784234,518400
428,8,AcRefine,1,28976762,518400
428,9,AcRefine,0,126191611,518400
429,0,DcFirst,-1,137627844,518400
429,1,AcFirst,0,11603812,518400
429,2,AcFirst,2,11796260,518400
429,3,AcFirst,1,11465559,518400
429,4,AcFirst,0,11439540,518400
429,5,AcRefine,0,90000407,518400
429,6,DcRefine,-1,105639345,518400
429,7,AcRefine,2,34881826,518400
429,8,AcRefine,1,28859456,518400
429,9,AcRefine,0,125694481,518400
430,0,DcFirst,-1,137075369,518400
430,1,AcFirst,0,11691057,518400
430,2,AcFirst,2,11681159,518400
430,3,AcFirst,1,11549398,518400
430,4,AcFirst,0,11407420,518400
430,5,AcRefine,0,89717873,518400
430,6,DcRefine,-1,105836692,518400
430,7,AcRefine,2,35117124,518400
430,8,AcRefine,1,28941335,518400
430,9,AcRefine,0,125973610,518400
431,0,DcFirst,-1,137584699,518400
431,1,AcFirst,0,11532077,518400
431,2,AcFirst,2,11632477,518400
431,3,AcFirst,1,11558365,518400
431,4,AcFirst,0,11265859,518400
431,5,AcRefine,0,89873766,518400
431,6,DcRefine,-1,105135748,518400
431,7,AcRefine,2,35704022,518400
431,8,AcRefine,1,28671370,518400
431,9,AcRefine,0,126111227,518400
432,0,DcFirst,-1,136575470,518400
432,1,AcFirst,0,11656316,518400
432,2,AcFirst,2,11634829,518400
432,3,AcFirst,1,11357710,518400
432,4,AcFirst,0,11351438,518400
432,5,AcRefine,0,90102352,518400
432,6,DcRefine,-1,105085743,518400
432,7,AcRefine,2,34946727,518400
432,8,AcRefine,1,28872221,518400
432,9,AcRefine,0,125728365,518400
433,0,DcFirst,-1,136580395,518400
433,1,AcFirst,0,11584114,518400
433,2,AcFirst,2,11741943,518400
433,3,AcFirst,1,11468278,518400
433,4,AcFirst,0,11266202,518400
433,5,AcRefine,0,92293288,518400
433,6,DcRefine,-1,105440993,518400
433,7,AcRefine,2,35240261,518400
433,8,AcRefine,1,28812564,518400
433,9,AcRefine,0,125745442,518400
434,0,DcFirst,-1,136161641,518400
434,1,AcFirst,0,11489912,518400
434,2,AcFirst,2,11457670,518400
434,3,AcFirst,1,11686059,518400
434,4,AcFirst,0,11444268,518400
434,5,AcRefine,0,89998128,518400
434,6,DcRefine,-1,105850363,518400
434,7,AcRefine,2,35180162,518400
434,8,AcRefine,1,29278284,518400
434,9,AcRefine,0,125957759,518400
435,0,DcFirst,-1,137380761,518400
435,1,AcFirst,0,11639166,518400
435,2,AcFirst,2,11930153,518400
435,3,AcFirst,1,11538299,518400
435,4,AcFirst,0,11360478,518400
435,5,AcRefine,0,90404118,518400
435,6,DcRefine,-1,131143159,518400
435,7,AcRefine,2,34982178,518400
435,8,AcRefine,1,28831159,518400
435,9,AcRefine,0,126365389,518400
436,0,DcFirst,-1,137024188,518400
436,1,AcFirst,0,11710167,518400
436,2,AcFirst,2,11643110,518400
436,3,AcFirst,1,11404211,518400
436,4,AcFirst,0,11461222,518400
436,5,AcRefine,0,89452244,518400
436,6,DcRefine,-1,106355651,518400
436,7,AcRefine,2,35003077,518400
436,8,AcRefine,1,28898019,518400
436,9,AcRefine,0,125622011,518400
437,0,DcFirst,-1,163726028,518400
437,1,AcFirst,0,11877576,518400
437,2,AcFirst,2,12442006,518400
437,3,AcFirst,1,11718644,518400
437,4,AcFirst,0,11394509,518400
437,5,AcRefine,0,89841745,518400
437,6,DcRefine,-1,106296729,518400
437,7,AcRefine,2,34967282,518400
437,8,AcRefine,1,28816900,518400
437,9,AcRefine,0,128111505,518400
438,0,DcFirst,-1,137452816,518400
438,1,AcFirst,0,11641689,518400
438,2,AcFirst,2,11598373,518400
438,3,AcFirst,1,11438928,518400
438,4,AcFirst,0,11633408,518400
438,5,AcRefine,0,90575863,518400
438,6,DcRefine,-1,105649782,518400
438,7,AcRefine,2,34932075,518400
438,8,AcRefine,1,29207577,518400
438,9,AcRefine,0,126164269,518400
439,0,DcFirst,-1,137219502,518400
439,1,AcFirst,0,11716905,518400
439,2,AcFirst,2,11830266,518400
439,3,AcFirst,1,11459508,518400
439,4,AcFirst,0,11218550,518400
439,5,AcRefine,0,111810846,518400
439,6,DcRefine,-1,112879683,518400
439,7,AcRefine,2,34989749,518400
439,8,AcRefine,1,28707214,518400
439,9,AcRefine,0,125919196,518400
440,0,DcFirst,-1,138068059,518400
440,1,AcFirst,0,11508263,518400
440,2,AcFirst,2,11638088,518400
440,3,AcFirst,1,12083253,518400
440,4,AcFirst,0,11416510,518400
440,5,AcRefine,0,90051955,518400
440,6,DcRefine,-1,106997282,518400
440,7,AcRefine,2,35801066,518400
440,8,AcRefine,1,29513557,518400
440,9,AcRefine,0,126747344,518400
441,0,DcFirst,-1,145809177,518400
441,1,AcFirst,0,11640440,518400
441,2,AcFirst,2,12190563,518400
441,3,AcFirst,1,11478985,518400
441,4,AcFirst,0,11308489,518400
441,5,AcRefine,0,90278972,518400
441,6,DcRefine,-1,105037454,518400
441,7,AcRefine,2,34806342,518400
441,8,AcRefine,1,28747933,518400
441,9,AcRefine,0,125890506,518400
442,0,DcFirst,-1,139867462,518400
442,1,AcFirst,0,11592984,518400
442,2,AcFirst,2,12109125,518400
442,3,AcFirst,1,11626549,518400
442,4,AcFirst,0,11654111,518400
442,5,AcRefine,0,90118497,518400
442,6,DcRefine,-1,104879575,518400
442,7,AcRefine,2,35444591,518400
442,8,AcRefine,1,29194102,518400
442,9,AcRefine,0,127192216,518400
443,0,DcFirst,-1,142246583,518400
443,1,AcFirst,0,11835975,518400
443,2,AcFirst,2,11638700,518400
443,3,AcFirst,1,11450933,518400
443,4,AcFirst,0,11397743,518400
443,5,AcRefine,0,90079566,518400
443,6,DcRefine,-1,105737076,518400
443,7,AcRefine,2,34832434,518400
443,8,AcRefine,1,28843850,518400
443,9,AcRefine,0,126037016,518400
444,0,DcFirst,-1,138071049,518400
444,1,AcFirst,0,11675083,518400
444,2,AcFirst,2,11889630,518400
444,3,AcFirst,1,11525902,518400
444,4,AcFirst,0,11322210,518400
444,5,AcRefine,0,89260287,518400
444,6,DcRefine,-1,106204683,518400
444,7,AcRefine,2,35469336,518400
444,8,AcRefine,1,29481193,518400
444,9,AcRefine,0,126041352,518400
445,0,DcFirst,-1,137423832,518400
445,1,AcFirst,0,11567626,518400
445,2,AcFirst,2,11834578,518400
445,3,AcFirst,1,11440569,518400
445,4,AcFirst,0,12643078,518400
445,5,AcRefine,0,90631772,518400
445,6,DcRefine,-1,105294851,518400
445,7,AcRefine,2,35161788,518400
445,8,AcRefine,1,29916631,518400
445,9,AcRefine,0,125858779,518400
446,0,DcFirst,-1,135828882,518400
446,1,AcFirst,0,11611040,518400
446,2,AcFirst,2,11816423,518400
446,3,AcFirst,1,11449193,518400
446,4,AcFirst,0,11337620,518400
446,5,AcRefine,0,89805828,518400
446,6,DcRefine,-1,105692583,518400
446,7,AcRefine,2,35173107,518400
446,8,AcRefine,1,29296831,518400
446,9,AcRefine,0,127982389,518400
447,0,DcFirst,-1,138016707,518400
447,1,AcFirst,0,11802826,518400
447,2,AcFirst,2,12048586,518400
447,3,AcFirst,1,11590582,518400
447,4,AcFirst,0,11360944,518400
447,5,AcRefine,0,90019713,518400
447,6,DcRefine,-1,105309624,518400
447,7,AcRefine,2,34986858,518400
447,8,AcRefine,1,29045485,518400
447,9,AcRefine,0,125596947,518400
448,0,DcFirst,-1,136401545,518400
448,1,AcFirst,0,11860671,518400
448,2,AcFirst,2,12451022,518400
448,3,AcFirst,1,11690077,518400
448,4,AcFirst,0,12035821,518400
448,5,AcRefine,0,90604846,518400
448,6,DcRefine,-1,108690918,518400
448,7,AcRefine,2,35727174,518400
448,8,AcRefine,1,30360106,518400
448,9,AcRefine,0,125869289,518400
449,0,DcFirst,-1,135967282,518400
449,1,AcFirst,0,11637427,518400
449,2,AcFirst,2,12404056,518400
449,3,AcFirst,1,11391030,518400
449,4,AcFirst,0,11291536,518400
449,5,AcRefine,0,90856853,518400
449,6,DcRefine,-1,105431193,518400
449,7,AcRefine,2,34933864,518400
449,8,AcRefine,1,28936215,518400
449,9,AcRefine,0,126025379,518400
450,0,DcFirst,-1,137678044,518400
450,1,AcFirst,0,18152638,518400
450,2,AcFirst,2,17595483,518400
450,3,AcFirst,1,17400512,518400
450,4,AcFirst,0,17253071,518400
450,5,AcRefine,0,162192524,518400
450,6,DcRefine,-1,129784928,518400
450,7,AcRefine,2,60867457,518400
450,8,AcRefine,1,48246576,518400
450,9,AcRefine,0,220304686,518400
451,0,DcFirst,-1,166753223,518400
451,1,AcFirst,0,17795795,518400
451,2,AcFirst,2,17813680,518400
451,3,AcFirst,1,16554405,518400
451,4,AcFirst,0,17272035,518400
451,5,AcRefine,0,168324775,518400
451,6,DcRefine,-1,133324786,518400
451,7,AcRefine,2,62409560,518400
451,8,AcRefine,1,50027628,518400
451,9,AcRefine,0,230198252,518400
452,0,DcFirst,-1,168877275,518400
452,1,AcFirst,0,17983245,518400
452,2,AcFirst,2,17724010,518400
452,3,AcFirst,1,17673394,518400
452,4,AcFirst,0,17351071,518400
452,5,AcRefine,0,167242439,518400
452,6,DcRefine,-1,135062130,518400
452,7,AcRefine,2,60152596,518400
452,8,AcRefine,1,30723833,518400
452,9,AcRefine,0,126547351,518400
453,0,DcFirst,-1,145093900,518400
453,1,AcFirst,0,12215994,518400
453,2,AcFirst,2,12325803,518400
453,3,AcFirst,1,12007915,518400
453,4,AcFirst,0,11559125,518400
453,5,AcRefine,0,102064158,518400
453,6,DcRefine,-1,107988087,518400
453,7,AcRefine,2,36629166,518400
453,8,AcRefine,1,29392773,518400
453,9,AcRefine,0,150757075,518400
454,0,DcFirst,-1,141508374,518400
454,1,AcFirst,0,11897421,518400
454,2,AcFirst,2,11773083,518400
454,3,AcFirst,1,11620178,518400
454,4,AcFirst,0,11453137,518400
454,5,AcRefine,0,107012055,518400
454,6,DcRefine,-1,112904746,518400
454,7,AcRefine,2,37171326,518400
454,8,AcRefine,1,36749951,518400
454,9,AcRefine,0,145009939,518400
455,0,DcFirst,-1,140111825,518400
455,1,AcFirst,0,11983857,518400
455,2,AcFirst,2,11965481,518400
455,3,AcFirst,1,12171992,518400
455,4,AcFirst,0,11995298,518400
455,5,AcRefine,0,92476132,518400
455,6,DcRefine,-1,108293234,518400
455,7,AcRefine,2,36664030,518400
455,8,AcRefine,1,30138798,518400
455,9,AcRefine,0,131750441,518400
456,0,DcFirst,-1,136686456,518400
456,1,AcFirst,0,11767571,518400
456,2,AcFirst,2,11645242,518400
456,3,AcFirst,1,11411047,518400
456,4,AcFirst,0,11426775,518400
456,5,AcRefine,0,89533535,518400
456,6,DcRefine,-1,104308701,518400
456,7,AcRefine,2,34918821,518400
456,8,AcRefine,1,28828244,518400
456,9,AcRefine,0,125738728,518400
457,0,DcFirst,-1,136582159,518400
457,1,AcFirst,0,11597467,518400
457,2,AcFirst,2,11738195,518400
457,3,AcFirst,1,11436257,518400
457,4,AcFirst,0,11378878,518400
457,5,AcRefine,0,89731887,518400
457,6,DcRefine,-1,104856717,518400
457,7,AcRefine,2,34704152,518400
457,8,AcRefine,1,28776818,518400
457,9,AcRefine,0,126270084,518400
458,0,DcFirst,-1,137131865,518400
458,1,AcFirst,0,11548295,518400
458,2,AcFirst,2,11664156,518400
458,3,AcFirst,1,11591905,518400
458,4,AcFirst,0,11424644,518400
458,5,AcRefine,0,89028027,518400
458,6,DcRefine,-1,106709089,518400
458,7,AcRefine,2,35207308,518400
458,8,AcRefine,1,28889200,518400
458,9,AcRefine,0,125424002,518400
459,0,DcFirst,-1,137289082,518400
459,1,AcFirst,0,11524212,518400
459,2,AcFirst,2,11466956,518400
459,3,AcFirst,1,11453530,518400
459,4,AcFirst,0,11535972,518400
459,5,AcRefine,0,90837400,518400
459,6,DcRefine,-1,105370458,518400
459,7,AcRefine,2,34510896,518400
459,8,AcRefine,1,28796124,518400
459,9,AcRefine,0,125676425,518400
460,0,DcFirst,-1,136284533,518400
460,1,AcFirst,0,11741674,518400
460,2,AcFirst,2,11681992,518400
460,3,AcFirst,1,11413252,518400
460,4,AcFirst,0,11360797,518400
460,5,AcRefine,0,89705133,518400
460,6,DcRefine,-1,106312164,518400
460,7,AcRefine,2,34783557,518400
460,8,AcRefine,1,28797814,518400
460,9,AcRefine,0,125593811,518400
461,0,DcFirst,-1,135961378,518400
461,1,AcFirst,0,11726386,518400
461,2,AcFirst,2,11509537,518400
461,3,AcFirst,1,11378902,518400
461,4,AcFirst,0,11315815,518400
461,5,AcRefine,0,89558329,518400
461,6,DcRefine,-1,106312188,518400
461,7,AcRefine,2,34736370,518400
461,8,AcRefine,1,28696629,518400
461,9,AcRefine,0,125725842,518400
462,0,DcFirst,-1,138662993,518400
462,1,AcFirst,0,11680816,518400
462,2,AcFirst,2,11865889,518400
462,3,AcFirst,1,11729424,518400
462,4,AcFirst,0,11281833,518400
462,5,AcRefine,0,89849414,518400
462,6,DcRefine,-1,105908772,518400
462,7,AcRefine,2,35224262,518400
462,8,AcRefine,1,30432871,518400
462,9,AcRefine,0,125276855,518400
463,0,DcFirst,-1,138072372,518400
463,1,AcFirst,0,11597295,518400
463,2,AcFirst,2,11653768,518400
463,3,AcFirst,1,11451814,518400
463,4,AcFirst,0,11398404,518400
463,5,AcRefine,0,89677742,518400
463,6,DcRefine,-1,105246855,518400
463,7,AcRefine,2,34797276,518400
463,8,AcRefine,1,28824887,518400
463,9,AcRefine,0,125563529,518400
464,0,DcFirst,-1,139506798,518400
464,1,AcFirst,0,11540211,518400
464,2,AcFirst,2,11583747,518400
464,3,AcFirst,1,11549521,518400
464,4,AcFirst,0,11347469,518400
464,5,AcRefine,0,91655431,518400
464,6,DcRefine,-1,107600840,518400
464,7,AcRefine,2,35003616,518400
464,8,AcRefine,1,28999621,518400
464,9,AcRefine,0,127009372,518400
465,0,DcFirst,-1,137204704,518400
465,1,AcFirst,0,11603102,518400
465,2,AcFirst,2,11485257,518400
465,3,AcFirst,1,11528475,518400
465,4,AcFirst,0,11429225,518400
465,5,AcRefine,0,89974437,518400
465,6,DcRefine,-1,105513636,518400
465,7,AcRefine,2,34649860,518400
465,8,AcRefine,1,28803719,518400
465,9,AcRefine,0,125466166,518400
466,0,DcFirst,-1,136681115,518400
466,1,AcFirst,0,11464040,518400
466,2,AcFirst,2,11598863,518400
466,3,AcFirst,1,11360111,518400
466,4,AcFirst,0,11451692,518400
466,5,AcRefine,0,89632980,518400
466,6,DcRefine,-1,105244895,518400
466,7,AcRefine,2,35346689,518400
466,8,AcRefine,1,28650447,518400
466,9,AcRefine,0,125327961,518400
467,0,DcFirst,-1,136732050,518400
467,1,AcFirst,0,11677900,518400
467,2,AcFirst,2,11686549,518400
467,3,AcFirst,1,11528377,518400
467,4,AcFirst,0,11398772,518400
467,5,AcRefine,0,89704912,518400
467,6,DcRefine,-1,106062436,518400
467,7,AcRefine,2,34634915,518400
467,8,AcRefine,1,28667475,518400
467,9,AcRefine,0,126205527,518400
468,0,DcFirst,-1,137542265,518400
468,1,AcFirst,0,11531831,518400
468,2,AcFirst,2,12476699,518400
468,3,AcFirst,1,11452452,518400
468,4,AcFirst,0,11385052,518400
468,5,AcRefine,0,89626978,518400
468,6,DcRefine,-1,111214957,518400
468,7,AcRefine,2,62266211,518400
468,8,AcRefine,1,43189237,518400
468,9,AcRefine,0,125547579,518400
469,0,DcFirst,-1,138781843,518400
469,1,AcFirst,0,11654234,518400
469,2,AcFirst,2,11656880,518400
469,3,AcFirst,1,11451667,518400
469,4,AcFirst,0,11269878,518400
469,5,AcRefine,0,89411329,518400
469,6,DcRefine,-1,106112758,518400
469,7,AcRefine,2,35002170,518400
469,8,AcRefine,1,28548748,518400
469,9,AcRefine,0,125327913,518400
470,0,DcFirst,-1,136454073,518400
470,1,AcFirst,0,12097733,518400
470,2,AcFirst,2,11629292,518400
470,3,AcFirst,1,11365427,518400
470,4,AcFirst,0,11355088,518400
470,5,AcRefine,0,89719637,518400
470,6,DcRefine,-1,104421450,518400
470,7,AcRefine,2,35365505,518400
470,8,AcRefine,1,29104530,518400
470,9,AcRefine,0,125723465,518400
471,0,DcFirst,-1,136505939,518400
471,1,AcFirst,0,11553906,518400
471,2,AcFirst,2,11595532,518400
471,3,AcFirst,1,11962052,518400
471,4,AcFirst,0,11319122,518400
471,5,AcRefine,0,89805191,518400
471,6,DcRefine,-1,104721722,518400
471,7,AcRefine,2,34852524,518400
471,8,AcRefine,1,28581479,518400
471,9,AcRefine,0,125630414,518400
472,0,DcFirst,-1,135881385,518400
472,1,AcFirst,0,11752356,518400
472,2,AcFirst,2,11570517,518400
472,3,AcFirst,1,11467690,518400
472,4,AcFirst,0,11288963,518400
472,5,AcRefine,0,89916201,518400
472,6,DcRefine,-1,105268905,518400
472,7,AcRefine,2,35139199,518400
472,8,AcRefine,1,28858771,518400
472,9,AcRefine,0,125857578,518400
473,0,DcFirst,-1,137317379,518400
473,1,AcFirst,0,11601191,518400
473,2,AcFirst,2,11736945,518400
473,3,AcFirst,1,11409895,518400
473,4,AcFirst,0,11274238,518400
473,5,AcRefine,0,89624822,518400
473,6,DcRefine,-1,107230032,518400
473,7,AcRefine,2,34872810,518400
473,8,AcRefine,1,28778117,518400
473,9,AcRefine,0,126096428,518400
474,0,DcFirst,-1,138640208,518400
474,1,AcFirst,0,11739690,518400
474,2,AcFirst,2,11858000,518400
474,3,AcFirst,1,11625593,518400
474,4,AcFirst,0,11452574,518400
474,5,AcRefine,0,89466969,518400
474,6,DcRefine,-1,106051313,518400
474,7,AcRefine,2,35229677,518400
474,8,AcRefine,1,29701301,518400
474,9,AcRefine,0,126305707,518400
475,0,DcFirst,-1,137061134,518400
475,1,AcFirst,0,11675010,518400
475,2,AcFirst,2,11831761,518400
475,3,AcFirst,1,11425011,518400
475,4,AcFirst,0,11632894,518400
475,5,AcRefine,0,90259984,518400
475,6,DcRefine,-1,106122412,518400
475,7,AcRefine,2,34758077,518400
475,8,AcRefine,1,28818027,518400
475,9,AcRefine,0,125906921,518400
476,0,DcFirst,-1,138020652,518400
476,1,AcFirst,0,11733736,518400
476,2,AcFirst,2,11921577,518400
476,3,AcFirst,1,11956343,518400
476,4,AcFirst,0,11355138,518400
476,5,AcRefine,0,89331679,518400
476,6,DcRefine,-1,105130088,518400
476,7,AcRefine,2,35010917,518400
476,8,AcRefine,1,29994223,518400
476,9,AcRefine,0,125873405,518400
477,0,DcFirst,-1,138806881,518400
477,1,AcFirst,0,11770584,518400
477,2,AcFirst,2,11765415,518400
477,3,AcFirst,1,11579900,518400
477,4,AcFirst,0,11475114,518400
477,5,AcRefine,0,89637562,518400
477,6,DcRefine,-1,106007653,518400
477,7,AcRefine,2,34961769,518400
477,8,AcRefine,1,28935529,518400
477,9,AcRefine,0,125581536,518400
478,0,DcFirst,-1,137359348,518400
478,1,AcFirst,0,11585095,518400
478,2,AcFirst,2,11722147,518400
478,3,AcFirst,1,11435449,518400
478,4,AcFirst,0,11447601,518400
478,5,AcRefine,0,89487696,518400
478,6,DcRefine,-1,105533897,518400
478,7,AcRefine,2,34919483,518400
478,8,AcRefine,1,29022553,518400
478,9,AcRefine,0,126099810,518400
479,0,DcFirst,-1,138648048,518400
479,1,AcFirst,0,11735206,518400
479,2,AcFirst,2,11653694,518400
479,3,AcFirst,1,11633825,518400
479,4,AcFirst,0,11371994,518400
479,5,AcRefine,0,89930631,518400
479,6,DcRefine,-1,105842107,518400
479,7,AcRefine,2,34860683,518400
479,8,AcRefine,1,28638760,518400
479,9,AcRefine,0,126729263,518400
480,0,DcFirst,-1,64527145,259200
480,1,AcFirst,0,5393111,518400
480,2,AcFirst,2,2619001,259200
480,3,AcFirst,1,2636592,259200
480,4,AcFirst,0,4533652,518400
480,5,AcRefine,0,83320703,518400
480,6,DcRefine,-1,58609880,259200
480,7,AcRefine,2,17321573,259200
480,8,AcRefine,1,12217586,259200
480,9,AcRefine,0,118821129,518400
481,0,DcFirst,-1,66083899,259200
481,1,AcFirst,0,5551921,518400
481,2,AcFirst,2,2755858,259200
481,3,AcFirst,1,2655653,259200
481,4,AcFirst,0,4527379,518400
481,5,AcRefine,0,83573567,518400
481,6,DcRefine,-1,58967359,259200
481,7,AcRefine,2,17255669,259200
481,8,AcRefine,1,12203671,259200
481,9,AcRefine,0,119798998,518400
482,0,DcFirst,-1,64771556,259200
482,1,AcFirst,0,5254662,518400
482,2,AcFirst,2,2572084,259200
482,3,AcFirst,1,2662611,259200
482,4,AcFirst,0,4652182,518400
482,5,AcRefine,0,82572570,518400
482,6,DcRefine,-1,56547005,259200
482,7,AcRefine,2,16951697,259200
482,8,AcRefine,1,12217464,259200
482,9,AcRefine,0,118680254,518400
483,0,DcFirst,-1,64245100,259200
483,1,AcFirst,0,5462814,518400
483,2,AcFirst,2,2559295,259200
483,3,AcFirst,1,2682529,259200
483,4,AcFirst,0,4502586,518400
483,5,AcRefine,0,82355427,518400
483,6,DcRefine,-1,55374851,259200
483,7,AcRefine,2,18382595,259200
483,8,AcRefine,1,12203181,259200
483,9,AcRefine,0,119035137,518400
484,0,DcFirst,-1,64406825,259200
484,1,AcFirst,0,5163963,518400
484,2,AcFirst,2,2680570,259200
484,3,AcFirst,1,2685077,259200
484,4,AcFirst,0,4510034,518400
484,5,AcRefine,0,83272119,518400
484,6,DcRefine,-1,56687610,259200
484,7,AcRefine,2,16843701,259200
484,8,AcRefine,1,12203719,259200
484,9,AcRefine,0,177285112,518400
485,0,DcFirst,-1,64188750,259200
485,1,AcFirst,0,5233837,518400
485,2,AcFirst,2,2632035,259200
485,3,AcFirst,1,2707544,259200
485,4,AcFirst,0,4495603,518400
485,5,AcRefine,0,84723033,518400
485,6,DcRefine,-1,56212384,259200
485,7,AcRefine,2,17329560,259200
485,8,AcRefine,1,16515450,259200
485,9,AcRefine,0,118873485,518400
486,0,DcFirst,-1,64698694,259200
486,1,AcFirst,0,5477318,518400
486,2,AcFirst,2,3373160,259200
486,3,AcFirst,1,2701272,259200
486,4,AcFirst,0,4514150,518400
486,5,AcRefine,0,83685948,518400
486,6,DcRefine,-1,56112325,259200
486,7,AcRefine,2,17185599,259200
486,8,AcRefine,1,12220134,259200
486,9,AcRefine,0,118476757,518400
487,0,DcFirst,-1,64991028,259200
487,1,AcFirst,0,5313045,518400
487,2,AcFirst,2,2553537,259200
487,3,AcFirst,1,2638087,259200
487,4,AcFirst,0,4614599,518400
487,5,AcRefine,0,82784349,518400
487,6,DcRefine,-1,55699623,259200
487,7,AcRefine,2,17022110,259200
487,8,AcRefine,1,12178656,259200
487,9,AcRefine,0,118567873,518400
488,0,DcFirst,-1,64396021,259200
488,1,AcFirst,0,5211836,518400
488,2,AcFirst,2,2548637,259200
488,3,AcFirst,1,2636347,259200
488,4,AcFirst,0,4461964,518400
488,5,AcRefine,0,82425399,518400
488,6,DcRefine,-1,55929629,259200
488,7,AcRefine,2,17024266,259200
488,8,AcRefine,1,12186962,259200
488,9,AcRefine,0,119261664,518400
489,0,DcFirst,-1,64380267,259200
489,1,AcFirst,0,5131255,518400
489,2,AcFirst,2,2549372,259200
489,3,AcFirst,1,2631496,259200
489,4,AcFirst,0,4565158,518400
489,5,AcRefine,0,82926032,518400
489,6,DcRefine,-1,55524252,259200
489,7,AcRefine,2,16718506,259200
489,8,AcRefine,1,12243507,259200
489,9,AcRefine,0,119628110,518400
490,0,DcFirst,-1,64423828,259200
490,1,AcFirst,0,5179594,518400
490,2,AcFirst,2,2542144,259200
490,3,AcFirst,1,2655040,259200
490,4,AcFirst,0,4448171,518400
490,5,AcRefine,0,83661179,518400
490,6,DcRefine,-1,56345492,259200
490,7,AcRefine,2,16813713,259200
490,8,AcRefine,1,12610959,259200
490,9,AcRefine,0,119754187,518400
491,0,DcFirst,-1,64503723,259200
491,1,AcFirst,0,5239864,518400
491,2,AcFirst,2,2556453,259200
491,3,AcFirst,1,2656241,259200
491,4,AcFirst,0,4498396,518400
491,5,AcRefine,0,83515037,518400
491,6,DcRefine,-1,56251314,259200
491,7,AcRefine,2,17006504,259200
491,8,AcRefine,1,12360520,259200
491,9,AcRefine,0,118619764,518400
492,0,DcFirst,-1,64840401,259200
492,1,AcFirst,0,5272523,518400
492,2,AcFirst,2,2588768,259200
492,3,AcFirst,1,2964720,259200
492,4,AcFirst,0,4696993,518400
492,5,AcRefine,0,83100790,518400
492,6,DcRefine,-1,56109386,259200
492,7,AcRefine,2,16717330,259200
492,8,AcRefine,1,12324823,259200
492,9,AcRefine,0,118808806,518400
493,0,DcFirst,-1,64925710,259200
493,1,AcFirst,0,5104036,518400
493,2,AcFirst,2,2659499,259200
493,3,AcFirst,1,2663640,259200
493,4,AcFirst,0,4501801,518400
493,5,AcRefine,0,82692302,518400
493,6,DcRefine,-1,55174368,259200
493,7,AcRefine,2,16913894,259200
493,8,AcRefine,1,12241596,259200
493,9,AcRefine,0,119103957,518400
494,0,DcFirst,-1,64684434,259200
494,1,AcFirst,0,5229990,518400
494,2,AcFirst,2,2541630,259200
494,3,AcFirst,1,2652688,259200
494,4,AcFirst,0,4479727,518400
494,5,AcRefine,0,83905493,518400
494,6,DcRefine,-1,56692167,259200
494,7,AcRefine,2,16936115,259200
494,8,AcRefine,1,12182356,259200
494,9,AcRefine,0,120057620,518400
495,0,DcFirst,-1,64447863,259200
495,1,AcFirst,0,5239006,518400
495,2,AcFirst,2,2591291,259200
495,3,AcFirst,1,2632108,259200
495,4,AcFirst,0,4536028,518400
495,5,AcRefine,0,82682061,518400
495,6,DcRefine,-1,57003831,259200
495,7,AcRefine,2,17060257,259200
495,8,AcRefine,1,12217734,259200
495,9,AcRefine,0,119767736,518400
496,0,DcFirst,-1,64251519,259200
496,1,AcFirst,0,5157103,518400
496,2,AcFirst,2,2557383,259200
496,3,AcFirst,1,2639091,259200
496,4,AcFirst,0,4493373,518400
496,5,AcRefine,0,83012051,518400
496,6,DcRefine,-1,56238819,259200
496,7,AcRefine,2,18760630,259200
496,8,AcRefine,1,12568231,259200
496,9,AcRefine,0,119009142,518400
497,0,DcFirst,-1,65156329,259200
497,1,AcFirst,0,5164796,518400
497,2,AcFirst,2,2610744,259200
497,3,AcFirst,1,2638062,259200
497,4,AcFirst,0,4490384,518400
497,5,AcRefine,0,83487964,518400
497,6,DcRefine,-1,56337554,259200
497,7,AcRefine,2,16791296,259200
497,8,AcRefine,1,12031288,259200
497,9,AcRefine,0,118123981,518400
498,0,DcFirst,-1,64691490,259200
498,1,AcFirst,0,5163399,518400
498,2,AcFirst,2,2583917,259200
498,3,AcFirst,1,2674714,259200
498,4,AcFirst,0,4532843,518400
498,5,AcRefine,0,83194993,518400
498,6,DcRefine,-1,56044583,259200
498,7,AcRefine,2,16751434,259200
498,8,AcRefine,1,12232997,259200
498,9,AcRefine,0,118519706,518400
499,0,DcFirst,-1,64677599,259200
499,1,AcFirst,0,5120108,518400
499,2,AcFirst,2,2572745,259200
499,3,AcFirst,1,2637940,259200
499,4,AcFirst,0,4485093,518400
499,5,AcRefine,0,82324557,518400
499,6,DcRefine,-1,56406864,259200
499,7,AcRefine,2,16935257,259200
499,8,AcRefine,1,12285550,259200
499,9,AcRefine,0,118855968,518400
500,0,DcFirst,-1,66642131,259200
500,1,AcFirst,0,9334500,518400
500,2,AcFirst,2,4828288,259200
500,3,AcFirst,1,4924843,259200
500,4,AcFirst,0,8944827,518400
500,5,AcRefine,0,120947729,518400
500,6,DcRefine,-1,57447183,259200
500,7,AcRefine,2,16813885,259200
500,8,AcRefine,1,12198182,259200
500,9,AcRefine,0,120390476,518400
501,0,DcFirst,-1,65168628,259200
501,1,AcFirst,0,4991704,518400
501,2,AcFirst,2,2612337,259200
501,3,AcFirst,1,2666531,259200
501,4,AcFirst,0,4542986,518400
501,5,AcRefine,0,84256676,518400
501,6,DcRefine,-1,57724695,259200
501,7,AcRefine,2,17227248,259200
501,8,AcRefine,1,12285917,259200
501,9,AcRefine,0,119461951,518400
502,0,DcFirst,-1,64954890,259200
502,1,AcFirst,0,5246724,518400
502,2,AcFirst,2,2600945,259200
502,3,AcFirst,1,2640634,259200
502,4,AcFirst,0,4514860,518400
502,5,AcRefine,0,83303626,518400
502,6,DcRefine,-1,57345802,259200
502,7,AcRefine,2,16849312,259200
502,8,AcRefine,1,12207688,259200
502,9,AcRefine,0,118345069,518400
503,0,DcFirst,-1,64696464,259200
503,1,AcFirst,0,4972226,518400
503,2,AcFirst,2,2623386,259200
503,3,AcFirst,1,2638037,259200
503,4,AcFirst,0,4603109,518400
503,5,AcRefine,0,83264058,518400
503,6,DcRefine,-1,56646303,259200
503,7,AcRefine,2,16699445,259200
503,8,AcRefine,1,12048732,259200
503,9,AcRefine,0,118551360,518400
504,0,DcFirst,-1,64601183,259200
504,1,AcFirst,0,5077012,518400
504,2,AcFirst,2,2624244,259200
504,3,AcFirst,1,2647372,259200
504,4,AcFirst,0,4503909,518400
504,5,AcRefine,0,82846064,518400
504,6,DcRefine,-1,55474076,259200
504,7,AcRefine,2,16871484,259200
504,8,AcRefine,1,12242013,259200
504,9,AcRefine,0,119032907,518400
505,0,DcFirst,-1,64289201,259200
505,1,AcFirst,0,5140786,518400
505,2,AcFirst,2,2667045,259200
505,3,AcFirst,1,2652762,259200
505,4,AcFirst,0,4480878,518400
505,5,AcRefine,0,82725303,518400
505,6,DcRefine,-1,56287599,259200
505,7,AcRefine,2,16987443,259200
505,8,AcRefine,1,12218199,259200
505,9,AcRefine,0,119112263,518400
506,0,DcFirst,-1,65272018,259200
506,1,AcFirst,0,5099430,518400
506,2,AcFirst,2,2586930,259200
506,3,AcFirst,1,2630785,259200
506,4,AcFirst,0,4480339,518400
506,5,AcRefine,0,83302107,518400
506,6,DcRefine,-1,55570508,259200
506,7,AcRefine,2,16854971,259200
506,8,AcRefine,1,12242993,259200
506,9,AcRefine,0,121316037,518400
507,0,DcFirst,-1,65184283,259200
507,1,AcFirst,0,5006918,518400
507,2,AcFirst,2,2597368,259200
507,3,AcFirst,1,2634265,259200
507,4,AcFirst,0,4481858,518400
507,5,AcRefine,0,83983575,518400
507,6,DcRefine,-1,56249133,259200
507,7,AcRefine,2,16789091,259200
507,8,AcRefine,1,12233365,259200
507,9,AcRefine,0,122020535,518400
508,0,DcFirst,-1,64739952,259200
508,1,AcFirst,0,5283817,518400
508,2,AcFirst,2,2671725,259200
508,3,AcFirst,1,2639287,259200
508,4,AcFirst,0,4505599,518400
508,5,AcRefine,0,84402623,518400
508,6,DcRefine,-1,56367371,259200
508,7,AcRefine,2,16759029,259200
508,8,AcRefine,1,12249878,259200
508,9,AcRefine,0,120071928,518400
509,0,DcFirst,-1,64712953,259200
509,1,AcFirst,0,5061994,518400
509,2,AcFirst,2,2617678,259200
509,3,AcFirst,1,2696298,259200
509,4,AcFirst,0,4507436,518400
509,5,AcRefine,0,82420450,518400
509,6,DcRefine,-1,55884500,259200
509,7,AcRefine,2,16942706,259200
509,8,AcRefine,1,12242552,259200
509,9,AcRefine,0,119050792,518400
510,0,DcFirst,-1,153701093,259200
510,1,AcFirst,0,11846828,518400
510,2,AcFirst,2,6167899,259200
510,3,AcFirst,1,6065391,259200
510,4,AcFirst,0,11451251,518400
510,5,AcRefine,0,90171441,518400
510,6,DcRefine,-1,114776252,259200
510,7,AcRefine,2,20131552,259200
510,8,AcRefine,1,16238257,259200
510,9,AcRefine,0,126433255,518400
511,0,DcFirst,-1,156027882,259200
511,1,AcFirst,0,11635099,518400
511,2,AcFirst,2,6158026,259200
511,3,AcFirst,1,6048903,259200
511,4,AcFirst,0,11414403,518400
511,5,AcRefine,0,89608652,518400
511,6,DcRefine,-1,117815845,259200
511,7,AcRefine,2,19869622,259200
511,8,AcRefine,1,16013273,259200
511,9,AcRefine,0,126683718,518400
512,0,DcFirst,-1,155729374,259200
512,1,AcFirst,0,11794814,518400
512,2,AcFirst,2,6141317,259200
512,3,AcFirst,1,5992675,259200
512,4,AcFirst,0,11341319,518400
512,5,AcRefine,0,90777253,518400
512,6,DcRefine,-1,120036157,259200
512,7,AcRefine,2,20057415,259200
512,8,AcRefine,1,15982673,259200
512,9,AcRefine,0,126052304,518400
513,0,DcFirst,-1,154729015,259200
513,1,AcFirst,0,11573580,518400
513,2,AcFirst,2,6128699,259200
513,3,AcFirst,1,6087956,259200
513,4,AcFirst,0,11321817,518400
513,5,AcRefine,0,89931978,518400
513,6,DcRefine,-1,119200561,259200
513,7,AcRefine,2,21133038,259200
513,8,AcRefine,1,17225141,259200
513,9,AcRefine,0,125812743,518400
514,0,DcFirst,-1,155296190,259200
514,1,AcFirst,0,11505298,518400
514,2,AcFirst,2,6083375,259200
514,3,AcFirst,1,6436762,259200
514,4,AcFirst,0,11571864,518400
514,5,AcRefine,0,90032649,518400
514,6,DcRefine,-1,120519886,259200
514,7,AcRefine,2,19825106,259200
514,8,AcRefine,1,15417679,259200
514,9,AcRefine,0,125425006,518400
515,0,DcFirst,-1,155815933,259200
515,1,AcFirst,0,11618071,518400
515,2,AcFirst,2,6078450,259200
515,3,AcFirst,1,6031165,259200
515,4,AcFirst,0,11457400,518400
515,5,AcRefine,0,89622788,518400
515,6,DcRefine,-1,115006283,259200
515,7,AcRefine,2,19790635,259200
515,8,AcRefine,1,16150768,259200
515,9,AcRefine,0,126075971,518400
516,0,DcFirst,-1,154484971,259200
516,1,AcFirst,0,11852634,518400
516,2,AcFirst,2,6316027,259200
516,3,AcFirst,1,6231403,259200
516,4,AcFirst,0,11440005,518400
516,5,AcRefine,0,90247244,518400
516,6,DcRefine,-1,120586158,259200
516,7,AcRefine,2,20079881,259200
516,8,AcRefine,1,15641363,259200
516,9,AcRefine,0,125916476,518400
517,0,DcFirst,-1,155558561,259200
517,1,AcFirst,0,11637059,518400
517,2,AcFirst,2,6113411,259200
517,3,AcFirst,1,6085800,259200
517,4,AcFirst,0,11368024,518400
517,5,AcRefine,0,147560658,518400
517,6,DcRefine,-1,112287763,259200
517,7,AcRefine,2,20001677,259200
517,8,AcRefine,1,16455033,259200
517,9,AcRefine,0,127733984,518400
518,0,DcFirst,-1,153193330,259200
518,1,AcFirst,0,11727562,518400
518,2,AcFirst,2,6109516,259200
518,3,AcFirst,1,6129214,259200
518,4,AcFirst,0,11400021,518400
518,5,AcRefine,0,89734753,518400
518,6,DcRefine,-1,114319548,259200
518,7,AcRefine,2,20882918,259200
518,8,AcRefine,1,15633058,259200
518,9,AcRefine,0,126470053,518400
519,0,DcFirst,-1,155730796,259200
519,1,AcFirst,0,11543934,518400
519,2,AcFirst,2,6148226,259200
519,3,AcFirst,1,6025260,259200
519,4,AcFirst,0,11379147,518400
519,5,AcRefine,0,89435608,518400
519,6,DcRefine,-1,121092622,259200
519,7,AcRefine,2,19919627,259200
519,8,AcRefine,1,15662605,259200
519,9,AcRefine,0,125710333,518400
520,0,DcFirst,-1,156323450,259200
520,1,AcFirst,0,11609399,518400
520,2,AcFirst,2,6114735,259200
520,3,AcFirst,1,5981479,259200
520,4,AcFirst,0,12046062,518400
520,5,AcRefine,0,89861639,518400
520,6,DcRefine,-1,122195343,259200
520,7,AcRefine,2,19894686,259200
520,8,AcRefine,1,15569015,259200
520,9,AcRefine,0,125952565,518400
521,0,DcFirst,-1,154761723,259200
521,1,AcFirst,0,11638161,518400
521,2,AcFirst,2,6055200,259200
521,3,AcFirst,1,5992969,259200
521,4,AcFirst,0,11342495,518400
521,5,AcRefine,0,89677791,518400
521,6,DcRefine,-1,120469171,259200
521,7,AcRefine,2,19769467,259200
521,8,AcRefine,1,15677476,259200
521,9,AcRefine,0,125712415,518400
522,0,DcFirst,-1,156226283,259200
522,1,AcFirst,0,11664352,518400
522,2,AcFirst,2,6115322,259200
522,3,AcFirst,1,6032806,259200
522,4,AcFirst,0,11443607,518400
522,5,AcRefine,0,90095761,518400
522,6,DcRefine,-1,123067248,259200
522,7,AcRefine,2,19926438,259200
522,8,AcRefine,1,15674194,259200
522,9,AcRefine,0,182828800,518400
523,0,DcFirst,-1,153496518,259200
523,1,AcFirst,0,11600922,518400
523,2,AcFirst,2,6287288,259200
523,3,AcFirst,1,6015681,259200
523,4,AcFirst,0,11429764,518400
523,5,AcRefine,0,93535536,518400
523,6,DcRefine,-1,120393857,259200
523,7,AcRefine,2,20230385,259200
523,8,AcRefine,1,15646705,259200
523,9,AcRefine,0,125488290,518400
524,0,DcFirst,-1,155142771,259200
524,1,AcFirst,0,11467127,518400
524,2,AcFirst,2,6059756,259200
524,3,AcFirst,1,6026608,259200
524,4,AcFirst,0,11484571,518400
524,5,AcRefine,0,89380116,518400
524,6,DcRefine,-1,122385707,259200
524,7,AcRefine,2,19934303,259200
524,8,AcRefine,1,15711311,259200
524,9,AcRefine,0,127158651,518400
525,0,DcFirst,-1,154378175,259200
525,1,AcFirst,0,11564760,518400
525,2,AcFirst,2,6105964,259200
525,3,AcFirst,1,6019968,259200
525,4,AcFirst,0,11571938,518400
525,5,AcRefine,0,89743231,518400
525,6,DcRefine,-1,120028342,259200
525,7,AcRefine,2,19829442,259200
525,8,AcRefine,1,15654643,259200
525,9,AcRefine,0,125462711,518400
526,0,DcFirst,-1,154139839,259200
526,1,AcFirst,0,11610623,518400
526,2,AcFirst,2,6200828,259200
526,3,AcFirst,1,6076711,259200
526,4,AcFirst,0,11447135,518400
526,5,AcRefine,0,89697440,518400
526,6,DcRefine,-1,121036615,259200
526,7,AcRefine,2,19866511,259200
526,8,AcRefine,1,15560734,259200
526,9,AcRefine,0,126175833,518400
527,0,DcFirst,-1,156357407,259200
527,1,AcFirst,0,11814243,518400
527,2,AcFirst,2,6215381,259200
527,3,AcFirst,1,6283270,259200
527,4,AcFirst,0,11449928,518400
527,5,AcRefine,0,91019313,518400
527,6,DcRefine,-1,112044797,259200
527,7,AcRefine,2,20012408,259200
527,8,AcRefine,1,15692618,259200
527,9,AcRefine,0,126822118,518400
528,0,DcFirst,-1,155372238,259200
528,1,AcFirst,0,11883333,518400
528,2,AcFirst,2,6256614,259200
528,3,AcFirst,1,6233584,259200
528,4,AcFirst,0,11432190,518400
528,5,AcRefine,0,91537855,518400
528,6,DcRefine,-1,108703389,259200
528,7,AcRefine,2,19989060,259200
528,8,AcRefine,1,15625634,259200
528,9,AcRefine,0,125994606,518400
529,0,DcFirst,-1,155234866,259200
529,1,AcFirst,0,12032317,518400
529,2,AcFirst,2,6241375,259200
529,3,AcFirst,1,6117626,259200
529,4,AcFirst,0,11468180,518400
529,5,AcRefine,0,89771920,518400
529,6,DcRefine,-1,113481256,259200
529,7,AcRefine,2,20108767,259200
529,8,AcRefine,1,15847531,259200
529,9,AcRefine,0,127159729,518400
530,0,DcFirst,-1,155572256,259200
530,1,AcFirst,0,11770315,518400
530,2,AcFirst,2,6171623,259200
530,3,AcFirst,1,6122550,259200
530,4,AcFirst,0,11952227,518400
530,5,AcRefine,0,90281103,518400
530,6,DcRefine,-1,118644900,259200
530,7,AcRefine,2,19775934,259200
530,8,AcRefine,1,15613090,259200
530,9,AcRefine,0,125621447,518400
531,0,DcFirst,-1,154953753,259200
531,1,AcFirst,0,11649186,518400
531,2,AcFirst,2,6172677,259200
531,3,AcFirst,1,6463320,259200
531,4,AcFirst,0,11756276,518400
531,5,AcRefine,0,90235460,518400
531,6,DcRefine,-1,118172761,259200
531,7,AcRefine,2,20509538,259200
531,8,AcRefine,1,15672258,259200
531,9,AcRefine,0,125918534,518400
532,0,DcFirst,-1,153625756,259200
532,1,AcFirst,0,11714013,518400
532,2,AcFirst,2,6213225,259200
532,3,AcFirst,1,6145997,259200
532,4,AcFirst,0,11437997,518400
532,5,AcRefine,0,90208338,518400
532,6,DcRefine,-1,120067175,259200
532,7,AcRefine,2,19803325,259200
532,8,AcRefine,1,15842410,259200
532,9,AcRefine,0,126111300,518400
533,0,DcFirst,-1,156678137,259200
533,1,AcFirst,0,11641273,518400
533,2,AcFirst,2,6191395,259200
533,3,AcFirst,1,6024256,259200
533,4,AcFirst,0,11463795,518400
533,5,AcRefine,0,90529901,518400
533,6,DcRefine,-1,121245404,259200
533,7,AcRefine,2,19969999,259200
533,8,AcRefine,1,15631833,259200
533,9,AcRefine,0,125579356,518400
534,0,DcFirst,-1,152955583,259200
534,1,AcFirst,0,17801186,518400
534,2,AcFirst,2,9523101,259200
534,3,AcFirst,1,7009891,259200
534,4,AcFirst,0,11807040,518400
534,5,AcRefine,0,89585206,518400
534,6,DcRefine,-1,112854889,259200
534,7,AcRefine,2,20059375,259200
534,8,AcRefine,1,16303378,259200
534,9,AcRefine,0,126816435,518400
535,0,DcFirst,-1,154762237,259200
535,1,AcFirst,0,11644335,518400
535,2,AcFirst,2,6171869,259200
535,3,AcFirst,1,6021463,259200
535,4,AcFirst,0,11561917,518400
535,5,AcRefine,0,89495682,518400
535,6,DcRefine,-1,121361509,259200
535,7,AcRefine,2,19992416,259200
535,8,AcRefine,1,15574969,259200
535,9,AcRefine,0,126033415,518400
536,0,DcFirst,-1,155471243,259200
536,1,AcFirst,0,11599745,518400
536,2,AcFirst,2,6188112,259200
536,3,AcFirst,1,6008306,259200
536,4,AcFirst,0,11477025,518400
536,5,AcRefine,0,90096594,518400
536,6,DcRefine,-1,122396634,259200
536,7,AcRefine,2,19967279,259200
536,8,AcRefine,1,15708420,259200
536,9,AcRefine,0,125742501,518400
537,0,DcFirst,-1,155538299,259200
537,1,AcFirst,0,11664327,518400
537,2,AcFirst,2,6192375,259200
537,3,AcFirst,1,5996620,259200
537,4,AcFirst,0,11445934,518400
537,5,AcRefine,0,89598289,518400
537,6,DcRefine,-1,121124888,259200
537,7,AcRefine,2,19727008,259200
537,8,AcRefine,1,17005450,259200
537,9,AcRefine,0,125571883,518400
538,0,DcFirst,-1,154179015,259200
538,1,AcFirst,0,11570640,518400
538,2,AcFirst,2,6132791,259200
538,3,AcFirst,1,5990617,259200
538,4,AcFirst,0,11375521,518400
538,5,AcRefine,0,90162548,518400
538,6,DcRefine,-1,120598996,259200
538,7,AcRefine,2,19942730,259200
538,8,AcRefine,1,15650085,259200
538,9,AcRefine,0,125883597,518400
539,0,DcFirst,-1,155200640,259200
539,1,AcFirst,0,11594895,518400
539,2,AcFirst,2,6206120,259200
539,3,AcFirst,1,6036972,259200
539,4,AcFirst,0,11441010,518400
539,5,AcRefine,0,90638951,518400
539,6,DcRefine,-1,117915388,259200
539,7,AcRefine,2,19835298,259200
539,8,AcRefine,1,15570387,259200
539,9,AcRefine,0,184115001,518400
540,0,DcFirst,-1,155170481,259200
540,1,AcFirst,0,11572820,518400
540,2,AcFirst,2,6161138,259200
540,3,AcFirst,1,6072790,259200
540,4,AcFirst,0,11299253,518400
540,5,AcRefine,0,89795146,518400
540,6,DcRefine,-1,119801080,259200
540,7,AcRefine,2,19850072,259200
540,8,AcRefine,1,15495123,259200
540,9,AcRefine,0,126031773,518400
541,0,DcFirst,-1,155722147,259200
541,1,AcFirst,0,11787416,518400
541,2,AcFirst,2,6399400,259200
541,3,AcFirst,1,6130072,259200
541,4,AcFirst,0,11407862,518400
541,5,AcRefine,0,89625631,518400
541,6,DcRefine,-1,118047444,259200
541,7,AcRefine,2,19973184,259200
541,8,AcRefine,1,15628893,259200
541,9,AcRefine,0,126282457,518400
542,0,DcFirst,-1,156440022,259200
542,1,AcFirst,0,11586785,518400
542,2,AcFirst,2,6206610,259200
542,3,AcFirst,1,6084747,259200
542,4,AcFirst,0,11492656,518400
542,5,AcRefine,0,90871995,518400
542,6,DcRefine,-1,114935331,259200
542,7,AcRefine,2,19783382,259200
542,8,AcRefine,1,15531653,259200
542,9,AcRefine,0,125492087,518400
543,0,DcFirst,-1,155038303,259200
543,1,AcFirst,0,11770388,518400
543,2,AcFirst,2,6161309,259200
543,3,AcFirst,1,6542774,259200
543,4,AcFirst,0,11440593,518400
543,5,AcRefine,0,89832214,518400
543,6,DcRefine,-1,110380536,259200
543,7,AcRefine,2,19985018,259200
543,8,AcRefine,1,15680588,259200
543,9,AcRefine,0,125828056,518400
544,0,DcFirst,-1,155944485,259200
544,1,AcFirst,0,11870985,518400
544,2,AcFirst,2,6127719,259200
544,3,AcFirst,1,6109492,259200
544,4,AcFirst,0,11439442,518400
544,5,AcRefine,0,89844489,518400
544,6,DcRefine,-1,109856922,259200
544,7,AcRefine,2,20451816,259200
544,8,AcRefine,1,15570191,259200
544,9,AcRefine,0,125805173,518400
545,0,DcFirst,-1,155472517,259200
545,1,AcFirst,0,11671433,518400
545,2,AcFirst,2,6235372,259200
545,3,AcFirst,1,6186764,259200
545,4,AcFirst,0,11479328,518400
545,5,AcRefine,0,89416425,518400
545,6,DcRefine,-1,117470199,259200
545,7,AcRefine,2,20004274,259200
545,8,AcRefine,1,15605667,259200
545,9,AcRefine,0,126379061,518400
546,0,DcFirst,-1,156069606,259200
546,1,AcFirst,0,11763504,518400
546,2,AcFirst,2,6517441,259200
546,3,AcFirst,1,6167630,259200
546,4,AcFirst,0,11611481,518400
546,5,AcRefine,0,89699449,518400
546,6,DcRefine,-1,111072294,259200
546,7,AcRefine,2,20080984,259200
546,8,AcRefine,1,15745292,259200
546,9,AcRefine,0,125950996,518400
547,0,DcFirst,-1,154407844,259200
547,1,AcFirst,0,12475229,518400
547,2,AcFirst,2,6359514,259200
547,3,AcFirst,1,6059340,259200
547,4,AcFirst,0,11786215,518400
547,5,AcRefine,0,89916715,518400
547,6,DcRefine,-1,108353455,259200
547,7,AcRefine,2,20230581,259200
547,8,AcRefine,1,15854881,259200
547,9,AcRefine,0,127492879,518400
548,0,DcFirst,-1,156351895,259200
548,1,AcFirst,0,12829572,518400
548,2,AcFirst,2,6228365,259200
548,3,AcFirst,1,6061717,259200
548,4,AcFirst,0,11486972,518400
548,5,AcRefine,0,89335967,518400
548,6,DcRefine,-1,111833018,259200
548,7,AcRefine,2,20313979,259200
548,8,AcRefine,1,15762442,259200
548,9,AcRefine,0,125170818,518400
549,0,DcFirst,-1,152746156,259200
549,1,AcFirst,0,17987631,518400
549,2,AcFirst,2,9366423,259200
549,3,AcFirst,1,7643093,259200
549,4,AcFirst,0,11544057,518400
549,5,AcRefine,0,95959591,518400
549,6,DcRefine,-1,99536934,259200
549,7,AcRefine,2,21080780,259200
549,8,AcRefine,1,16207240,259200
549,9,AcRefine,0,127341567,518400
550,0,DcFirst,-1,157618937,259200
550,1,AcFirst,0,11921185,518400
550,2,AcFirst,2,6220550,259200
550,3,AcFirst,1,6065857,259200
550,4,AcFirst,0,11414452,518400
550,5,AcRefine,0,93446455,518400
550,6,DcRefine,-1,113102314,259200
550,7,AcRefine,2,20823873,259200
550,8,AcRefine,1,15928724,259200
550,9,AcRefine,0,125956141,518400
551,0,DcFirst,-1,154555751,259200
551,1,AcFirst,0,11793001,518400
551,2,AcFirst,2,6220232,259200
551,3,AcFirst,1,6172383,259200
551,4,AcFirst,0,11476682,518400
551,5,AcRefine,0,90174431,518400
551,6,DcRefine,-1,117957088,259200
551,7,AcRefine,2,20037374,259200
551,8,AcRefine,1,15799388,259200
551,9,AcRefine,0,125970107,518400
552,0,DcFirst,-1,153288268,259200
552,1,AcFirst,0,11601216,518400
552,2,AcFirst,2,6093934,259200
552,3,AcFirst,1,6011761,259200
552,4,AcFirst,0,12149721,518400
552,5,AcRefine,0,90793056,518400
552,6,DcRefine,-1,115254321,259200
552,7,AcRefine,2,20590633,259200
552,8,AcRefine,1,15796498,259200
552,9,AcRefine,0,125452642,518400
553,0,DcFirst,-1,154268733,259200
553,1,AcFirst,0,11588769,518400
553,2,AcFirst,2,6235299,259200
553,3,AcFirst,1,5989662,259200
553,4,AcFirst,0,11702351,518400
553,5,AcRefine,0,89811390,518400
553,6,DcRefine,-1,120994475,259200
553,7,AcRefine,2,20062781,259200
553,8,AcRefine,1,15804827,259200
553,9,AcRefine,0,127599748,518400
554,0,DcFirst,-1,154884786,259200
554,1,AcFirst,0,11453774,518400
554,2,AcFirst,2,6118556,259200
554,3,AcFirst,1,5991451,259200
554,4,AcFirst,0,11430671,518400
554,5,AcRefine,0,89406723,518400
554,6,DcRefine,-1,121567162,259200
554,7,AcRefine,2,20271839,259200
554,8,AcRefine,1,15700408,259200
554,9,AcRefine,0,125666699,518400
555,0,DcFirst,-1,154035200,259200
555,1,AcFirst,0,11612412,518400
555,2,AcFirst,2,6308774,259200
555,3,AcFirst,1,6024477,259200
555,4,AcFirst,0,11454828,518400
555,5,AcRefine,0,145519465,518400
555,6,DcRefine,-1,117105247,259200
555,7,AcRefine,2,19788087,259200
555,8,AcRefine,1,15509186,259200
555,9,AcRefine,0,126338636,518400
556,0,DcFirst,-1,143736134,259200
556,1,AcFirst,0,11607879,518400
556,2,AcFirst,2,6138230,259200
556,3,AcFirst,1,6013696,259200
556,4,AcFirst,0,11827963,518400
556,5,AcRefine,0,90564691,518400
556,6,DcRefine,-1,117035569,259200
556,7,AcRefine,2,20041196,259200
556,8,AcRefine,1,15752863,259200
556,9,AcRefine,0,125395067,518400
557,0,DcFirst,-1,154611170,259200
557,1,AcFirst,0,11623976,518400
557,2,AcFirst,2,6163808,259200
557,3,AcFirst,1,6021291,259200
557,4,AcFirst,0,11511962,518400
557,5,AcRefine,0,89927054,518400
557,6,DcRefine,-1,120872000,259200
557,7,AcRefine,2,19826478,259200
557,8,AcRefine,1,15621641,259200
557,9,AcRefine,0,126208981,518400
558,0,DcFirst,-1,150215429,259200
558,1,AcFirst,0,11483027,518400
558,2,AcFirst,2,6075044,259200
558,3,AcFirst,1,5959013,259200
558,4,AcFirst,0,11832593,518400
558,5,AcRefine,0,89451705,518400
558,6,DcRefine,-1,119160650,259200
558,7,AcRefine,2,19778752,259200
558,8,AcRefine,1,15555834,259200
558,9,AcRefine,0,129139010,518400
559,0,DcFirst,-1,155382920,259200
559,1,AcFirst,0,11610354,518400
559,2,AcFirst,2,6077544,259200
559,3,AcFirst,1,5996522,259200
559,4,AcFirst,0,11377040,518400
559,5,AcRefine,0,89324771,518400
559,6,DcRefine,-1,121643554,259200
559,7,AcRefine,2,19976565,259200
559,8,AcRefine,1,15563454,259200
559,9,AcRefine,0,126119924,518400
560,0,DcFirst,-1,154290245,259200
560,1,AcFirst,0,11587030,518400
560,2,AcFirst,2,6080018,259200
560,3,AcFirst,1,5953525,259200
560,4,AcFirst,0,11467298,518400
560,5,AcRefine,0,89473755,518400
560,6,DcRefine,-1,118533058,259200
560,7,AcRefine,2,19722745,259200
560,8,AcRefine,1,15534936,259200
560,9,AcRefine,0,125124562,518400
561,0,DcFirst,-1,154555261,259200
561,1,AcFirst,0,11811425,518400
561,2,AcFirst,2,6075853,259200
561,3,AcFirst,1,6028470,259200
561,4,AcFirst,0,11327649,518400
561,5,AcRefine,0,89392734,518400
561,6,DcRefine,-1,113870169,259200
561,7,AcRefine,2,19995430,259200
561,8,AcRefine,1,15725962,259200
561,9,AcRefine,0,126520671,518400
562,0,DcFirst,-1,153918579,259200
562,1,AcFirst,0,11499908,518400
562,2,AcFirst,2,6154768,259200
562,3,AcFirst,1,5961854,259200
562,4,AcFirst,0,11530778,518400
562,5,AcRefine,0,90696133,518400
562,6,DcRefine,-1,118130352,259200
562,7,AcRefine,2,20173741,259200
562,8,AcRefine,1,15588762,259200
562,9,AcRefine,0,125444042,518400
563,0,DcFirst,-1,154176295,259200
563,1,AcFirst,0,11569169,518400
563,2,AcFirst,2,6480226,259200
563,3,AcFirst,1,6262176,259200
563,4,AcFirst,0,11293103,518400
563,5,AcRefine,0,89824620,518400
563,6,DcRefine,-1,120549555,259200
563,7,AcRefine,2,19768977,259200
563,8,AcRefine,1,15463371,259200
563,9,AcRefine,0,125518033,518400
564,0,DcFirst,-1,155027621,259200
564,1,AcFirst,0,11501868,518400
564,2,AcFirst,2,6086168,259200
564,3,AcFirst,1,5970405,259200
564,4,AcFirst,0,11320372,518400
564,5,AcRefine,0,90265865,518400
564,6,DcRefine,-1,122293563,259200
564,7,AcRefine,2,20042323,259200
564,8,AcRefine,1,15670053,259200
564,9,AcRefine,0,125172019,518400
565,0,DcFirst,-1,154253935,259200
565,1,AcFirst,0,11483811,518400
565,2,AcFirst,2,6148765,259200
565,3,AcFirst,1,6222020,259200
565,4,AcFirst,0,11300380,518400
565,5,AcRefine,0,89435902,518400
565,6,DcRefine,-1,120217310,259200
565,7,AcRefine,2,19860606,259200
565,8,AcRefine,1,15602800,259200
565,9,AcRefine,0,125354691,518400
566,0,DcFirst,-1,155616919,259200
566,1,AcFirst,0,11626843,518400
566,2,AcFirst,2,6127009,259200
566,3,AcFirst,1,6064363,259200
566,4,AcFirst,0,11408523,518400
566,5,AcRefine,0,89262124,518400
566,6,DcRefine,-1,122109838,259200
566,7,AcRefine,2,20059032,259200
566,8,AcRefine,1,15520628,259200
566,9,AcRefine,0,125235940,518400
567,0,DcFirst,-1,160592282,259200
567,1,AcFirst,0,18214403,518400
567,2,AcFirst,2,9156165,259200
567,3,AcFirst,1,9080484,259200
567,4,AcFirst,0,17272378,518400
567,5,AcRefine,0,97711463,518400
567,6,DcRefine,-1,116740148,259200
567,7,AcRefine,2,19655762,259200
567,8,AcRefine,1,15310001,259200
567,9,AcRefine,0,128001255,518400
568,0,DcFirst,-1,155973052,259200
568,1,AcFirst,0,11430426,518400
568,2,AcFirst,2,6092464,259200
568,3,AcFirst,1,5930201,259200
568,4,AcFirst,0,11419867,518400
568,5,AcRefine,0,89727085,518400
568,6,DcRefine,-1,120364286,259200
568,7,AcRefine,2,19956671,259200
568,8,AcRefine,1,15448475,259200
568,9,AcRefine,0,125703620,518400
569,0,DcFirst,-1,154631309,259200
569,1,AcFirst,0,11435399,518400
569,2,AcFirst,2,6102975,259200
569,3,AcFirst,1,6071761,259200
569,4,AcFirst,0,11346734,518400
569,5,AcRefine,0,89581702,518400
569,6,DcRefine,-1,122465479,259200
569,7,AcRefine,2,19880525,259200
569,8,AcRefine,1,15471946,259200
569,9,AcRefine,0,125786087,518400
570,0,DcFirst,-1,52666866,259200
570,1,AcFirst,0,4916145,518400
570,2,AcFirst,2,2518061,259200
570,3,AcFirst,1,2523353,259200
570,4,AcFirst,0,4496901,518400
570,5,AcRefine,0,82963492,518400
570,6,DcRefine,-1,53221571,259200
570,7,AcRefine,2,17047541,259200
570,8,AcRefine,1,12354860,259200
570,9,AcRefine,0,119218715,518400
571,0,DcFirst,-1,53101300,259200
571,1,AcFirst,0,4919453,518400
571,2,AcFirst,2,2485990,259200
571,3,AcFirst,1,2527665,259200
571,4,AcFirst,0,4483206,518400
571,5,AcRefine,0,83621318,518400
571,6,DcRefine,-1,52857868,259200
571,7,AcRefine,2,16733206,259200
571,8,AcRefine,1,12465061,259200
571,9,AcRefine,0,118438684,518400
572,0,DcFirst,-1,53820889,259200
572,1,AcFirst,0,5032080,518400
572,2,AcFirst,2,2546530,259200
572,3,AcFirst,1,2605453,259200
572,4,AcFirst,0,4512777,518400
572,5,AcRefine,0,82768815,518400
572,6,DcRefine,-1,54095583,259200
572,7,AcRefine,2,16408606,259200
572,8,AcRefine,1,12299637,259200
572,9,AcRefine,0,122056011,518400
573,0,DcFirst,-1,52606645,259200
573,1,AcFirst,0,4920604,518400
573,2,AcFirst,2,2512426,259200
573,3,AcFirst,1,2510417,259200
573,4,AcFirst,0,4471618,518400
573,5,AcRefine,0,83976543,518400
573,6,DcRefine,-1,53906909,259200
573,7,AcRefine,2,16811116,259200
573,8,AcRefine,1,12320927,259200
573,9,AcRefine,0,118754073,518400
574,0,DcFirst,-1,53104142,259200
574,1,AcFirst,0,4911760,518400
574,2,AcFirst,2,2502699,259200
574,3,AcFirst,1,2514900,259200
574,4,AcFirst,0,4473039,518400
574,5,AcRefine,0,82919319,518400
574,6,DcRefine,-1,53080769,259200
574,7,AcRefine,2,16544581,259200
574,8,AcRefine,1,12351013,259200
574,9,AcRefine,0,118633974,518400
575,0,DcFirst,-1,54707398,259200
575,1,AcFirst,0,5163400,518400
575,2,AcFirst,2,2660920,259200
575,3,AcFirst,1,2575195,259200
575,4,AcFirst,0,4518094,518400
575,5,AcRefine,0,83389302,518400
575,6,DcRefine,-1,55354932,259200
575,7,AcRefine,2,16868078,259200
575,8,AcRefine,1,12429022,259200
575,9,AcRefine,0,125244931,518400
576,0,DcFirst,-1,53017951,259200
576,1,AcFirst,0,4928788,518400
576,2,AcFirst,2,2484741,259200
576,3,AcFirst,1,2520731,259200
576,4,AcFirst,0,4522823,518400
576,5,AcRefine,0,83068916,518400
576,6,DcRefine,-1,61810682,259200
576,7,AcRefine,2,16636064,259200
576,8,AcRefine,1,12224177,259200
576,9,AcRefine,0,119076419,518400
577,0,DcFirst,-1,53104265,259200
577,1,AcFirst,0,4920212,518400
577,2,AcFirst,2,2500421,259200
577,3,AcFirst,1,2916774,259200
577,4,AcFirst,0,6523493,518400
577,5,AcRefine,0,87152625,518400
577,6,DcRefine,-1,54926305,259200
577,7,AcRefine,2,16782794,259200
577,8,AcRefine,1,12313724,259200
577,9,AcRefine,0,119375735,518400
578,0,DcFirst,-1,52807765,259200
578,1,AcFirst,0,4909653,518400
578,2,AcFirst,2,2549396,259200
578,3,AcFirst,1,2577866,259200
578,4,AcFirst,0,4520838,518400
578,5,AcRefine,0,82952321,518400
578,6,DcRefine,-1,53937436,259200
578,7,AcRefine,2,16688567,259200
578,8,AcRefine,1,12392076,259200
578,9,AcRefine,0,118661046,518400
579,0,DcFirst,-1,53509935,259200
579,1,AcFirst,0,5008731,518400
579,2,AcFirst,2,2503631,259200
579,3,AcFirst,1,2512058,259200
579,4,AcFirst,0,4490336,518400
579,5,AcRefine,0,82595037,518400
579,6,DcRefine,-1,52896014,259200
579,7,AcRefine,2,16848185,259200
579,8,AcRefine,1,12411161,259200
579,9,AcRefine,0,119615370,518400
580,0,DcFirst,-1,53307737,259200
580,1,AcFirst,0,4937044,518400
580,2,AcFirst,2,2468228,259200
580,3,AcFirst,1,2519041,259200
580,4,AcFirst,0,4585861,518400
580,5,AcRefine,0,83336162,518400
580,6,DcRefine,-1,54510907,259200
580,7,AcRefine,2,17102544,259200
580,8,AcRefine,1,12325607,259200
580,9,AcRefine,0,119884380,518400
581,0,DcFirst,-1,53456501,259200
581,1,AcFirst,0,4923667,518400
581,2,AcFirst,2,2500347,259200
581,3,AcFirst,1,2520682,259200
581,4,AcFirst,0,4467036,518400
581,5,AcRefine,0,82450830,518400
581,6,DcRefine,-1,53769954,259200
581,7,AcRefine,2,16804550,259200
581,8,AcRefine,1,12326930,259200
581,9,AcRefine,0,124332159,518400
582,0,DcFirst,-1,53244944,259200
582,1,AcFirst,0,5118712,518400
582,2,AcFirst,2,2566081,259200
582,3,AcFirst,1,2518673,259200
582,4,AcFirst,0,4535734,518400
582,5,AcRefine,0,82579479,518400
582,6,DcRefine,-1,55078989,259200
582,7,AcRefine,2,16711621,259200
582,8,AcRefine,1,12279449,259200
582,9,AcRefine,0,118233399,518400
583,0,DcFirst,-1,53173207,259200
583,1,AcFirst,0,4954807,518400
583,2,AcFirst,2,2484373,259200
583,3,AcFirst,1,2519237,259200
583,4,AcFirst,0,4529511,518400
583,5,AcRefine,0,83370781,518400
583,6,DcRefine,-1,54899919,259200
583,7,AcRefine,2,16798229,259200
583,8,AcRefine,1,12466751,259200
583,9,AcRefine,0,118493882,518400
584,0,DcFirst,-1,54057927,259200
584,1,AcFirst,0,5081153,518400
584,2,AcFirst,2,2553905,259200
584,3,AcFirst,1,2520339,259200
584,4,AcFirst,0,4486146,518400
584,5,AcRefine,0,82966065,518400
584,6,DcRefine,-1,54787782,259200
584,7,AcRefine,2,16928103,259200
584,8,AcRefine,1,12414885,259200
584,9,AcRefine,0,118926700,518400
585,0,DcFirst,-1,53338754,259200
585,1,AcFirst,0,4940302,518400
585,2,AcFirst,2,2498583,259200
585,3,AcFirst,1,2631814,259200
585,4,AcFirst,0,4490164,518400
585,5,AcRefine,0,82629558,518400
585,6,DcRefine,-1,53606000,259200
585,7,AcRefine,2,16613989,259200
585,8,AcRefine,1,12373725,259200
585,9,AcRefine,0,118601927,518400
586,0,DcFirst,-1,53119160,259200
586,1,AcFirst,0,4930845,518400
586,2,AcFirst,2,2486529,259200
586,3,AcFirst,1,2514533,259200
586,4,AcFirst,0,4483231,518400
586,5,AcRefine,0,82832760,518400
586,6,DcRefine,-1,53006313,259200
586,7,AcRefine,2,16836229,259200
586,8,AcRefine,1,12359515,259200
586,9,AcRefine,0,120464222,518400
587,0,DcFirst,-1,67245909,259200
587,1,AcFirst,0,5167760,518400
587,2,AcFirst,2,2786287,259200
587,3,AcFirst,1,2551724,259200
587,4,AcFirst,0,4547102,518400
587,5,AcRefine,0,82439119,518400
587,6,DcRefine,-1,54092937,259200
587,7,AcRefine,2,16666541,259200
587,8,AcRefine,1,13928519,259200
587,9,AcRefine,0,122095750,518400
588,0,DcFirst,-1,53523606,259200
588,1,AcFirst,0,4936260,518400
588,2,AcFirst,2,2491160,259200
588,3,AcFirst,1,2511667,259200
588,4,AcFirst,0,4471887,518400
588,5,AcRefine,0,91911309,518400
588,6,DcRefine,-1,56029442,259200
588,7,AcRefine,2,17023898,259200
588,8,AcRefine,1,12420912,259200
588,9,AcRefine,0,118702916,518400
589,0,DcFirst,-1,54530091,259200
589,1,AcFirst,0,5028453,518400
589,2,AcFirst,2,2517106,259200
589,3,AcFirst,1,2516787,259200
589,4,AcFirst,0,4485729,518400
589,5,AcRefine,0,83832728,518400
589,6,DcRefine,-1,53472255,259200
589,7,AcRefine,2,16694349,259200
589,8,AcRefine,1,12348882,259200
589,9,AcRefine,0,118497215,518400
590,0,DcFirst,-1,53384397,259200
590,1,AcFirst,0,5000646,518400
590,2,AcFirst,2,2500911,259200
590,3,AcFirst,1,2507404,259200
590,4,AcFirst,0,4477032,518400
590,5,AcRefine,0,82451982,518400
590,6,DcRefine,-1,52693865,259200
590,7,AcRefine,2,16998908,259200
590,8,AcRefine,1,12358461,259200
590,9,AcRefine,0,118618269,518400
591,0,DcFirst,-1,53047914,259200
591,1,AcFirst,0,5088307,518400
591,2,AcFirst,2,2515488,259200
591,3,AcFirst,1,2507061,259200
591,4,AcFirst,0,4489306,518400
591,5,AcRefine,0,82656091,518400
591,6,DcRefine,-1,53379571,259200
591,7,AcRefine,2,17336151,259200
591,8,AcRefine,1,12352116,259200
591,9,AcRefine,0,123893070,518400
592,0,DcFirst,-1,52664391,259200
592,1,AcFirst,0,5110087,518400
592,2,AcFirst,2,2501940,259200
592,3,AcFirst,1,2512744,259200
592,4,AcFirst,0,4473798,518400
592,5,AcRefine,0,82818428,518400
592,6,DcRefine,-1,52466260,259200
592,7,AcRefine,2,17698163,259200
592,8,AcRefine,1,12349127,259200
592,9,AcRefine,0,118979448,518400
593,0,DcFirst,-1,52928354,259200
593,1,AcFirst,0,5101390,518400
593,2,AcFirst,2,2506791,259200
593,3,AcFirst,1,2533227,259200
593,4,AcFirst,0,4591178,518400
593,5,AcRefine,0,82565392,518400
593,6,DcRefine,-1,53916464,259200
593,7,AcRefine,2,16982151,259200
593,8,AcRefine,1,12674340,259200
593,9,AcRefine,0,120147976,518400
594,0,DcFirst,-1,52885333,259200
594,1,AcFirst,0,4934839,518400
594,2,AcFirst,2,2584088,259200
594,3,AcFirst,1,2543566,259200
594,4,AcFirst,0,4488008,518400
594,5,AcRefine,0,82822593,518400
594,6,DcRefine,-1,53665118,259200
594,7,AcRefine,2,16738866,259200
594,8,AcRefine,1,12869066,259200
594,9,AcRefine,0,119503969,518400
595,0,DcFirst,-1,53701648,259200
595,1,AcFirst,0,5919323,518400
595,2,AcFirst,2,2574239,259200
595,3,AcFirst,1,2525827,259200
595,4,AcFirst,0,4547862,518400
595,5,AcRefine,0,84013930,518400
595,6,DcRefine,-1,55486032,259200
595,7,AcRefine,2,19204766,259200
595,8,AcRefine,1,12350475,259200
595,9,AcRefine,0,118981408,518400
596,0,DcFirst,-1,53802588,259200
596,1,AcFirst,0,4917371,518400
596,2,AcFirst,2,2579458,259200
596,3,AcFirst,1,2515121,259200
596,4,AcFirst,0,4604603,518400
596,5,AcRefine,0,82871863,518400
596,6,DcRefine,-1,53407182,259200
596,7,AcRefine,2,16578219,259200
596,8,AcRefine,1,12356501,259200
596,9,AcRefine,0,118839553,518400
597,0,DcFirst,-1,53469805,259200
597,1,AcFirst,0,5087082,518400
597,2,AcFirst,2,2592173,259200
597,3,AcFirst,1,2515881,259200
597,4,AcFirst,0,4560062,518400
597,5,AcRefine,0,82476604,518400
597,6,DcRefine,-1,55087148,259200
597,7,AcRefine,2,17036271,259200
597,8,AcRefine,1,12166773,259200
597,9,AcRefine,0,118807311,518400
598,0,DcFirst,-1,53033656,259200
598,1,AcFirst,0,4956717,518400
598,2,AcFirst,2,2508383,259200
598,3,AcFirst,1,2513161,259200
598,4,AcFirst,0,4476468,518400
598,5,AcRefine,0,84087455,518400
598,6,DcRefine,-1,55178190,259200
598,7,AcRefine,2,16806093,259200
598,8,AcRefine,1,12235545,259200
598,9,AcRefine,0,119752913,518400
599,0,DcFirst,-1,53734674,259200
599,1,AcFirst,0,4993223,518400
599,2,AcFirst,2,2528375,259200
599,3,AcFirst,1,2512696,259200
599,4,AcFirst,0,4490384,518400
599,5,AcRefine,0,82763989,518400
599,6,DcRefine,-1,54166609,259200
599,7,AcRefine,2,17243320,259200
599,8,AcRefine,1,12315170,259200
599,9,AcRefine,0,119599273,518400
600,0,DcFirst,-1,144812885,259200
600,1,AcFirst,0,11678170,518400
600,2,AcFirst,2,6067940,259200
600,3,AcFirst,1,5877893,259200
600,4,AcFirst,0,11485796,518400
600,5,AcRefine,0,90339487,518400
600,6,DcRefine,-1,117568052,259200
600,7,AcRefine,2,19887998,259200
600,8,AcRefine,1,16066096,259200
600,9,AcRefine,0,125123558,518400
601,0,DcFirst,-1,143348250,259200
601,1,AcFirst,0,11455391,518400
601,2,AcFirst,2,6016073,259200
601,3,AcFirst,1,5817966,259200
601,4,AcFirst,0,11417123,518400
601,5,AcRefine,0,89337952,518400
601,6,DcRefine,-1,117293823,259200
601,7,AcRefine,2,20331031,259200
601,8,AcRefine,1,16021971,259200
601,9,AcRefine,0,125942838,518400
602,0,DcFirst,-1,143448112,259200
602,1,AcFirst,0,11938140,518400
602,2,AcFirst,2,6165768,259200
602,3,AcFirst,1,5884949,259200
602,4,AcFirst,0,11533399,518400
602,5,AcRefine,0,90162474,518400
602,6,DcRefine,-1,120266752,259200
602,7,AcRefine,2,19981490,259200
602,8,AcRefine,1,15546132,259200
602,9,AcRefine,0,124817823,518400
603,0,DcFirst,-1,143083087,259200
603,1,AcFirst,0,11468254,518400
603,2,AcFirst,2,6014211,259200
603,3,AcFirst,1,5917803,259200
603,4,AcFirst,0,11527127,518400
603,5,AcRefine,0,89509403,518400
603,6,DcRefine,-1,117094222,259200
603,7,AcRefine,2,20001506,259200
603,8,AcRefine,1,15760703,259200
603,9,AcRefine,0,125711092,518400
604,0,DcFirst,-1,143617285,259200
604,1,AcFirst,0,11697574,518400
604,2,AcFirst,2,6169492,259200
604,3,AcFirst,1,5912658,259200
604,4,AcFirst,0,11642914,518400
604,5,AcRefine,0,89310463,518400
604,6,DcRefine,-1,117882926,259200
604,7,AcRefine,2,20187706,259200
604,8,AcRefine,1,15697836,259200
604,9,AcRefine,0,125937497,518400
605,0,DcFirst,-1,143075982,259200
605,1,AcFirst,0,11508753,518400
605,2,AcFirst,2,6071737,259200
605,3,AcFirst,1,6067817,259200
605,4,AcFirst,0,12018377,518400
605,5,AcRefine,0,90872950,518400
605,6,DcRefine,-1,108114996,259200
605,7,AcRefine,2,19740483,259200
605,8,AcRefine,1,15598391,259200
605,9,AcRefine,0,125172901,518400
606,0,DcFirst,-1,143963568,259200
606,1,AcFirst,0,11703111,518400
606,2,AcFirst,2,6096163,259200
606,3,AcFirst,1,5935542,259200
606,4,AcFirst,0,11517695,518400
606,5,AcRefine,0,89716379,518400
606,6,DcRefine,-1,115596096,259200
606,7,AcRefine,2,19857887,259200
606,8,AcRefine,1,15763814,259200
606,9,AcRefine,0,126311710,518400
607,0,DcFirst,-1,143845993,259200
607,1,AcFirst,0,11750298,518400
607,2,AcFirst,2,6241718,259200
607,3,AcFirst,1,6035599,259200
607,4,AcFirst,0,11671727,518400
607,5,AcRefine,0,90136872,518400
607,6,DcRefine,-1,111198248,259200
607,7,AcRefine,2,19944739,259200
607,8,AcRefine,1,15770479,259200
607,9,AcRefine,0,125337296,518400
608,0,DcFirst,-1,141480346,259200
608,1,AcFirst,0,11581444,518400
608,2,AcFirst,2,6012349,259200
608,3,AcFirst,1,5954529,259200
608,4,AcFirst,0,11464506,518400
608,5,AcRefine,0,89452807,518400
608,6,DcRefine,-1,119172876,259200
608,7,AcRefine,2,20779234,259200
608,8,AcRefine,1,15643887,259200
608,9,AcRefine,0,126783629,518400
609,0,DcFirst,-1,144172577,259200
609,1,AcFirst,0,12399352,518400
609,2,AcFirst,2,6067548,259200
609,3,AcFirst,1,5894823,259200
609,4,AcFirst,0,11556870,518400
609,5,AcRefine,0,92409541,518400
609,6,DcRefine,-1,115669449,259200
609,7,AcRefine,2,19848283,259200
609,8,AcRefine,1,15775869,259200
609,9,AcRefine,0,135416694,518400
610,0,DcFirst,-1,145038873,259200
610,1,AcFirst,0,11495816,518400
610,2,AcFirst,2,5980156,259200
610,3,AcFirst,1,5857901,259200
610,4,AcFirst,0,11650681,518400
610,5,AcRefine,0,89713904,518400
610,6,DcRefine,-1,116069093,259200
610,7,AcRefine,2,19944078,259200
610,8,AcRefine,1,15800124,259200
610,9,AcRefine,0,125788660,518400
611,0,DcFirst,-1,144220622,259200
611,1,AcFirst,0,15984290,518400
611,2,AcFirst,2,9253822,259200
611,3,AcFirst,1,9190979,259200
611,4,AcFirst,0,17563266,518400
611,5,AcRefine,0,127792122,518400
611,6,DcRefine,-1,105394100,259200
611,7,AcRefine,2,19904927,259200
611,8,AcRefine,1,15668607,259200
611,9,AcRefine,0,127630863,518400
612,0,DcFirst,-1,144020751,259200
612,1,AcFirst,0,11871965,518400
612,2,AcFirst,2,6138598,259200
612,3,AcFirst,1,6064387,259200
612,4,AcFirst,0,11576740,518400
612,5,AcRefine,0,89271899,518400
612,6,DcRefine,-1,118929786,259200
612,7,AcRefine,2,20058566,259200
612,8,AcRefine,1,15793141,259200
612,9,AcRefine,0,125773592,518400
613,0,DcFirst,-1,145350587,259200
613,1,AcFirst,0,11790355,518400
613,2,AcFirst,2,6125319,259200
613,3,AcFirst,1,5901976,259200
613,4,AcFirst,0,11731997,518400
613,5,AcRefine,0,89728261,518400
613,6,DcRefine,-1,108202216,259200
613,7,AcRefine,2,19767262,259200
613,8,AcRefine,1,15641339,259200
613,9,AcRefine,0,125159230,518400
614,0,DcFirst,-1,144646187,259200
614,1,AcFirst,0,11711686,518400
614,2,AcFirst,2,5948821,259200
614,3,AcFirst,1,5834871,259200
614,4,AcFirst,0,11371847,518400
614,5,AcRefine,0,89318596,518400
614,6,DcRefine,-1,119985761,259200
614,7,AcRefine,2,19946479,259200
614,8,AcRefine,1,15869900,259200
614,9,AcRefine,0,125652341,518400
615,0,DcFirst,-1,142203806,259200
615,1,AcFirst,0,11601681,518400
615,2,AcFirst,2,6064387,259200
615,3,AcFirst,1,5987163,259200
615,4,AcFirst,0,12587904,518400
615,5,AcRefine,0,90408111,518400
615,6,DcRefine,-1,108824321,259200
615,7,AcRefine,2,19860484,259200
615,8,AcRefine,1,16298306,259200
615,9,AcRefine,0,125645433,518400
616,0,DcFirst,-1,143105823,259200
616,1,AcFirst,0,11557851,518400
616,2,AcFirst,2,6000760,259200
616,3,AcFirst,1,6237161,259200
616,4,AcFirst,0,11524334,518400
616,5,AcRefine,0,90007855,518400
616,6,DcRefine,-1,116244709,259200
616,7,AcRefine,2,20047958,259200
616,8,AcRefine,1,15819307,259200
616,9,AcRefine,0,128031586,518400
617,0,DcFirst,-1,142840169,259200
617,1,AcFirst,0,11995984,518400
617,2,AcFirst,2,6185221,259200
617,3,AcFirst,1,5911213,259200
617,4,AcFirst,0,11338625,518400
617,5,AcRefine,0,91229106,518400
617,6,DcRefine,-1,108865015,259200
617,7,AcRefine,2,19788233,259200
617,8,AcRefine,1,15665692,259200
617,9,AcRefine,0,126094910,518400
618,0,DcFirst,-1,143205905,259200
618,1,AcFirst,0,11475114,518400
618,2,AcFirst,2,6633106,259200
618,3,AcFirst,1,5834724,259200
618,4,AcFirst,0,11468622,518400
618,5,AcRefine,0,89417822,518400
618,6,DcRefine,-1,114880549,259200
618,7,AcRefine,2,19779977,259200
618,8,AcRefine,1,15636562,259200
618,9,AcRefine,0,125824185,518400
619,0,DcFirst,-1,144080531,259200
619,1,AcFirst,0,11895950,518400
619,2,AcFirst,2,5963178,259200
619,3,AcFirst,1,5898106,259200
619,4,AcFirst,0,11355260,518400
619,5,AcRefine,0,89403465,518400
619,6,DcRefine,-1,118518823,259200
619,7,AcRefine,2,19858132,259200
619,8,AcRefine,1,15778931,259200
619,9,AcRefine,0,156363827,518400
620,0,DcFirst,-1,122625856,259200
620,1,AcFirst,0,18090065,518400
620,2,AcFirst,2,8782907,259200
620,3,AcFirst,1,8401957,259200
620,4,AcFirst,0,16804844,518400
620,5,AcRefine,0,159945751,518400
620,6,DcRefine,-1,94329067,259200
620,7,AcRefine,2,34894321,259200
620,8,AcRefine,1,25466868,259200
620,9,AcRefine,0,230464346,518400
621,0,DcFirst,-1,123757070,259200
621,1,AcFirst,0,17913836,518400
621,2,AcFirst,2,9105964,259200
621,3,AcFirst,1,9004338,259200
621,4,AcFirst,0,17323950,518400
621,5,AcRefine,0,167264244,518400
621,6,DcRefine,-1,95246543,259200
621,7,AcRefine,2,36171236,259200
621,8,AcRefine,1,27684412,259200
621,9,AcRefine,0,230226427,518400
622,0,DcFirst,-1,124302833,259200
622,1,AcFirst,0,17863881,518400
622,2,AcFirst,2,9043709,259200
622,3,AcFirst,1,9013991,259200
622,4,AcFirst,0,17346318,518400
622,5,AcRefine,0,166823807,518400
622,6,DcRefine,-1,93640347,259200
622,7,AcRefine,2,20840974,259200
622,8,AcRefine,1,15863480,259200
622,9,AcRefine,0,126400988,518400
623,0,DcFirst,-1,130940912,259200
623,1,AcFirst,0,11691229,518400
623,2,AcFirst,2,6452737,259200
623,3,AcFirst,1,6297823,259200
623,4,AcFirst,0,11717003,518400
623,5,AcRefine,0,89670882,518400
623,6,DcRefine,-1,116210311,259200
623,7,AcRefine,2,19789532,259200
623,8,AcRefine,1,15823692,259200
623,9,AcRefine,0,125316152,518400
624,0,DcFirst,-1,144106452,259200
624,1,AcFirst,0,11498805,518400
624,2,AcFirst,2,6042019,259200
624,3,AcFirst,1,5887644,259200
624,4,AcFirst,0,11479157,518400
624,5,AcRefine,0,90103356,518400
624,6,DcRefine,-1,119697298,259200
624,7,AcRefine,2,19776841,259200
624,8,AcRefine,1,15714668,259200
624,9,AcRefine,0,125842339,518400
625,0,DcFirst,-1,143640756,259200
625,1,AcFirst,0,11609276,518400
625,2,AcFirst,2,6015044,259200
625,3,AcFirst,1,5955411,259200
625,4,AcFirst,0,11985571,518400
625,5,AcRefine,0,89658877,518400
625,6,DcRefine,-1,116472094,259200
625,7,AcRefine,2,19828071,259200
625,8,AcRefine,1,15840818,259200
625,9,AcRefine,0,127205862,518400
626,0,DcFirst,-1,143442625,259200
626,1,AcFirst,0,11629758,518400
626,2,AcFirst,2,5992479,259200
626,3,AcFirst,1,5832715,259200
626,4,AcFirst,0,11249641,518400
626,5,AcRefine,0,89540150,518400
626,6,DcRefine,-1,117961865,259200
626,7,AcRefine,2,19777086,259200
626,8,AcRefine,1,15693793,259200
626,9,AcRefine,0,125835406,518400
627,0,DcFirst,-1,144026802,259200
627,1,AcFirst,0,11545478,518400
627,2,AcFirst,2,6124559,259200
627,3,AcFirst,1,5865031,259200
627,4,AcFirst,0,11324292,518400
627,5,AcRefine,0,89576165,518400
627,6,DcRefine,-1,118245183,259200
627,7,AcRefine,2,19958999,259200
627,8,AcRefine,1,15729172,259200
627,9,AcRefine,0,181361691,518400
628,0,DcFirst,-1,139801949,259200
628,1,AcFirst,0,11492313,518400
628,2,AcFirst,2,6040034,259200
628,3,AcFirst,1,5854569,259200
628,4,AcFirst,0,11364570,518400
628,5,AcRefine,0,93567362,518400
628,6,DcRefine,-1,118155047,259200
628,7,AcRefine,2,19889860,259200
628,8,AcRefine,1,17079856,259200
628,9,AcRefine,0,125862405,518400
629,0,DcFirst,-1,143382771,259200
629,1,AcFirst,0,11612216,518400
629,2,AcFirst,2,6146805,259200
629,3,AcFirst,1,5908518,259200
629,4,AcFirst,0,11432680,518400
629,5,AcRefine,0,89665884,518400
629,6,DcRefine,-1,119770357,259200
629,7,AcRefine,2,19970856,259200
629,8,AcRefine,1,15838417,259200
629,9,AcRefine,0,125396513,518400
630,0,DcFirst,-1,146352489,259200
630,1,AcFirst,0,11894431,518400
630,2,AcFirst,2,6464129,259200
630,3,AcFirst,1,6072570,259200
630,4,AcFirst,0,11356166,518400
630,5,AcRefine,0,90001558,518400
630,6,DcRefine,-1,110351160,259200
630,7,AcRefine,2,20016892,259200
630,8,AcRefine,1,15846208,259200
630,9,AcRefine,0,125532855,518400
631,0,DcFirst,-1,145960465,259200
631,1,AcFirst,0,11555548,518400
631,2,AcFirst,2,6422087,259200
631,3,AcFirst,1,5974913,259200
631,4,AcFirst,0,11399874,518400
631,5,AcRefine,0,89520526,518400
631,6,DcRefine,-1,115358152,259200
631,7,AcRefine,2,19925899,259200
631,8,AcRefine,1,15906870,259200
631,9,AcRefine,0,126845932,518400
632,0,DcFirst,-1,146326177,259200
632,1,AcFirst,0,11624932,518400
632,2,AcFirst,2,6106135,259200
632,3,AcFirst,1,5920915,259200
632,4,AcFirst,0,11545993,518400
632,5,AcRefine,0,89440386,518400
632,6,DcRefine,-1,118685203,259200
632,7,AcRefine,2,19929770,259200
632,8,AcRefine,1,15760948,259200
632,9,AcRefine,0,125616033,518400
633,0,DcFirst,-1,146397815,259200
633,1,AcFirst,0,11749489,518400
633,2,AcFirst,2,6100917,259200
633,3,AcFirst,1,5940246,259200
633,4,AcFirst,0,11547438,518400
633,5,AcRefine,0,89460843,518400
633,6,DcRefine,-1,117488133,259200
633,7,AcRefine,2,19765473,259200
633,8,AcRefine,1,15567422,259200
633,9,AcRefine,0,126231179,518400
634,0,DcFirst,-1,144517660,259200
634,1,AcFirst,0,11489691,518400
634,2,AcFirst,2,6476452,259200
634,3,AcFirst,1,5926035,259200
634,4,AcFirst,0,11325615,518400
634,5,AcRefine,0,89719147,518400
634,6,DcRefine,-1,117497198,259200
634,7,AcRefine,2,19879961,259200
634,8,AcRefine,1,15931174,259200
634,9,AcRefine,0,125793167,518400
635,0,DcFirst,-1,145635277,259200
635,1,AcFirst,0,11623633,518400
635,2,AcFirst,2,6068209,259200
635,3,AcFirst,1,5921871,259200
635,4,AcFirst,0,11470655,518400
635,5,AcRefine,0,89465254,518400
635,6,DcRefine,-1,118967394,259200
635,7,AcRefine,2,20129837,259200
635,8,AcRefine,1,15718269,259200
635,9,AcRefine,0,125500687,518400
636,0,DcFirst,-1,146940612,259200
636,1,AcFirst,0,11706223,518400
636,2,AcFirst,2,6033590,259200
636,3,AcFirst,1,5931156,259200
636,4,AcFirst,0,11409013,518400
636,5,AcRefine,0,89832901,518400
636,6,DcRefine,-1,115540457,259200
636,7,AcRefine,2,19878908,259200
636,8,AcRefine,1,15783659,259200
636,9,AcRefine,0,125534668,518400
637,0,DcFirst,-1,144852697,259200
637,1,AcFirst,0,11557826,518400
637,2,AcFirst,2,5982165,259200
637,3,AcFirst,1,6021561,259200
637,4,AcFirst,0,11740547,518400
637,5,AcRefine,0,89469369,518400
637,6,DcRefine,-1,119445536,259200
637,7,AcRefine,2,19873959,259200
637,8,AcRefine,1,15694235,259200
637,9,AcRefine,0,125521438,518400
638,0,DcFirst,-1,145601025,259200
638,1,AcFirst,0,11960238,518400
638,2,AcFirst,2,6145506,259200
638,3,AcFirst,1,5909694,259200
638,4,AcFirst,0,11486212,518400
638,5,AcRefine,0,91651021,518400
638,6,DcRefine,-1,117992588,259200
638,7,AcRefine,2,19739234,259200
638,8,AcRefine,1,15643054,259200
638,9,AcRefine,0,125644624,518400
639,0,DcFirst,-1,146037052,259200
639,1,AcFirst,0,11638774,518400
639,2,AcFirst,2,6024232,259200
639,3,AcFirst,1,6032145,259200
639,4,AcFirst,0,11563069,518400
639,5,AcRefine,0,89687248,518400
639,6,DcRefine,-1,117044634,259200
639,7,AcRefine,2,19856466,259200
639,8,AcRefine,1,15953665,259200
639,9,AcRefine,0,125329701,518400
640,0,DcFirst,-1,145557440,259200
640,1,AcFirst,0,11568606,518400
640,2,AcFirst,2,5966632,259200
640,3,AcFirst,1,5854814,259200
640,4,AcFirst,0,11339286,518400
640,5,AcRefine,0,89549975,518400
640,6,DcRefine,-1,116375808,259200
640,7,AcRefine,2,19642164,259200
640,8,AcRefine,1,15604197,259200
640,9,AcRefine,0,125698279,518400
641,0,DcFirst,-1,145251901,259200
641,1,AcFirst,0,11669913,518400
641,2,AcFirst,2,6061202,259200
641,3,AcFirst,1,6185074,259200
641,4,AcFirst,0,11401835,518400
641,5,AcRefine,0,89788800,518400
641,6,DcRefine,-1,115310230,259200
641,7,AcRefine,2,19812929,259200
641,8,AcRefine,1,15760801,259200
641,9,AcRefine,0,125604468,518400
642,0,DcFirst,-1,145662227,259200
642,1,AcFirst,0,11752552,518400
642,2,AcFirst,2,6045399,259200
642,3,AcFirst,1,5929612,259200
642,4,AcFirst,0,11547781,518400
642,5,AcRefine,0,92700331,518400
642,6,DcRefine,-1,114153438,259200
642,7,AcRefine,2,19906250,259200
642,8,AcRefine,1,15750437,259200
642,9,AcRefine,0,126679529,518400
643,0,DcFirst,-1,145070698,259200
643,1,AcFirst,0,12079113,518400
643,2,AcFirst,2,6039813,259200
643,3,AcFirst,1,5969180,259200
643,4,AcFirst,0,11439932,518400
643,5,AcRefine,0,89404861,518400
643,6,DcRefine,-1,120695085,259200
643,7,AcRefine,2,36099550,259200
643,8,AcRefine,1,20047517,259200
643,9,AcRefine,0,127587988,518400
644,0,DcFirst,-1,141631658,259200
644,1,AcFirst,0,11626230,518400
644,2,AcFirst,2,6153224,259200
644,3,AcFirst,1,5920033,259200
644,4,AcFirst,0,11321328,518400
644,5,AcRefine,0,93463482,518400
644,6,DcRefine,-1,117664043,259200
644,7,AcRefine,2,19899022,259200
644,8,AcRefine,1,15606083,259200
644,9,AcRefine,0,125334724,518400
645,0,DcFirst,-1,145329198,259200
645,1,AcFirst,0,11586295,518400
645,2,AcFirst,2,6049123,259200
645,3,AcFirst,1,5978319,259200
645,4,AcFirst,0,11423002,518400
645,5,AcRefine,0,89295861,518400
645,6,DcRefine,-1,117148416,259200
645,7,AcRefine,2,19877218,259200
645,8,AcRefine,1,16366956,259200
645,9,AcRefine,0,125415010,518400
646,0,DcFirst,-1,145625428,259200
646,1,AcFirst,0,11620350,518400
646,2,AcFirst,2,6148422,259200
646,3,AcFirst,1,5936301,259200
646,4,AcFirst,0,11390687,518400
646,5,AcRefine,0,89616051,518400
646,6,DcRefine,-1,113038835,259200
646,7,AcRefine,2,19835568,259200
646,8,AcRefine,1,17250719,259200
646,9,AcRefine,0,125354617,518400
647,0,DcFirst,-1,145242076,259200
647,1,AcFirst,0,11667831,518400
647,2,AcFirst,2,6144135,259200
647,3,AcFirst,1,5861282,259200
647,4,AcFirst,0,11360062,518400
647,5,AcRefine,0,89511411,518400
647,6,DcRefine,-1,111309650,259200
647,7,AcRefine,2,19883220,259200
647,8,AcRefine,1,15936417,259200
647,9,AcRefine,0,125894842,518400
648,0,DcFirst,-1,145411200,259200
648,1,AcFirst,0,11791752,518400
648,2,AcFirst,2,6115053,259200
648,3,AcFirst,1,6029768,259200
648,4,AcFirst,0,11531685,518400
648,5,AcRefine,0,90281202,518400
648,6,DcRefine,-1,110415449,259200
648,7,AcRefine,2,19938296,259200
648,8,AcRefine,1,15898173,259200
648,9,AcRefine,0,125631075,518400
649,0,DcFirst,-1,145438395,259200
649,1,AcFirst,0,11820858,518400
649,2,AcFirst,2,6193771,259200
649,3,AcFirst,1,5939486,259200
649,4,AcFirst,0,11519728,518400
649,5,AcRefine,0,89551126,518400
649,6,DcRefine,-1,108940083,259200
649,7,AcRefine,2,20086252,259200
649,8,AcRefine,1,15967116,259200
649,9,AcRefine,0,126493108,518400
650,0,DcFirst,-1,146547216,259200
650,1,AcFirst,0,11848494,518400
650,2,AcFirst,2,6219031,259200
650,3,AcFirst,1,6099789,259200
650,4,AcFirst,0,11565739,518400
650,5,AcRefine,0,90094855,518400
650,6,DcRefine,-1,102985187,259200
650,7,AcRefine,2,19998664,259200
650,8,AcRefine,1,15657117,259200
650,9,AcRefine,0,125555395,518400
651,0,DcFirst,-1,133431189,259200
651,1,AcFirst,0,11590264,518400
651,2,AcFirst,2,6040156,259200
651,3,AcFirst,1,6010364,259200
651,4,AcFirst,0,11851973,518400
651,5,AcRefine,0,89474858,518400
651,6,DcRefine,-1,118833183,259200
651,7,AcRefine,2,19906397,259200
651,8,AcRefine,1,15950039,259200
651,9,AcRefine,0,125865222,518400
652,0,DcFirst,-1,140083331,259200
652,1,AcFirst,0,11548491,518400
652,2,AcFirst,2,6060344,259200
652,3,AcFirst,1,5891956,259200
652,4,AcFirst,0,11446351,518400
652,5,AcRefine,0,89924065,518400
652,6,DcRefine,-1,113623405,259200
652,7,AcRefine,2,19882093,259200
652,8,AcRefine,1,15848731,259200
652,9,AcRefine,0,125995244,518400
653,0,DcFirst,-1,145932119,259200
653,1,AcFirst,0,11560570,518400
653,2,AcFirst,2,6076662,259200
653,3,AcFirst,1,5883994,259200
653,4,AcFirst,0,11398649,518400
653,5,AcRefine,0,89726179,518400
653,6,DcRefine,-1,116981448,259200
653,7,AcRefine,2,20343159,259200
653,8,AcRefine,1,17244252,259200
653,9,AcRefine,0,125768888,518400
654,0,DcFirst,-1,144811219,259200
654,1,AcFirst,0,11761788,518400
654,2,AcFirst,2,6047947,259200
654,3,AcFirst,1,5895925,259200
654,4,AcFirst,0,11417759,518400
654,5,AcRefine,0,89522289,518400
654,6,DcRefine,-1,118588673,259200
654,7,AcRefine,2,20022846,259200
654,8,AcRefine,1,15897291,259200
654,9,AcRefine,0,125429416,518400
655,0,DcFirst,-1,145943560,259200
655,1,AcFirst,0,11564906,518400
655,2,AcFirst,2,6033664,259200
655,3,AcFirst,1,5969817,259200
655,4,AcFirst,0,11329976,518400
655,5,AcRefine,0,89785371,518400
655,6,DcRefine,-1,118587375,259200
655,7,AcRefine,2,19806853,259200
655,8,AcRefine,1,15710723,259200
655,9,AcRefine,0,125617110,518400
656,0,DcFirst,-1,132846056,259200
656,1,AcFirst,0,11507527,518400
656,2,AcFirst,2,6009923,259200
656,3,AcFirst,1,5888894,259200
656,4,AcFirst,0,11477956,518400
656,5,AcRefine,0,90262214,518400
656,6,DcRefine,-1,110235349,259200
656,7,AcRefine,2,19850561,259200
656,8,AcRefine,1,15674904,259200
656,9,AcRefine,0,129319110,518400
657,0,DcFirst,-1,146239226,259200
657,1,AcFirst,0,11605748,518400
657,2,AcFirst,2,5974447,259200
657,3,AcFirst,1,5882205,259200
657,4,AcFirst,0,11380519,518400
657,5,AcRefine,0,89411427,518400
657,6,DcRefine,-1,116406287,259200
657,7,AcRefine,2,19945156,259200
657,8,AcRefine,1,15733189,259200
657,9,AcRefine,0,125518131,518400
658,0,DcFirst,-1,145628196,259200
658,1,AcFirst,0,11575785,518400
658,2,AcFirst,2,6056939,259200
658,3,AcFirst,1,5863119,259200
658,4,AcFirst,0,11386718,518400
658,5,AcRefine,0,89348217,518400
658,6,DcRefine,-1,118010743,259200
658,7,AcRefine,2,19766723,259200
658,8,AcRefine,1,15744950,259200
658,9,AcRefine,0,125391245,518400
659,0,DcFirst,-1,146095289,259200
659,1,AcFirst,0,11654748,518400
659,2,AcFirst,2,5985987,259200
659,3,AcFirst,1,5935836,259200
659,4,AcFirst,0,11417343,518400
659,5,AcRefine,0,89920415,518400
659,6,DcRefine,-1,118674031,259200
659,7,AcRefine,2,19653214,259200
659,8,AcRefine,1,15853166,259200
659,9,AcRefine,0,125992524,518400
660,0,DcFirst,-1,61229322,259200
660,1,AcFirst,0,9599713,518400
660,2,AcFirst,2,4912569,259200
660,3,AcFirst,1,4889416,259200
660,4,AcFirst,0,9051623,518400
660,5,AcRefine,0,107830478,518400
660,6,DcRefine,-1,54933533,259200
660,7,AcRefine,2,16743447,259200
660,8,AcRefine,1,12404301,259200
660,9,AcRefine,0,119217343,518400
661,0,DcFirst,-1,53869424,259200
661,1,AcFirst,0,5051214,518400
661,2,AcFirst,2,2493904,259200
661,3,AcFirst,1,2517032,259200
661,4,AcFirst,0,4579295,518400
661,5,AcRefine,0,82438237,518400
661,6,DcRefine,-1,53430482,259200
661,7,AcRefine,2,16680801,259200
661,8,AcRefine,1,12306865,259200
661,9,AcRefine,0,120862150,518400
662,0,DcFirst,-1,52929800,259200
662,1,AcFirst,0,4959461,518400
662,2,AcFirst,2,2509535,259200
662,3,AcFirst,1,2510564,259200
662,4,AcFirst,0,4465125,518400
662,5,AcRefine,0,82788171,518400
662,6,DcRefine,-1,54004174,259200
662,7,AcRefine,2,16962208,259200
662,8,AcRefine,1,12449308,259200
662,9,AcRefine,0,118591466,518400
663,0,DcFirst,-1,53196703,259200
663,1,AcFirst,0,4920506,518400
663,2,AcFirst,2,2512059,259200
663,3,AcFirst,1,2509021,259200
663,4,AcFirst,0,4488326,518400
663,5,AcRefine,0,83050982,518400
663,6,DcRefine,-1,53260746,259200
663,7,AcRefine,2,16502734,259200
663,8,AcRefine,1,12327444,259200
663,9,AcRefine,0,118439468,518400
664,0,DcFirst,-1,53044436,259200
664,1,AcFirst,0,4968257,518400
664,2,AcFirst,2,2501548,259200
664,3,AcFirst,1,2513038,259200
664,4,AcFirst,0,4522136,518400
664,5,AcRefine,0,82552358,518400
664,6,DcRefine,-1,53114530,259200
664,7,AcRefine,2,16402676,259200
664,8,AcRefine,1,12306276,259200
664,9,AcRefine,0,119364661,518400
665,0,DcFirst,-1,52769031,259200
665,1,AcFirst,0,4917763,518400
665,2,AcFirst,2,2497677,259200
665,3,AcFirst,1,2512328,259200
665,4,AcFirst,0,4479457,518400
665,5,AcRefine,0,83187888,518400
665,6,DcRefine,-1,53822017,259200
665,7,AcRefine,2,16781324,259200
665,8,AcRefine,1,12395187,259200
665,9,AcRefine,0,119951461,518400
666,0,DcFirst,-1,54073803,259200
666,1,AcFirst,0,4917959,518400
666,2,AcFirst,2,2558902,259200
666,3,AcFirst,1,2511617,259200
666,4,AcFirst,0,4515399,518400
666,5,AcRefine,0,84173719,518400
666,6,DcRefine,-1,54722000,259200
666,7,AcRefine,2,17026471,259200
666,8,AcRefine,1,12435171,259200
666,9,AcRefine,0,119433482,518400
667,0,DcFirst,-1,52521116,259200
667,1,AcFirst,0,4937901,518400
667,2,AcFirst,2,2480478,259200
667,3,AcFirst,1,2682799,259200
667,4,AcFirst,0,4539139,518400
667,5,AcRefine,0,82996764,518400
667,6,DcRefine,-1,53408946,259200
667,7,AcRefine,2,16528435,259200
667,8,AcRefine,1,12425322,259200
667,9,AcRefine,0,119176012,518400
668,0,DcFirst,-1,52773123,259200
668,1,AcFirst,0,5119691,518400
668,2,AcFirst,2,2489470,259200
668,3,AcFirst,1,2521613,259200
668,4,AcFirst,0,4501899,518400
668,5,AcRefine,0,82841213,518400
668,6,DcRefine,-1,54024803,259200
668,7,AcRefine,2,17023997,259200
668,8,AcRefine,1,12460430,259200
668,9,AcRefine,0,118828332,518400
669,0,DcFirst,-1,53445256,259200
669,1,AcFirst,0,4930551,518400
669,2,AcFirst,2,2540871,259200
669,3,AcFirst,1,2517718,259200
669,4,AcFirst,0,4502487,518400
669,5,AcRefine,0,82637765,518400
669,6,DcRefine,-1,55944549,259200
669,7,AcRefine,2,16907866,259200
669,8,AcRefine,1,12466360,259200
669,9,AcRefine,0,118838842,518400
670,0,DcFirst,-1,52694527,259200
670,1,AcFirst,0,4913426,518400
670,2,AcFirst,2,2512156,259200
670,3,AcFirst,1,2591635,259200
670,4,AcFirst,0,4508907,518400
670,5,AcRefine,0,83413263,518400
670,6,DcRefine,-1,53106935,259200
670,7,AcRefine,2,16682295,259200
670,8,AcRefine,1,12669514,259200
670,9,AcRefine,0,118814392,518400
671,0,DcFirst,-1,53052178,259200
671,1,AcFirst,0,5198655,518400
671,2,AcFirst,2,2497334,259200
671,3,AcFirst,1,2503533,259200
671,4,AcFirst,0,4480241,518400
671,5,AcRefine,0,83708317,518400
671,6,DcRefine,-1,54176336,259200
671,7,AcRefine,2,16993935,259200
671,8,AcRefine,1,12318110,259200
671,9,AcRefine,0,119544271,518400
672,0,DcFirst,-1,53304822,259200
672,1,AcFirst,0,5015420,518400
672,2,AcFirst,2,2506767,259200
672,3,AcFirst,1,2526563,259200
672,4,AcFirst,0,4533039,518400
672,5,AcRefine,0,82701588,518400
672,6,DcRefine,-1,54542537,259200
672,7,AcRefine,2,17067435,259200
672,8,AcRefine,1,12398642,259200
672,9,AcRefine,0,118691892,518400
673,0,DcFirst,-1,52726915,259200
673,1,AcFirst,0,5056457,518400
673,2,AcFirst,2,2479081,259200
673,3,AcFirst,1,2529233,259200
673,4,AcFirst,0,4447681,518400
673,5,AcRefine,0,82999385,518400
673,6,DcRefine,-1,53386113,259200
673,7,AcRefine,2,16927515,259200
673,8,AcRefine,1,12400724,259200
673,9,AcRefine,0,118848496,518400
674,0,DcFirst,-1,52626784,259200
674,1,AcFirst,0,4978718,518400
674,2,AcFirst,2,2475480,259200
674,3,AcFirst,1,2512769,259200
674,4,AcFirst,0,4552369,518400
674,5,AcRefine,0,82575143,518400
674,6,DcRefine,-1,53995379,259200
674,7,AcRefine,2,16860777,259200
674,8,AcRefine,1,12331659,259200
674,9,AcRefine,0,118667171,518400
675,0,DcFirst,-1,53028805,259200
675,1,AcFirst,0,4918889,518400
675,2,AcFirst,2,2507477,259200
675,3,AcFirst,1,2511960,259200
675,4,AcFirst,0,4482422,518400
675,5,AcRefine,0,82497503,518400
675,6,DcRefine,-1,52986076,259200
675,7,AcRefine,2,16993592,259200
675,8,AcRefine,1,12751588,259200
675,9,AcRefine,0,174315883,518400
676,0,DcFirst,-1,53724335,259200
676,1,AcFirst,0,4924084,518400
676,2,AcFirst,2,2498339,259200
676,3,AcFirst,1,2549837,259200
676,4,AcFirst,0,4539458,518400
676,5,AcRefine,0,83951039,518400
676,6,DcRefine,-1,58018303,259200
676,7,AcRefine,2,17111633,259200
676,8,AcRefine,1,12353733,259200
676,9,AcRefine,0,120077342,518400
677,0,DcFirst,-1,52798161,259200
677,1,AcFirst,0,4921291,518400
677,2,AcFirst,2,2495864,259200
677,3,AcFirst,1,2509388,259200
677,4,AcFirst,0,4491463,518400
677,5,AcRefine,0,83378915,518400
677,6,DcRefine,-1,53242003,259200
677,7,AcRefine,2,16930406,259200
677,8,AcRefine,1,12390655,259200
677,9,AcRefine,0,120244873,518400
678,0,DcFirst,-1,52232898,259200
678,1,AcFirst,0,4925774,518400
678,2,AcFirst,2,2497236,259200
678,3,AcFirst,1,2521736,259200
678,4,AcFirst,0,4507192,518400
678,5,AcRefine,0,82697423,518400
678,6,DcRefine,-1,53651178,259200
678,7,AcRefine,2,16792178,259200
678,8,AcRefine,1,12380413,259200
678,9,AcRefine,0,118493197,518400
679,0,DcFirst,-1,53444961,259200
679,1,AcFirst,0,5022843,518400
679,2,AcFirst,2,2529209,259200
679,3,AcFirst,1,2503141,259200
679,4,AcFirst,0,4495358,518400
679,5,AcRefine,0,83172208,518400
679,6,DcRefine,-1,53508858,259200
679,7,AcRefine,2,17000599,259200
679,8,AcRefine,1,12384579,259200
679,9,AcRefine,0,118973911,518400
680,0,DcFirst,-1,52793874,259200
680,1,AcFirst,0,5039650,518400
680,2,AcFirst,2,2515317,259200
680,3,AcFirst,1,2510637,259200
680,4,AcFirst,0,4476566,518400
680,5,AcRefine,0,82602632,518400
680,6,DcRefine,-1,52777851,259200
680,7,AcRefine,2,16955127,259200
680,8,AcRefine,1,12329111,259200
680,9,AcRefine,0,119660058,518400
681,0,DcFirst,-1,53215568,259200
681,1,AcFirst,0,5017575,518400
681,2,AcFirst,2,2514999,259200
681,3,AcFirst,1,2504292,259200
681,4,AcFirst,0,4493667,518400
681,5,AcRefine,0,82482092,518400
681,6,DcRefine,-1,54335610,259200
681,7,AcRefine,2,16969337,259200
681,8,AcRefine,1,12388793,259200
681,9,AcRefine,0,118608861,518400
682,0,DcFirst,-1,52889400,259200
682,1,AcFirst,0,5069001,518400
682,2,AcFirst,2,2513406,259200
682,3,AcFirst,1,2506424,259200
682,4,AcFirst,0,4511626,518400
682,5,AcRefine,0,82742135,518400
682,6,DcRefine,-1,52771016,259200
682,7,AcRefine,2,17001040,259200
682,8,AcRefine,1,12378600,259200
682,9,AcRefine,0,118751328,518400
683,0,DcFirst,-1,63983391,259200
683,1,AcFirst,0,9780792,518400
683,2,AcFirst,2,4916219,259200
683,3,AcFirst,1,4871482,259200
683,4,AcFirst,0,9046233,518400
683,5,AcRefine,0,105368571,518400
683,6,DcRefine,-1,55022173,259200
683,7,AcRefine,2,17164749,259200
683,8,AcRefine,1,12585944,259200
683,9,AcRefine,0,119656995,518400
684,0,DcFirst,-1,55510458,259200
684,1,AcFirst,0,5005938,518400
684,2,AcFirst,2,2530507,259200
684,3,AcFirst,1,2524235,259200
684,4,AcFirst,0,4507755,518400
684,5,AcRefine,0,82662951,518400
684,6,DcRefine,-1,55108536,259200
684,7,AcRefine,2,16952726,259200
684,8,AcRefine,1,12418094,259200
684,9,AcRefine,0,123933176,518400
685,0,DcFirst,-1,53508245,259200
685,1,AcFirst,0,5201374,518400
685,2,AcFirst,2,2646833,259200
685,3,AcFirst,1,2519090,259200
685,4,AcFirst,0,4504889,518400
685,5,AcRefine,0,82810318,518400
685,6,DcRefine,-1,54272719,259200
685,7,AcRefine,2,17138387,259200
685,8,AcRefine,1,12387102,259200
685,9,AcRefine,0,118720801,518400
686,0,DcFirst,-1,53624963,259200
686,1,AcFirst,0,5000426,518400
686,2,AcFirst,2,2547510,259200
686,3,AcFirst,1,2509731,259200
686,4,AcFirst,0,4573905,518400
686,5,AcRefine,0,82357436,518400
686,6,DcRefine,-1,53786663,259200
686,7,AcRefine,2,16948169,259200
686,8,AcRefine,1,12514330,259200
686,9,AcRefine,0,118499273,518400
687,0,DcFirst,-1,53300191,259200
687,1,AcFirst,0,5014807,518400
687,2,AcFirst,2,2539621,259200
687,3,AcFirst,1,2517253,259200
687,4,AcFirst,0,4523484,518400
687,5,AcRefine,0,82531484,518400
687,6,DcRefine,-1,55178263,259200
687,7,AcRefine,2,16685235,259200
687,8,AcRefine,1,12248750,259200
687,9,AcRefine,0,118852685,518400
688,0,DcFirst,-1,53372295,259200
688,1,AcFirst,0,5012014,518400
688,2,AcFirst,2,2562234,259200
688,3,AcFirst,1,2514239,259200
688,4,AcFirst,0,4566726,518400
688,5,AcRefine,0,83470667,518400
688,6,DcRefine,-1,54554493,259200
688,7,AcRefine,2,17038133,259200
688,8,AcRefine,1,12301425,259200
688,9,AcRefine,0,120085476,518400
689,0,DcFirst,-1,53346790,259200
689,1,AcFirst,0,4934570,518400
689,2,AcFirst,2,2508947,259200
689,3,AcFirst,1,2519996,259200
689,4,AcFirst,0,4477865,518400
689,5,AcRefine,0,83229048,518400
689,6,DcRefine,-1,55344201,259200
689,7,AcRefine,2,17109747,259200
689,8,AcRefine,1,12355227,259200
689,9,AcRefine,0,119188678,518400
690,0,DcFirst,-1,143299324,259200
690,1,AcFirst,0,11501697,518400
690,2,AcFirst,2,5945758,259200
690,3,AcFirst,1,6151435,259200
690,4,AcFirst,0,11402594,518400
690,5,AcRefine,0,89509647,518400
690,6,DcRefine,-1,117629547,259200
690,7,AcRefine,2,19783579,259200
690,8,AcRefine,1,15665079,259200
690,9,AcRefine,0,126257198,518400
691,0,DcFirst,-1,143098277,259200
691,1,AcFirst,0,11521933,518400
691,2,AcFirst,2,5981185,259200
691,3,AcFirst,1,5871719,259200
691,4,AcFirst,0,11369347,518400
691,5,AcRefine,0,89642438,518400
691,6,DcRefine,-1,116848952,259200
691,7,AcRefine,2,19993470,259200
691,8,AcRefine,1,15953959,259200
691,9,AcRefine,0,125730717,518400
692,0,DcFirst,-1,143263922,259200
692,1,AcFirst,0,11606165,518400
692,2,AcFirst,2,5955950,259200
692,3,AcFirst,1,5880123,259200
692,4,AcFirst,0,11306113,518400
692,5,AcRefine,0,89439798,518400
692,6,DcRefine,-1,117319940,259200
692,7,AcRefine,2,21398178,259200
692,8,AcRefine,1,15604564,259200
692,9,AcRefine,0,125038421,518400
693,0,DcFirst,-1,144873964,259200
693,1,AcFirst,0,11468083,518400
693,2,AcFirst,2,6002843,259200
693,3,AcFirst,1,6027392,259200
693,4,AcFirst,0,11526515,518400
693,5,AcRefine,0,89340573,518400
693,6,DcRefine,-1,117047353,259200
693,7,AcRefine,2,19750112,259200
693,8,AcRefine,1,15798041,259200
693,9,AcRefine,0,125514186,518400
694,0,DcFirst,-1,138042187,259200
694,1,AcFirst,0,18240079,518400
694,2,AcFirst,2,9244487,259200
694,3,AcFirst,1,6185613,259200
694,4,AcFirst,0,11495939,518400
694,5,AcRefine,0,89612670,518400
694,6,DcRefine,-1,111497834,259200
694,7,AcRefine,2,19714391,259200
694,8,AcRefine,1,15544343,259200
694,9,AcRefine,0,127200350,518400
695,0,DcFirst,-1,143011302,259200
695,1,AcFirst,0,11449463,518400
695,2,AcFirst,2,6169124,259200
695,3,AcFirst,1,5889041,259200
695,4,AcFirst,0,11491088,518400
695,5,AcRefine,0,89330454,518400
695,6,DcRefine,-1,113481281,259200
695,7,AcRefine,2,19821039,259200
695,8,AcRefine,1,15715868,259200
695,9,AcRefine,0,125333155,518400
696,0,DcFirst,-1,142203439,259200
696,1,AcFirst,0,11637696,518400
696,2,AcFirst,2,6004190,259200
696,3,AcFirst,1,5993950,259200
696,4,AcFirst,0,11407274,518400
696,5,AcRefine,0,89487695,518400
696,6,DcRefine,-1,119007941,259200
696,7,AcRefine,2,19798132,259200
696,8,AcRefine,1,15746861,259200
696,9,AcRefine,0,125645824,518400
697,0,DcFirst,-1,144894911,259200
697,1,AcFirst,0,11762474,518400
697,2,AcFirst,2,6006812,259200
697,3,AcFirst,1,5913663,259200
697,4,AcFirst,0,11388702,518400
697,5,AcRefine,0,89639644,518400
697,6,DcRefine,-1,114797984,259200
697,7,AcRefine,2,19826723,259200
697,8,AcRefine,1,15773982,259200
697,9,AcRefine,0,125524378,518400
698,0,DcFirst,-1,143802627,259200
698,1,AcFirst,0,11595115,518400
698,2,AcFirst,2,6074701,259200
698,3,AcFirst,1,5966901,259200
698,4,AcFirst,0,11436061,518400
698,5,AcRefine,0,89580869,518400
698,6,DcRefine,-1,117885719,259200
698,7,AcRefine,2,20040412,259200
698,8,AcRefine,1,15738653,259200
698,9,AcRefine,0,125862135,518400
699,0,DcFirst,-1,143782979,259200
699,1,AcFirst,0,11539108,518400
699,2,AcFirst,2,5977265,259200
699,3,AcFirst,1,5876913,259200
699,4,AcFirst,0,11444464,518400
699,5,AcRefine,0,90035368,518400
699,6,DcRefine,-1,112210882,259200
699,7,AcRefine,2,19903334,259200
699,8,AcRefine,1,15836457,259200
699,9,AcRefine,0,125863164,518400
700,0,DcFirst,-1,122925688,259200
700,1,AcFirst,0,11736382,518400
700,2,AcFirst,2,6179709,259200
700,3,AcFirst,1,5890878,259200
700,4,AcFirst,0,11447576,518400
700,5,AcRefine,0,89483996,518400
700,6,DcRefine,-1,113451562,259200
700,7,AcRefine,2,19824444,259200
700,8,AcRefine,1,15856865,259200
700,9,AcRefine,0,127779701,518400
701,0,DcFirst,-1,144815604,259200
701,1,AcFirst,0,11469259,518400
701,2,AcFirst,2,5919666,259200
701,3,AcFirst,1,6065269,259200
701,4,AcFirst,0,11366285,518400
701,5,AcRefine,0,89774909,518400
701,6,DcRefine,-1,117489823,259200
701,7,AcRefine,2,19838361,259200
701,8,AcRefine,1,15681323,259200
701,9,AcRefine,0,125175743,518400
702,0,DcFirst,-1,142758095,259200
702,1,AcFirst,0,11606850,518400
702,2,AcFirst,2,6005857,259200
702,3,AcFirst,1,5896170,259200
702,4,AcFirst,0,11386644,518400
702,5,AcRefine,0,90333974,518400
702,6,DcRefine,-1,113577859,259200
702,7,AcRefine,2,20336568,259200
702,8,AcRefine,1,16305730,259200
702,9,AcRefine,0,126100079,518400
703,0,DcFirst,-1,143571690,259200
703,1,AcFirst,0,11461149,518400
703,2,AcFirst,2,5940441,259200
703,3,AcFirst,1,5816863,259200
703,4,AcFirst,0,11391888,518400
703,5,AcRefine,0,89700772,518400
703,6,DcRefine,-1,119104202,259200
703,7,AcRefine,2,19819496,259200
703,8,AcRefine,1,15787702,259200
703,9,AcRefine,0,126522876,518400
704,0,DcFirst,-1,108557491,259200
704,1,AcFirst,0,11451937,518400
704,2,AcFirst,2,5970822,259200
704,3,AcFirst,1,5847121,259200
704,4,AcFirst,0,11612877,518400
704,5,AcRefine,0,91090486,518400
704,6,DcRefine,-1,109585977,259200
704,7,AcRefine,2,21926544,259200
704,8,AcRefine,1,15685978,259200
704,9,AcRefine,0,126813054,518400
705,0,DcFirst,-1,142004646,259200
705,1,AcFirst,0,11599452,518400
705,2,AcFirst,2,6084183,259200
705,3,AcFirst,1,6025261,259200
705,4,AcFirst,0,11298420,518400
705,5,AcRefine,0,90460076,518400
705,6,DcRefine,-1,114941652,259200
705,7,AcRefine,2,19761773,259200
705,8,AcRefine,1,15749041,259200
705,9,AcRefine,0,125949257,518400
706,0,DcFirst,-1,143452988,259200
706,1,AcFirst,0,11648158,518400
706,2,AcFirst,2,5962981,259200
706,3,AcFirst,1,5941348,259200
706,4,AcFirst,0,11342765,518400
706,5,AcRefine,0,89561538,518400
706,6,DcRefine,-1,117181368,259200
706,7,AcRefine,2,20033577,259200
706,8,AcRefine,1,15890480,259200
706,9,AcRefine,0,125462417,518400
707,0,DcFirst,-1,145189033,259200
707,1,AcFirst,0,11517450,518400
707,2,AcFirst,2,6079038,259200
707,3,AcFirst,1,6314361,259200
707,4,AcFirst,0,11419842,518400
707,5,AcRefine,0,89372202,518400
707,6,DcRefine,-1,118353155,259200
707,7,AcRefine,2,19943245,259200
707,8,AcRefine,1,15796694,259200
707,9,AcRefine,0,125117801,518400
708,0,DcFirst,-1,143339749,259200
708,1,AcFirst,0,12369438,518400
708,2,AcFirst,2,6322862,259200
708,3,AcFirst,1,6054023,259200
708,4,AcFirst,0,11575882,518400
708,5,AcRefine,0,89564283,518400
708,6,DcRefine,-1,119545447,259200
708,7,AcRefine,2,19974825,259200
708,8,AcRefine,1,15832365,259200
708,9,AcRefine,0,125459625,518400
709,0,DcFirst,-1,143495398,259200
709,1,AcFirst,0,11610868,518400
709,2,AcFirst,2,6278664,259200
709,3,AcFirst,1,6206806,259200
709,4,AcFirst,0,11513089,518400
709,5,AcRefine,0,89419267,518400
709,6,DcRefine,-1,108722205,259200
709,7,AcRefine,2,19860729,259200
709,8,AcRefine,1,15777314,259200
709,9,AcRefine,0,125318456,518400
710,0,DcFirst,-1,142974086,259200
710,1,AcFirst,0,11529724,518400
710,2,AcFirst,2,6606498,259200
710,3,AcFirst,1,5942671,259200
710,4,AcFirst,0,11307191,518400
710,5,AcRefine,0,89347580,518400
710,6,DcRefine,-1,114705448,259200
710,7,AcRefine,2,19878737,259200
710,8,AcRefine,1,15904763,259200
710,9,AcRefine,0,125381764,518400
711,0,DcFirst,-1,143420403,259200
711,1,AcFirst,0,12121326,518400
711,2,AcFirst,2,6171354,259200
711,3,AcFirst,1,6077813,259200
711,4,AcFirst,0,11360258,518400
711,5,AcRefine,0,147240688,518400
711,6,DcRefine,-1,108840662,259200
711,7,AcRefine,2,19687269,259200
711,8,AcRefine,1,15649669,259200
711,9,AcRefine,0,126505897,518400
712,0,DcFirst,-1,139719408,259200
712,1,AcFirst,0,11524727,518400
712,2,AcFirst,2,6447714,259200
712,3,AcFirst,1,6013476,259200
712,4,AcFirst,0,11352859,518400
712,5,AcRefine,0,90609354,518400
712,6,DcRefine,-1,109401246,259200
712,7,AcRefine,2,19915094,259200
712,8,AcRefine,1,16062396,259200
712,9,AcRefine,0,126252763,518400
713,0,DcFirst,-1,144406896,259200
713,1,AcFirst,0,11504759,518400
713,2,AcFirst,2,6011541,259200
713,3,AcFirst,1,5835998,259200
713,4,AcFirst,0,11349821,518400
713,5,AcRefine,0,89736223,518400
713,6,DcRefine,-1,116348222,259200
713,7,AcRefine,2,19934890,259200
713,8,AcRefine,1,16210817,259200
713,9,AcRefine,0,125321347,518400
714,0,DcFirst,-1,143835237,259200
714,1,AcFirst,0,11559713,518400
714,2,AcFirst,2,5953182,259200
714,3,AcFirst,1,5892740,259200
714,4,AcFirst,0,11431822,518400
714,5,AcRefine,0,89606202,518400
714,6,DcRefine,-1,119394870,259200
714,7,AcRefine,2,19848308,259200
714,8,AcRefine,1,15733410,259200
714,9,AcRefine,0,125403348,518400
715,0,DcFirst,-1,142459219,259200
715,1,AcFirst,0,11522007,518400
715,2,AcFirst,2,5988241,259200
715,3,AcFirst,1,5964672,259200
715,4,AcFirst,0,11460953,518400
715,5,AcRefine,0,89772655,518400
715,6,DcRefine,-1,117532282,259200
715,7,AcRefine,2,19945107,259200
715,8,AcRefine,1,15704475,259200
715,9,AcRefine,0,126450576,518400
716,0,DcFirst,-1,142732174,259200
716,1,AcFirst,0,11564662,518400
716,2,AcFirst,2,6280722,259200
716,3,AcFirst,1,6096678,259200
716,4,AcFirst,0,11702964,518400
716,5,AcRefine,0,90832672,518400
716,6,DcRefine,-1,103851972,259200
716,7,AcRefine,2,19981489,259200
716,8,AcRefine,1,15903538,259200
716,9,AcRefine,0,126471156,518400
717,0,DcFirst,-1,143482633,259200
717,1,AcFirst,0,11539500,518400
717,2,AcFirst,2,6065832,259200
717,3,AcFirst,1,5970576,259200
717,4,AcFirst,0,11374223,518400
717,5,AcRefine,0,137886490,518400
717,6,DcRefine,-1,89186639,259200
717,7,AcRefine,2,19900419,259200
717,8,AcRefine,1,15758719,259200
717,9,AcRefine,0,126262538,518400
718,0,DcFirst,-1,133273581,259200
718,1,AcFirst,0,11616087,518400
718,2,AcFirst,2,6028348,259200
718,3,AcFirst,1,5923879,259200
718,4,AcFirst,0,11386105,518400
718,5,AcRefine,0,90700372,518400
718,6,DcRefine,-1,116029771,259200
718,7,AcRefine,2,19855069,259200
718,8,AcRefine,1,16094858,259200
718,9,AcRefine,0,125593321,518400
719,0,DcFirst,-1,143704358,259200
719,1,AcFirst,0,11563510,518400
719,2,AcFirst,2,6022394,259200
719,3,AcFirst,1,5910258,259200
719,4,AcFirst,0,11433072,518400
719,5,AcRefine,0,89270772,518400
719,6,DcRefine,-1,115093528,259200
719,7,AcRefine,2,19850292,259200
719,8,AcRefine,1,15723169,259200
719,9,AcRefine,0,126580402,518400
720,0,DcFirst,-1,145562805,259200
720,1,AcFirst,0,11556650,518400
720,2,AcFirst,2,6100329,259200
720,3,AcFirst,1,6001299,259200
720,4,AcFirst,0,11431112,518400
720,5,AcRefine,0,89323006,518400
720,6,DcRefine,-1,116284154,259200
720,7,AcRefine,2,19866437,259200
720,8,AcRefine,1,15686223,259200
720,9,AcRefine,0,125023917,518400
721,0,DcFirst,-1,146138555,259200
721,1,AcFirst,0,11883578,518400
721,2,AcFirst,2,6159423,259200
721,3,AcFirst,1,6073207,259200
721,4,AcFirst,0,11722466,518400
721,5,AcRefine,0,90622903,518400
721,6,DcRefine,-1,118182635,259200
721,7,AcRefine,2,19873861,259200
721,8,AcRefine,1,15797379,259200
721,9,AcRefine,0,125440710,518400
722,0,DcFirst,-1,144558355,259200
722,1,AcFirst,0,11555743,518400
722,2,AcFirst,2,6003627,259200
722,3,AcFirst,1,5852242,259200
722,4,AcFirst,0,11340780,518400
722,5,AcRefine,0,89691609,518400
722,6,DcRefine,-1,116217294,259200
722,7,AcRefine,2,19776645,259200
722,8,AcRefine,1,15754480,259200
722,9,AcRefine,0,125277124,518400
723,0,DcFirst,-1,145681410,259200
723,1,AcFirst,0,11609643,518400
723,2,AcFirst,2,6035820,259200
723,3,AcFirst,1,6012055,259200
723,4,AcFirst,0,11519067,518400
723,5,AcRefine,0,90003078,518400
723,6,DcRefine,-1,116411701,259200
723,7,AcRefine,2,19906740,259200
723,8,AcRefine,1,15699992,259200
723,9,AcRefine,0,125839718,518400
724,0,DcFirst,-1,144865952,259200
724,1,AcFirst,0,11845015,518400
724,2,AcFirst,2,6042558,259200
724,3,AcFirst,1,5971973,259200
724,4,AcFirst,0,11286586,518400
724,5,AcRefine,0,89442346,518400
724,6,DcRefine,-1,115618464,259200
724,7,AcRefine,2,19834122,259200
724,8,AcRefine,1,15641118,259200
724,9,AcRefine,0,127368958,518400
725,0,DcFirst,-1,144831015,259200
725,1,AcFirst,0,11765684,518400
725,2,AcFirst,2,6491912,259200
725,3,AcFirst,1,6429854,259200
725,4,AcFirst,0,11443607,518400
725,5,AcRefine,0,90564960,518400
725,6,DcRefine,-1,114821357,259200
725,7,AcRefine,2,19853795,259200
725,8,AcRefine,1,15652046,259200
725,9,AcRefine,0,125450633,518400
726,0,DcFirst,-1,145786442,259200
726,1,AcFirst,0,11545380,518400
726,2,AcFirst,2,6082199,259200
726,3,AcFirst,1,5890559,259200
726,4,AcFirst,0,11503803,518400
726,5,AcRefine,0,89834885,518400
726,6,DcRefine,-1,116772414,259200
726,7,AcRefine,2,19890178,259200
726,8,AcRefine,1,15976180,259200
726,9,AcRefine,0,132065633,518400
727,0,DcFirst,-1,144902727,259200
727,1,AcFirst,0,11846436,518400
727,2,AcFirst,2,6496518,259200
727,3,AcFirst,1,6604784,259200
727,4,AcFirst,0,11505592,518400
727,5,AcRefine,0,90041126,518400
727,6,DcRefine,-1,100848444,259200
727,7,AcRefine,2,19874620,259200
727,8,AcRefine,1,15810046,259200
727,9,AcRefine,0,126722648,518400
728,0,DcFirst,-1,142975140,259200
728,1,AcFirst,0,11565103,518400
728,2,AcFirst,2,6034571,259200
728,3,AcFirst,1,5940001,259200
728,4,AcFirst,0,11545013,518400
728,5,AcRefine,0,89407630,518400
728,6,DcRefine,-1,115072825,259200
728,7,AcRefine,2,19913992,259200
728,8,AcRefine,1,15659640,259200
728,9,AcRefine,0,125835577,518400
729,0,DcFirst,-1,145768949,259200
729,1,AcFirst,0,11729890,518400
729,2,AcFirst,2,6082174,259200
729,3,AcFirst,1,5924027,259200
729,4,AcFirst,0,11522178,518400
729,5,AcRefine,0,89594638,518400
729,6,DcRefine,-1,117694839,259200
729,7,AcRefine,2,19797421,259200
729,8,AcRefine,1,15683038,259200
729,9,AcRefine,0,125747867,518400
730,0,DcFirst,-1,139875228,259200
730,1,AcFirst,0,11659085,518400
730,2,AcFirst,2,6500634,259200
730,3,AcFirst,1,5886787,259200
730,4,AcFirst,0,11357098,518400
730,5,AcRefine,0,89230813,518400
730,6,DcRefine,-1,116549121,259200
730,7,AcRefine,2,19963653,259200
730,8,AcRefine,1,15529203,259200
730,9,AcRefine,0,126009331,518400
731,0,DcFirst,-1,145933343,259200
731,1,AcFirst,0,11623388,518400
731,2,AcFirst,2,6084526,259200
731,3,AcFirst,1,5953721,259200
731,4,AcFirst,0,11500079,518400
731,5,AcRefine,0,89317813,518400
731,6,DcRefine,-1,116763031,259200
731,7,AcRefine,2,19795314,259200
731,8,AcRefine,1,15881366,259200
731,9,AcRefine,0,126045664,518400
732,0,DcFirst,-1,145838504,259200
732,1,AcFirst,0,11855550,518400
732,2,AcFirst,2,6126250,259200
732,3,AcFirst,1,5930127,259200
732,4,AcFirst,0,11580194,518400
732,5,AcRefine,0,89808744,518400
732,6,DcRefine,-1,118940811,259200
732,7,AcRefine,2,19960640,259200
732,8,AcRefine,1,15936245,259200
732,9,AcRefine,0,125274111,518400
733,0,DcFirst,-1,147585721,259200
733,1,AcFirst,0,17522547,518400
733,2,AcFirst,2,9597875,259200
733,3,AcFirst,1,9040182,259200
733,4,AcFirst,0,17165607,518400
733,5,AcRefine,0,118454192,518400
733,6,DcRefine,-1,108130603,259200
733,7,AcRefine,2,19812562,259200
733,8,AcRefine,1,15701560,259200
733,9,AcRefine,0,127622239,518400
734,0,DcFirst,-1,144725934,259200
734,1,AcFirst,0,12470818,518400
734,2,AcFirst,2,6104738,259200
734,3,AcFirst,1,6098809,259200
734,4,AcFirst,0,11481288,518400
734,5,AcRefine,0,89385188,518400
734,6,DcRefine,-1,116138452,259200
734,7,AcRefine,2,20131184,259200
734,8,AcRefine,1,15923358,259200
734,9,AcRefine,0,125935929,518400
735,0,DcFirst,-1,144694942,259200
735,1,AcFirst,0,11551823,518400
735,2,AcFirst,2,6092954,259200
735,3,AcFirst,1,6043611,259200
735,4,AcFirst,0,11444023,518400
735,5,AcRefine,0,91097738,518400
735,6,DcRefine,-1,113505070,259200
735,7,AcRefine,2,19944078,259200
735,8,AcRefine,1,15927866,259200
735,9,AcRefine,0,125310934,518400
736,0,DcFirst,-1,144253476,259200
736,1,AcFirst,0,11908103,518400
736,2,AcFirst,2,6026412,259200
736,3,AcFirst,1,5928804,259200
736,4,AcFirst,0,11319955,518400
736,5,AcRefine,0,89880063,518400
736,6,DcRefine,-1,116731254,259200
736,7,AcRefine,2,19909705,259200
736,8,AcRefine,1,15773712,259200
736,9,AcRefine,0,125458081,518400
737,0,DcFirst,-1,145480412,259200
737,1,AcFirst,0,11669889,518400
737,2,AcFirst,2,6107752,259200
737,3,AcFirst,1,5934855,259200
737,4,AcFirst,0,11374395,518400
737,5,AcRefine,0,89700159,518400
737,6,DcRefine,-1,109937454,259200
737,7,AcRefine,2,19781961,259200
737,8,AcRefine,1,16063645,259200
737,9,AcRefine,0,125731036,518400
738,0,DcFirst,-1,144941290,259200
738,1,AcFirst,0,11805521,518400
738,2,AcFirst,2,6079087,259200
738,3,AcFirst,1,5869808,259200
738,4,AcFirst,0,11369666,518400
738,5,AcRefine,0,89970027,518400
738,6,DcRefine,-1,116755681,259200
738,7,AcRefine,2,20025786,259200
738,8,AcRefine,1,15697370,259200
738,9,AcRefine,0,125304442,518400
739,0,DcFirst,-1,145201920,259200
739,1,AcFirst,0,11543273,518400
739,2,AcFirst,2,5997184,259200
739,3,AcFirst,1,6047555,259200
739,4,AcFirst,0,11546483,518400
739,5,AcRefine,0,89466037,518400
739,6,DcRefine,-1,117028611,259200
739,7,AcRefine,2,19852717,259200
739,8,AcRefine,1,15709057,259200
739,9,AcRefine,0,125086171,518400
740,0,DcFirst,-1,144403613,259200
740,1,AcFirst,0,11698652,518400
740,2,AcFirst,2,6076466,259200
740,3,AcFirst,1,5957690,259200
740,4,AcFirst,0,11483713,518400
740,5,AcRefine,0,89613307,518400
740,6,DcRefine,-1,116552502,259200
740,7,AcRefine,2,19861684,259200
740,8,AcRefine,1,15653736,259200
740,9,AcRefine,0,125870514,518400
741,0,DcFirst,-1,146583941,259200
741,1,AcFirst,0,11527372,518400
741,2,AcFirst,2,6091533,259200
741,3,AcFirst,1,5925496,259200
741,4,AcFirst,0,11422684,518400
741,5,AcRefine,0,89680927,518400
741,6,DcRefine,-1,116970448,259200
741,7,AcRefine,2,20060184,259200
741,8,AcRefine,1,15715255,259200
741,9,AcRefine,0,125833249,518400
742,0,DcFirst,-1,145452604,259200
742,1,AcFirst,0,11607365,518400
742,2,AcFirst,2,6015828,259200
742,3,AcFirst,1,5917779,259200
742,4,AcFirst,0,11386988,518400
742,5,AcRefine,0,90035025,518400
742,6,DcRefine,-1,114273806,259200
742,7,AcRefine,2,19871803,259200
742,8,AcRefine,1,15915102,259200
742,9,AcRefine,0,125670594,518400
743,0,DcFirst,-1,144464397,259200
743,1,AcFirst,0,11784083,518400
743,2,AcFirst,2,6078180,259200
743,3,AcFirst,1,6026461,259200
743,4,AcFirst,0,11728003,518400
743,5,AcRefine,0,91060301,518400
743,6,DcRefine,-1,117885719,259200
743,7,AcRefine,2,19671393,259200
743,8,AcRefine,1,15757273,259200
743,9,AcRefine,0,125510780,518400
744,0,DcFirst,-1,146313289,259200
744,1,AcFirst,0,11658472,518400
744,2,AcFirst,2,6063554,259200
744,3,AcFirst,1,5921724,259200
744,4,AcFirst,0,11406563,518400
744,5,AcRefine,0,89841255,518400
744,6,DcRefine,-1,118834163,259200
744,7,AcRefine,2,19782378,259200
744,8,AcRefine,1,18943669,259200
744,9,AcRefine,0,177993725,518400
745,0,DcFirst,-1,149052487,259200
745,1,AcFirst,0,12092318,518400
745,2,AcFirst,2,6374581,259200
745,3,AcFirst,1,6084992,259200
745,4,AcFirst,0,11570884,518400
745,5,AcRefine,0,90393069,518400
745,6,DcRefine,-1,117116811,259200
745,7,AcRefine,2,19999987,259200
745,8,AcRefine,1,15810021,259200
745,9,AcRefine,0,125411604,518400
746,0,DcFirst,-1,143563998,259200
746,1,AcFirst,0,11590754,518400
746,2,AcFirst,2,6006224,259200
746,3,AcFirst,1,5838375,259200
746,4,AcFirst,0,11369813,518400
746,5,AcRefine,0,89596990,518400
746,6,DcRefine,-1,117577068,259200
746,7,AcRefine,2,19858524,259200
746,8,AcRefine,1,15853803,259200
746,9,AcRefine,0,125627768,518400
747,0,DcFirst,-1,145969187,259200
747,1,AcFirst,0,11771466,518400
747,2,AcFirst,2,6110937,259200
747,3,AcFirst,1,5880563,259200
747,4,AcFirst,0,11461345,518400
747,5,AcRefine,0,90920333,518400
747,6,DcRefine,-1,115440619,259200
747,7,AcRefine,2,19750234,259200
747,8,AcRefine,1,15668216,259200
747,9,AcRefine,0,127012165,518400
748,0,DcFirst,-1,147123309,259200
748,1,AcFirst,0,11740326,518400
748,2,AcFirst,2,6117870,259200
748,3,AcFirst,1,5965040,259200
748,4,AcFirst,0,11408670,518400
748,5,AcRefine,0,90206085,518400
748,6,DcRefine,-1,109996229,259200
748,7,AcRefine,2,19848283,259200
748,8,AcRefine,1,15729784,259200
748,9,AcRefine,0,125225870,518400
749,0,DcFirst,-1,147377079,259200
749,1,AcFirst,0,11643601,518400
749,2,AcFirst,2,6086021,259200
749,3,AcFirst,1,6053190,259200
749,4,AcFirst,0,11552118,518400
749,5,AcRefine,0,89770695,518400
749,6,DcRefine,-1,111457507,259200
749,7,AcRefine,2,19880476,259200
749,8,AcRefine,1,15806273,259200
749,9,AcRefine,0,125867819,518400
